checkType,validation,cohort,fitObjective,model,trimpScale,hrrReference,decayLambda,segmentKm,target,status,alpha,fatigueModel,fatigueCoef,r2,maeMin,mapePct,biasMin
stage3_grid_sensitivity,in_sample,hardTrailRun,activity,Stage 3 HRR speed ratio,5.0,0.65,0.15,1.0,moving_time,computed,0.45,exponential,0.3,0.9669839245348003,23.69784970661876,17.125945047957472,11.652533454843729
stage3_grid_sensitivity,in_sample,top10HardTrailByHRR,activity,Stage 3 HRR speed ratio,5.0,0.65,0.15,1.0,moving_time,computed,0.55,linear,0.4,0.986212999857788,5.564758896526787,6.336354245086148,-1.5015783440310777
stage3_grid_sensitivity,in_sample,selectedDateRaces,activity,Stage 3 HRR speed ratio,5.0,0.65,0.15,1.0,moving_time,computed,0.5,linear,0.4,0.9875572493730266,15.007946601880596,12.210753316292786,8.325265269383213
stage3_grid_sensitivity,in_sample,hardTrailRun,activity,Stage 3 HRR speed ratio,5.0,0.7,0.15,1.0,moving_time,computed,0.5,exponential,0.4,0.9657959204555432,23.071656359285498,15.641001593491568,8.336353622917912
stage3_grid_sensitivity,in_sample,top10HardTrailByHRR,activity,Stage 3 HRR speed ratio,5.0,0.7,0.15,1.0,moving_time,computed,0.55,linear,0.2,0.984795731885723,5.75872866117347,6.604786878114602,0.7960636256115193
stage3_grid_sensitivity,in_sample,selectedDateRaces,activity,Stage 3 HRR speed ratio,5.0,0.7,0.15,1.0,moving_time,computed,0.55,linear,0.4,0.9868689770970832,14.144175500748181,9.976647292488842,4.00000388992172
stage3_grid_sensitivity,in_sample,hardTrailRun,activity,Stage 3 HRR speed ratio,5.0,0.75,0.15,1.0,moving_time,computed,0.5,exponential,0.2,0.9616206144966011,25.378338919823005,18.53368441248898,12.309616919453708
stage3_grid_sensitivity,in_sample,top10HardTrailByHRR,activity,Stage 3 HRR speed ratio,5.0,0.75,0.15,1.0,moving_time,computed,0.6,linear,0.3,0.9859095528697449,5.5939108229565875,6.475517161950775,1.3462821394082924
stage3_grid_sensitivity,in_sample,selectedDateRaces,activity,Stage 3 HRR speed ratio,5.0,0.75,0.15,1.0,moving_time,computed,0.55,linear,0.3,0.9850711191354963,17.160632402713706,14.246988689711026,11.237954970628238
stage3_grid_sensitivity,in_sample,hardTrailRun,activity,Stage 3 HRR speed ratio,10.0,0.65,0.15,1.0,moving_time,computed,0.45,linear,0.4,0.9664247741238647,22.76063887294059,16.067386722652447,7.997216100759619
stage3_grid_sensitivity,in_sample,top10HardTrailByHRR,activity,Stage 3 HRR speed ratio,10.0,0.65,0.15,1.0,moving_time,computed,0.5,linear,0.3,0.9822193981172045,6.430976774634936,7.814100555851517,2.2619295514687274
stage3_grid_sensitivity,in_sample,selectedDateRaces,activity,Stage 3 HRR speed ratio,10.0,0.65,0.15,1.0,moving_time,computed,0.45,linear,0.3,0.9807070969959819,20.38801741886653,17.94088724224025,14.638781387520975
stage3_grid_sensitivity,in_sample,hardTrailRun,activity,Stage 3 HRR speed ratio,10.0,0.7,0.15,1.0,moving_time,computed,0.45,linear,0.0,0.9619819292349444,25.590407712737356,19.27078307684461,12.973306479825743
stage3_grid_sensitivity,in_sample,top10HardTrailByHRR,activity,Stage 3 HRR speed ratio,10.0,0.7,0.15,1.0,moving_time,computed,0.55,linear,0.4,0.984795731885723,5.75872866117347,6.604786878114602,0.7960636256115193
stage3_grid_sensitivity,in_sample,selectedDateRaces,activity,Stage 3 HRR speed ratio,10.0,0.7,0.15,1.0,moving_time,computed,0.5,linear,0.4,0.9830089281231066,18.381198599389776,15.125397719826175,10.898246099994937
stage3_grid_sensitivity,in_sample,hardTrailRun,activity,Stage 3 HRR speed ratio,10.0,0.75,0.15,1.0,moving_time,computed,0.5,exponential,0.4,0.9616206144966011,25.378338919823005,18.53368441248898,12.309616919453708
stage3_grid_sensitivity,in_sample,top10HardTrailByHRR,activity,Stage 3 HRR speed ratio,10.0,0.75,0.15,1.0,moving_time,computed,0.6,linear,0.4,0.9840266563252809,5.889563714132962,6.345766096998289,-1.0573040574598136
stage3_grid_sensitivity,in_sample,selectedDateRaces,activity,Stage 3 HRR speed ratio,10.0,0.75,0.15,1.0,moving_time,computed,0.55,linear,0.4,0.9818679337394554,17.560115737237307,13.006151021867574,5.79488407980421
stage3_grid_sensitivity,in_sample,hardTrailRun,activity,Stage 3 HRR speed ratio,20.0,0.65,0.15,1.0,moving_time,computed,0.45,linear,0.4,0.9628888969395453,22.98384323581821,15.150318734379143,4.049349190043463
stage3_grid_sensitivity,in_sample,top10HardTrailByHRR,activity,Stage 3 HRR speed ratio,20.0,0.65,0.15,1.0,moving_time,computed,0.5,linear,0.4,0.9821065621388199,6.36044578895483,7.633333698328257,1.0991152224012233
stage3_grid_sensitivity,in_sample,selectedDateRaces,activity,Stage 3 HRR speed ratio,20.0,0.65,0.15,1.0,moving_time,computed,0.45,linear,0.4,0.980273194339995,20.229961436313843,17.176402822199265,11.9969500683479
stage3_grid_sensitivity,in_sample,hardTrailRun,activity,Stage 3 HRR speed ratio,20.0,0.7,0.15,1.0,moving_time,computed,0.45,linear,0.1,0.9620636236807814,25.73464984311878,19.538377627391792,13.949815731836518
stage3_grid_sensitivity,in_sample,top10HardTrailByHRR,activity,Stage 3 HRR speed ratio,20.0,0.7,0.15,1.0,moving_time,computed,0.55,linear,0.4,0.9813729806041853,6.399361762539673,6.66312917960514,-1.5073593710650963
stage3_grid_sensitivity,in_sample,selectedDateRaces,activity,Stage 3 HRR speed ratio,20.0,0.7,0.15,1.0,moving_time,computed,0.5,linear,0.4,0.9789250321710257,18.80345355591829,13.956948498973734,5.693629949096948
stage3_grid_sensitivity,in_sample,hardTrailRun,activity,Stage 3 HRR speed ratio,20.0,0.75,0.15,1.0,moving_time,computed,0.5,linear,0.4,0.9607564313288552,24.640291317177407,17.50007042045442,8.481847446974918
stage3_grid_sensitivity,in_sample,top10HardTrailByHRR,activity,Stage 3 HRR speed ratio,20.0,0.75,0.15,1.0,moving_time,computed,0.55,linear,0.0,0.9788854807001979,6.628675937301557,7.779706805218578,3.4059642875927745
stage3_grid_sensitivity,in_sample,selectedDateRaces,activity,Stage 3 HRR speed ratio,20.0,0.75,0.15,1.0,moving_time,computed,0.5,linear,0.2,0.9774457699825713,22.303132527969904,19.408676249497088,16.28460682522969
stage3_grid_sensitivity,in_sample,hardTrailRun,activity,Stage 3 HRR speed ratio,40.0,0.65,0.15,1.0,moving_time,computed,0.45,linear,0.4,0.9601593936856304,23.261944611035805,14.762662956255584,2.161206206549448
stage3_grid_sensitivity,in_sample,top10HardTrailByHRR,activity,Stage 3 HRR speed ratio,40.0,0.65,0.15,1.0,moving_time,computed,0.5,linear,0.4,0.9807713047773707,6.759782488805739,7.700417171955418,-0.030288692441746055
stage3_grid_sensitivity,in_sample,selectedDateRaces,activity,Stage 3 HRR speed ratio,40.0,0.65,0.15,1.0,moving_time,computed,0.45,linear,0.4,0.9787257841893279,20.28665292353668,16.529625947658293,9.44427563020741
stage3_grid_sensitivity,in_sample,hardTrailRun,activity,Stage 3 HRR speed ratio,40.0,0.7,0.15,1.0,moving_time,computed,0.45,linear,0.2,0.9620636236807814,25.73464984311878,19.538377627391792,13.949815731836518
stage3_grid_sensitivity,in_sample,top10HardTrailByHRR,activity,Stage 3 HRR speed ratio,40.0,0.7,0.15,1.0,moving_time,computed,0.55,linear,0.4,0.9779501864488706,6.829668708294736,6.754373000870941,-2.609341161570214
stage3_grid_sensitivity,in_sample,selectedDateRaces,activity,Stage 3 HRR speed ratio,40.0,0.7,0.15,1.0,moving_time,computed,0.5,linear,0.4,0.975377241762308,19.26806551010277,13.548613316574407,3.2233513611424485
stage3_grid_sensitivity,in_sample,hardTrailRun,activity,Stage 3 HRR speed ratio,40.0,0.75,0.15,1.0,moving_time,computed,0.5,linear,0.4,0.9592418992664715,24.827078535605267,17.057300050816178,6.53918716916307
stage3_grid_sensitivity,in_sample,top10HardTrailByHRR,activity,Stage 3 HRR speed ratio,40.0,0.75,0.15,1.0,moving_time,computed,0.55,linear,0.0,0.9788854807001979,6.628675937301557,7.779706805218578,3.4059642875927745
stage3_grid_sensitivity,in_sample,selectedDateRaces,activity,Stage 3 HRR speed ratio,40.0,0.75,0.15,1.0,moving_time,computed,0.5,linear,0.3,0.977476511664759,22.257161662104416,19.21850585746595,15.637356866418296
stage3_grid_sensitivity,in_sample,hardTrailRun,activity,Stage 3 HRR speed ratio,5.0,0.65,0.3,1.0,moving_time,computed,0.45,linear,0.4,0.9666834618959023,23.585468429857094,17.141655900443425,10.434346800300792
stage3_grid_sensitivity,in_sample,top10HardTrailByHRR,activity,Stage 3 HRR speed ratio,5.0,0.65,0.3,1.0,moving_time,computed,0.5,linear,0.2,0.9820476040266638,6.483426655430434,7.872088868049723,1.9244164565728497
stage3_grid_sensitivity,in_sample,selectedDateRaces,activity,Stage 3 HRR speed ratio,5.0,0.65,0.3,1.0,moving_time,computed,0.45,linear,0.2,0.9800113990296764,20.68935804307228,17.809533713026926,13.197032314043508
stage3_grid_sensitivity,in_sample,hardTrailRun,activity,Stage 3 HRR speed ratio,5.0,0.7,0.3,1.0,moving_time,computed,0.5,linear,0.4,0.9623295876674204,22.62000437454017,14.698218546238564,3.3058202454983765
stage3_grid_sensitivity,in_sample,top10HardTrailByHRR,activity,Stage 3 HRR speed ratio,5.0,0.7,0.3,1.0,moving_time,computed,0.55,linear,0.3,0.9845078410838903,5.870508414017646,6.776861594028573,0.8692280562843621
stage3_grid_sensitivity,in_sample,selectedDateRaces,activity,Stage 3 HRR speed ratio,5.0,0.7,0.3,1.0,moving_time,computed,0.5,linear,0.4,0.9823162505905818,19.295805992778412,16.405023581145688,13.379504836199795
stage3_grid_sensitivity,in_sample,hardTrailRun,activity,Stage 3 HRR speed ratio,5.0,0.75,0.3,1.0,moving_time,computed,0.5,linear,0.3,0.9614269017316626,25.51010690128097,18.801977862673656,12.308750850075095
stage3_grid_sensitivity,in_sample,top10HardTrailByHRR,activity,Stage 3 HRR speed ratio,5.0,0.75,0.3,1.0,moving_time,computed,0.6,linear,0.4,0.9855640188466118,5.705190273640753,6.592540907150814,0.6218590460392943
stage3_grid_sensitivity,in_sample,selectedDateRaces,activity,Stage 3 HRR speed ratio,5.0,0.75,0.3,1.0,moving_time,computed,0.55,linear,0.4,0.9825986598776159,18.12138182858839,14.106294416487271,8.212205422511593
stage3_grid_sensitivity,in_sample,hardTrailRun,activity,Stage 3 HRR speed ratio,10.0,0.65,0.3,1.0,moving_time,computed,0.45,linear,0.4,0.9636909446129314,23.13704869231886,15.614415626308652,5.198928782364155
stage3_grid_sensitivity,in_sample,top10HardTrailByHRR,activity,Stage 3 HRR speed ratio,10.0,0.65,0.3,1.0,moving_time,computed,0.5,linear,0.4,0.9820476040266638,6.483426655430434,7.872088868049723,1.9244164565728497
stage3_grid_sensitivity,in_sample,selectedDateRaces,activity,Stage 3 HRR speed ratio,10.0,0.65,0.3,1.0,moving_time,computed,0.45,linear,0.4,0.9800113990296764,20.68935804307228,17.809533713026926,13.197032314043508
stage3_grid_sensitivity,in_sample,hardTrailRun,activity,Stage 3 HRR speed ratio,10.0,0.7,0.3,1.0,moving_time,computed,0.45,linear,0.0,0.9619819292349444,25.590407712737356,19.27078307684461,12.973306479825743
stage3_grid_sensitivity,in_sample,top10HardTrailByHRR,activity,Stage 3 HRR speed ratio,10.0,0.7,0.3,1.0,moving_time,computed,0.55,linear,0.4,0.9827305543926969,6.247931830932156,6.7476214315314715,-0.7048033827192505
stage3_grid_sensitivity,in_sample,selectedDateRaces,activity,Stage 3 HRR speed ratio,10.0,0.7,0.3,1.0,moving_time,computed,0.5,linear,0.4,0.9794560021280712,19.04477696059224,14.469953866028714,6.8533511961937315
stage3_grid_sensitivity,in_sample,hardTrailRun,activity,Stage 3 HRR speed ratio,10.0,0.75,0.3,1.0,moving_time,computed,0.5,linear,0.4,0.9610233836486531,24.88164661517936,17.990013840655212,9.664742330993821
stage3_grid_sensitivity,in_sample,top10HardTrailByHRR,activity,Stage 3 HRR speed ratio,10.0,0.75,0.3,1.0,moving_time,computed,0.6,linear,0.4,0.9795453785855469,6.6356944256611445,6.624317811874539,-2.531337182984563
stage3_grid_sensitivity,in_sample,selectedDateRaces,activity,Stage 3 HRR speed ratio,10.0,0.75,0.3,1.0,moving_time,computed,0.5,linear,0.1,0.9773121790547923,22.325692178118384,19.185699570748525,15.291512629827901
stage3_grid_sensitivity,in_sample,hardTrailRun,activity,Stage 3 HRR speed ratio,20.0,0.65,0.3,1.0,moving_time,computed,0.45,linear,0.4,0.9607026270283313,23.30697988587328,14.975706137988249,2.7200900691396033
stage3_grid_sensitivity,in_sample,top10HardTrailByHRR,activity,Stage 3 HRR speed ratio,20.0,0.65,0.3,1.0,moving_time,computed,0.5,linear,0.4,0.9811495251907588,6.687949772652158,7.747686594961192,0.36995629231356364
stage3_grid_sensitivity,in_sample,selectedDateRaces,activity,Stage 3 HRR speed ratio,20.0,0.65,0.3,1.0,moving_time,computed,0.45,linear,0.4,0.9788036606220111,20.43293713030897,16.8028393996705,10.025158532017148
stage3_grid_sensitivity,in_sample,hardTrailRun,activity,Stage 3 HRR speed ratio,20.0,0.7,0.3,1.0,moving_time,computed,0.45,linear,0.1,0.9620125873185115,25.659027770926283,19.462561772975373,13.606537527639215
stage3_grid_sensitivity,in_sample,top10HardTrailByHRR,activity,Stage 3 HRR speed ratio,20.0,0.7,0.3,1.0,moving_time,computed,0.55,linear,0.4,0.9789958670065916,6.75695434049136,6.795623154952199,-2.2201217254179966
stage3_grid_sensitivity,in_sample,selectedDateRaces,activity,Stage 3 HRR speed ratio,20.0,0.7,0.3,1.0,moving_time,computed,0.5,linear,0.4,0.975824203442083,19.321387232514528,13.761964863925988,3.7846970160429954
stage3_grid_sensitivity,in_sample,hardTrailRun,activity,Stage 3 HRR speed ratio,20.0,0.75,0.3,1.0,moving_time,computed,0.5,linear,0.4,0.9595363504015604,24.907589028924487,17.29149899607055,7.1142211437995115
stage3_grid_sensitivity,in_sample,top10HardTrailByHRR,activity,Stage 3 HRR speed ratio,20.0,0.75,0.3,1.0,moving_time,computed,0.55,linear,0.0,0.9788854807001979,6.628675937301557,7.779706805218578,3.4059642875927745
stage3_grid_sensitivity,in_sample,selectedDateRaces,activity,Stage 3 HRR speed ratio,20.0,0.75,0.3,1.0,moving_time,computed,0.5,linear,0.2,0.9773121790547923,22.325692178118384,19.185699570748525,15.291512629827901
stage3_grid_sensitivity,in_sample,hardTrailRun,activity,Stage 3 HRR speed ratio,40.0,0.65,0.3,1.0,moving_time,computed,0.45,linear,0.4,0.9588895999620837,23.439647929760966,14.686408526308375,1.5129426392359275
stage3_grid_sensitivity,in_sample,top10HardTrailByHRR,activity,Stage 3 HRR speed ratio,40.0,0.65,0.3,1.0,moving_time,computed,0.5,linear,0.4,0.9799635962752127,6.93667193162349,7.7650002498777955,-0.3858063873485412
stage3_grid_sensitivity,in_sample,selectedDateRaces,activity,Stage 3 HRR speed ratio,40.0,0.65,0.3,1.0,moving_time,computed,0.45,linear,0.4,0.9776619683319018,20.436997543974922,16.371016640596174,8.485674173198888
stage3_grid_sensitivity,in_sample,hardTrailRun,activity,Stage 3 HRR speed ratio,40.0,0.7,0.3,1.0,moving_time,computed,0.45,linear,0.2,0.9620125873185115,25.659027770926283,19.462561772975373,13.606537527639215
stage3_grid_sensitivity,in_sample,top10HardTrailByHRR,activity,Stage 3 HRR speed ratio,40.0,0.7,0.3,1.0,moving_time,computed,0.55,linear,0.4,0.9764649400632228,7.003275498276222,6.81846461536889,-2.956863333245758
stage3_grid_sensitivity,in_sample,selectedDateRaces,activity,Stage 3 HRR speed ratio,40.0,0.7,0.3,1.0,moving_time,computed,0.5,linear,0.4,0.9735447778743725,19.516038826887772,13.452161993873672,2.295310613856332
stage3_grid_sensitivity,in_sample,hardTrailRun,activity,Stage 3 HRR speed ratio,40.0,0.75,0.3,1.0,moving_time,computed,0.5,linear,0.4,0.9584278734284142,24.955225512372746,16.954575218614742,5.872256164467278
stage3_grid_sensitivity,in_sample,top10HardTrailByHRR,activity,Stage 3 HRR speed ratio,40.0,0.75,0.3,1.0,moving_time,computed,0.55,linear,0.0,0.9788854807001979,6.628675937301557,7.779706805218578,3.4059642875927745
stage3_grid_sensitivity,in_sample,selectedDateRaces,activity,Stage 3 HRR speed ratio,40.0,0.75,0.3,1.0,moving_time,computed,0.5,linear,0.4,0.9773121790547923,22.325692178118384,19.185699570748525,15.291512629827901
stage3_grid_sensitivity,in_sample,hardTrailRun,activity,Stage 3 HRR speed ratio,5.0,0.65,0.6,1.0,moving_time,computed,0.45,linear,0.4,0.9646030294655488,23.28595756774211,16.21767544635659,6.676338569589902
stage3_grid_sensitivity,in_sample,top10HardTrailByHRR,activity,Stage 3 HRR speed ratio,5.0,0.65,0.6,1.0,moving_time,computed,0.5,linear,0.3,0.9816411819714971,6.548772385467154,7.990212579949896,1.935532212464497
stage3_grid_sensitivity,in_sample,selectedDateRaces,activity,Stage 3 HRR speed ratio,5.0,0.65,0.6,1.0,moving_time,computed,0.45,linear,0.4,0.9797293217637557,21.126703725889975,18.63646096233792,14.782416195300094
stage3_grid_sensitivity,in_sample,hardTrailRun,activity,Stage 3 HRR speed ratio,5.0,0.7,0.6,1.0,moving_time,computed,0.45,linear,0.0,0.9619819292349444,25.590407712737356,19.27078307684461,12.973306479825743
stage3_grid_sensitivity,in_sample,top10HardTrailByHRR,activity,Stage 3 HRR speed ratio,5.0,0.7,0.6,1.0,moving_time,computed,0.55,linear,0.4,0.9835840427547764,6.117291206940624,6.936225205345835,0.34865247382102854
stage3_grid_sensitivity,in_sample,selectedDateRaces,activity,Stage 3 HRR speed ratio,5.0,0.7,0.6,1.0,moving_time,computed,0.5,linear,0.4,0.9802991068812036,19.274737577259582,15.175700945710185,8.383985658630802
stage3_grid_sensitivity,in_sample,hardTrailRun,activity,Stage 3 HRR speed ratio,5.0,0.75,0.6,1.0,moving_time,computed,0.5,linear,0.4,0.9611819755800217,25.312226510105326,18.645961890704687,11.186199563919653
stage3_grid_sensitivity,in_sample,top10HardTrailByHRR,activity,Stage 3 HRR speed ratio,5.0,0.75,0.6,1.0,moving_time,computed,0.6,linear,0.4,0.9816431549271397,6.507380802849759,6.809542450127055,-1.4966989052736253
stage3_grid_sensitivity,in_sample,selectedDateRaces,activity,Stage 3 HRR speed ratio,5.0,0.75,0.6,1.0,moving_time,computed,0.5,linear,0.1,0.9772146407430123,22.434133142255124,19.384899783019957,15.675405274257225
stage3_grid_sensitivity,in_sample,hardTrailRun,activity,Stage 3 HRR speed ratio,10.0,0.65,0.6,1.0,moving_time,computed,0.45,linear,0.4,0.9614025427901719,23.337004024853325,15.247920964808287,3.4294839398695185
stage3_grid_sensitivity,in_sample,top10HardTrailByHRR,activity,Stage 3 HRR speed ratio,10.0,0.65,0.6,1.0,moving_time,computed,0.5,linear,0.4,0.9813362047023256,6.627310336877541,7.845986021640247,0.8886550231712719
stage3_grid_sensitivity,in_sample,selectedDateRaces,activity,Stage 3 HRR speed ratio,10.0,0.65,0.6,1.0,moving_time,computed,0.45,linear,0.4,0.9790247879381064,20.553406120548853,17.15845152569064,10.783558285568228
stage3_grid_sensitivity,in_sample,hardTrailRun,activity,Stage 3 HRR speed ratio,10.0,0.7,0.6,1.0,moving_time,computed,0.45,linear,0.0,0.9619819292349444,25.590407712737356,19.27078307684461,12.973306479825743
stage3_grid_sensitivity,in_sample,top10HardTrailByHRR,activity,Stage 3 HRR speed ratio,10.0,0.7,0.6,1.0,moving_time,computed,0.55,linear,0.4,0.9800292259678515,6.693616373916364,6.883450759004002,-1.716575125195214
stage3_grid_sensitivity,in_sample,selectedDateRaces,activity,Stage 3 HRR speed ratio,10.0,0.7,0.6,1.0,moving_time,computed,0.5,linear,0.4,0.9765585239328877,19.33884379395064,14.047409984807304,4.5169481975104215
stage3_grid_sensitivity,in_sample,hardTrailRun,activity,Stage 3 HRR speed ratio,10.0,0.75,0.6,1.0,moving_time,computed,0.5,linear,0.4,0.9598934083988183,24.978422221732675,17.58897856347976,7.844709258557842
stage3_grid_sensitivity,in_sample,top10HardTrailByHRR,activity,Stage 3 HRR speed ratio,10.0,0.75,0.6,1.0,moving_time,computed,0.55,linear,0.0,0.9788854807001979,6.628675937301557,7.779706805218578,3.4059642875927745
stage3_grid_sensitivity,in_sample,selectedDateRaces,activity,Stage 3 HRR speed ratio,10.0,0.75,0.6,1.0,moving_time,computed,0.5,linear,0.1,0.9772550551711967,22.274576922091857,19.017643747993183,14.695679580118926
stage3_grid_sensitivity,in_sample,hardTrailRun,activity,Stage 3 HRR speed ratio,20.0,0.65,0.6,1.0,moving_time,computed,0.45,linear,0.4,0.9592942760177408,23.455254845155103,14.82036963760797,1.860723829871429
stage3_grid_sensitivity,in_sample,top10HardTrailByHRR,activity,Stage 3 HRR speed ratio,20.0,0.65,0.6,1.0,moving_time,computed,0.5,linear,0.4,0.9802104483040899,6.906805006887565,7.812530928502724,-0.1320953576254533
stage3_grid_sensitivity,in_sample,selectedDateRaces,activity,Stage 3 HRR speed ratio,20.0,0.65,0.6,1.0,moving_time,computed,0.45,linear,0.4,0.977853278325557,20.49694365677856,16.54536560981278,8.856784750033885
stage3_grid_sensitivity,in_sample,hardTrailRun,activity,Stage 3 HRR speed ratio,20.0,0.7,0.6,1.0,moving_time,computed,0.45,linear,0.1,0.9619931665046355,25.605537667065583,19.401072118746107,13.381107776978872
stage3_grid_sensitivity,in_sample,top10HardTrailByHRR,activity,Stage 3 HRR speed ratio,20.0,0.7,0.6,1.0,moving_time,computed,0.55,linear,0.4,0.9771182100776167,6.972107842885862,6.86091773442746,-2.7105485141114802
stage3_grid_sensitivity,in_sample,selectedDateRaces,activity,Stage 3 HRR speed ratio,20.0,0.7,0.6,1.0,moving_time,computed,0.5,linear,0.4,0.973981354124056,19.525719220446035,13.592273866263916,2.6536351100620155
stage3_grid_sensitivity,in_sample,hardTrailRun,activity,Stage 3 HRR speed ratio,20.0,0.75,0.6,1.0,moving_time,computed,0.5,linear,0.4,0.9586688953851732,24.99089131359852,17.100955466681285,6.230365444590274
stage3_grid_sensitivity,in_sample,top10HardTrailByHRR,activity,Stage 3 HRR speed ratio,20.0,0.75,0.6,1.0,moving_time,computed,0.55,linear,0.0,0.9788854807001979,6.628675937301557,7.779706805218578,3.4059642875927745
stage3_grid_sensitivity,in_sample,selectedDateRaces,activity,Stage 3 HRR speed ratio,20.0,0.75,0.6,1.0,moving_time,computed,0.5,linear,0.2,0.9772550551711967,22.274576922091857,19.017643747993183,14.695679580118926
stage3_grid_sensitivity,in_sample,hardTrailRun,activity,Stage 3 HRR speed ratio,40.0,0.65,0.6,1.0,moving_time,computed,0.45,linear,0.4,0.9581246015544762,23.51206196571004,14.609532268284076,1.0893663472235855
stage3_grid_sensitivity,in_sample,top10HardTrailByHRR,activity,Stage 3 HRR speed ratio,40.0,0.65,0.6,1.0,moving_time,computed,0.5,linear,0.4,0.9793585443105074,7.0442212754439835,7.796795807191856,-0.6330205138094
stage3_grid_sensitivity,in_sample,selectedDateRaces,activity,Stage 3 HRR speed ratio,40.0,0.65,0.6,1.0,moving_time,computed,0.45,linear,0.4,0.9770818955785346,20.467385668180473,16.243829236777806,7.910702046013525
stage3_grid_sensitivity,in_sample,hardTrailRun,activity,Stage 3 HRR speed ratio,40.0,0.7,0.6,1.0,moving_time,computed,0.45,linear,0.2,0.9619931665046355,25.605537667065583,19.401072118746107,13.381107776978872
stage3_grid_sensitivity,in_sample,top10HardTrailByHRR,activity,Stage 3 HRR speed ratio,40.0,0.7,0.6,1.0,moving_time,computed,0.55,linear,0.4,0.9754039580082196,7.109006240069231,6.850483484148839,-3.198354059170591
stage3_grid_sensitivity,in_sample,selectedDateRaces,activity,Stage 3 HRR speed ratio,40.0,0.7,0.6,1.0,moving_time,computed,0.45,linear,0.0,0.9727007864767634,24.364439291942833,22.21116242349213,21.067064103115733
stage3_grid_sensitivity,in_sample,hardTrailRun,activity,Stage 3 HRR speed ratio,40.0,0.75,0.6,1.0,moving_time,computed,0.5,linear,0.4,0.9579243187041454,24.995596124289047,16.860339651537004,5.436628452726044
stage3_grid_sensitivity,in_sample,top10HardTrailByHRR,activity,Stage 3 HRR speed ratio,40.0,0.75,0.6,1.0,moving_time,computed,0.55,linear,0.0,0.9788854807001979,6.628675937301557,7.779706805218578,3.4059642875927745
stage3_grid_sensitivity,in_sample,selectedDateRaces,activity,Stage 3 HRR speed ratio,40.0,0.75,0.6,1.0,moving_time,computed,0.5,linear,0.4,0.9772550551711967,22.274576922091857,19.017643747993183,14.695679580118926
target_sensitivity,in_sample,hardTrailRun,activity,Stage 3 HRR speed ratio,10.0,0.7,0.3,1.0,elapsed_time,computed,0.4,linear,0.0,0.951358076874401,33.12815533818486,24.668797422510718,19.466636456470614
target_sensitivity,in_sample,top10HardTrailByHRR,activity,Stage 3 HRR speed ratio,10.0,0.7,0.3,1.0,elapsed_time,computed,0.55,linear,0.4,0.9792466122631955,6.569598497598823,6.4456414032773885,-2.1764700493859173
target_sensitivity,in_sample,selectedDateRaces,activity,Stage 3 HRR speed ratio,10.0,0.7,0.3,1.0,elapsed_time,computed,0.45,linear,0.4,0.9614943655371425,32.484982095831555,23.32908953640704,14.918435485482753
