runId,experimentGroup,experimentName,status,elapsedSec,runOutputDir,htmlReport,error
000_h0_anchor_profiles_latest_current_floor060_hrr085_clip030_120_decay025,h0_anchor_profiles,latest_current_floor060_hrr085_clip030_120_decay025,success,86.65165197104216,/home/pmarrec/Projet_Perso/RunningManager/data/exp_perf_predictions/trail_digital_twin_hypothesis_screen/runs/000_h0_anchor_profiles_latest_current_floor060_hrr085_clip030_120_decay025,,
001_h0_anchor_profiles_boundary_wide_floor050_hrr085_clip030_100_decay025,h0_anchor_profiles,boundary_wide_floor050_hrr085_clip030_100_decay025,success,84.2472764479462,/home/pmarrec/Projet_Perso/RunningManager/data/exp_perf_predictions/trail_digital_twin_hypothesis_screen/runs/001_h0_anchor_profiles_boundary_wide_floor050_hrr085_clip030_100_decay025,,
002_h0_anchor_profiles_boundary_refined_floor050_hrr085_clip030_120_decay025,h0_anchor_profiles,boundary_refined_floor050_hrr085_clip030_120_decay025,success,76.62117310299072,/home/pmarrec/Projet_Perso/RunningManager/data/exp_perf_predictions/trail_digital_twin_hypothesis_screen/runs/002_h0_anchor_profiles_boundary_refined_floor050_hrr085_clip030_120_decay025,,
003_h1_high_reference_confirmation_hrr_reference_0_82_hrr_max_factor_1_decay_lambda_0_2_min_fatigue_factor_0_5,h1_high_reference_confirmation,hrr_reference_0_82_hrr_max_factor_1_decay_lambda_0_2_min_fatigue_factor_0_5,success,84.60648715496063,/home/pmarrec/Projet_Perso/RunningManager/data/exp_perf_predictions/trail_digital_twin_hypothesis_screen/runs/003_h1_high_reference_confirmation_hrr_reference_0_82_hrr_max_factor_1_decay_lambda_0_2_min_fatigue_factor_0_5,,
004_h1_high_reference_confirmation_hrr_reference_0_82_hrr_max_factor_1_decay_lambda_0_2_min_fatigue_factor_0_6,h1_high_reference_confirmation,hrr_reference_0_82_hrr_max_factor_1_decay_lambda_0_2_min_fatigue_factor_0_6,success,82.61240366008133,/home/pmarrec/Projet_Perso/RunningManager/data/exp_perf_predictions/trail_digital_twin_hypothesis_screen/runs/004_h1_high_reference_confirmation_hrr_reference_0_82_hrr_max_factor_1_decay_lambda_0_2_min_fatigue_factor_0_6,,
005_h1_high_reference_confirmation_hrr_reference_0_82_hrr_max_factor_1_decay_lambda_0_2_min_fatigue_factor_0_7,h1_high_reference_confirmation,hrr_reference_0_82_hrr_max_factor_1_decay_lambda_0_2_min_fatigue_factor_0_7,success,83.71367349196225,/home/pmarrec/Projet_Perso/RunningManager/data/exp_perf_predictions/trail_digital_twin_hypothesis_screen/runs/005_h1_high_reference_confirmation_hrr_reference_0_82_hrr_max_factor_1_decay_lambda_0_2_min_fatigue_factor_0_7,,
006_h1_high_reference_confirmation_hrr_reference_0_82_hrr_max_factor_1_decay_lambda_0_25_min_fatigue_factor_0_5,h1_high_reference_confirmation,hrr_reference_0_82_hrr_max_factor_1_decay_lambda_0_25_min_fatigue_factor_0_5,success,81.11878700798843,/home/pmarrec/Projet_Perso/RunningManager/data/exp_perf_predictions/trail_digital_twin_hypothesis_screen/runs/006_h1_high_reference_confirmation_hrr_reference_0_82_hrr_max_factor_1_decay_lambda_0_25_min_fatigue_factor_0_5,,
007_h1_high_reference_confirmation_hrr_reference_0_82_hrr_max_factor_1_decay_lambda_0_25_min_fatigue_factor_0_6,h1_high_reference_confirmation,hrr_reference_0_82_hrr_max_factor_1_decay_lambda_0_25_min_fatigue_factor_0_6,success,78.41234525595792,/home/pmarrec/Projet_Perso/RunningManager/data/exp_perf_predictions/trail_digital_twin_hypothesis_screen/runs/007_h1_high_reference_confirmation_hrr_reference_0_82_hrr_max_factor_1_decay_lambda_0_25_min_fatigue_factor_0_6,,
008_h1_high_reference_confirmation_hrr_reference_0_82_hrr_max_factor_1_decay_lambda_0_25_min_fatigue_factor_0_7,h1_high_reference_confirmation,hrr_reference_0_82_hrr_max_factor_1_decay_lambda_0_25_min_fatigue_factor_0_7,success,81.2705908389762,/home/pmarrec/Projet_Perso/RunningManager/data/exp_perf_predictions/trail_digital_twin_hypothesis_screen/runs/008_h1_high_reference_confirmation_hrr_reference_0_82_hrr_max_factor_1_decay_lambda_0_25_min_fatigue_factor_0_7,,
009_h1_high_reference_confirmation_hrr_reference_0_82_hrr_max_factor_1_decay_lambda_0_3_min_fatigue_factor_0_5,h1_high_reference_confirmation,hrr_reference_0_82_hrr_max_factor_1_decay_lambda_0_3_min_fatigue_factor_0_5,success,79.7136320079444,/home/pmarrec/Projet_Perso/RunningManager/data/exp_perf_predictions/trail_digital_twin_hypothesis_screen/runs/009_h1_high_reference_confirmation_hrr_reference_0_82_hrr_max_factor_1_decay_lambda_0_3_min_fatigue_factor_0_5,,
010_h1_high_reference_confirmation_hrr_reference_0_82_hrr_max_factor_1_decay_lambda_0_3_min_fatigue_factor_0_6,h1_high_reference_confirmation,hrr_reference_0_82_hrr_max_factor_1_decay_lambda_0_3_min_fatigue_factor_0_6,success,79.54869943892118,/home/pmarrec/Projet_Perso/RunningManager/data/exp_perf_predictions/trail_digital_twin_hypothesis_screen/runs/010_h1_high_reference_confirmation_hrr_reference_0_82_hrr_max_factor_1_decay_lambda_0_3_min_fatigue_factor_0_6,,
011_h1_high_reference_confirmation_hrr_reference_0_82_hrr_max_factor_1_decay_lambda_0_3_min_fatigue_factor_0_7,h1_high_reference_confirmation,hrr_reference_0_82_hrr_max_factor_1_decay_lambda_0_3_min_fatigue_factor_0_7,success,84.49278258800041,/home/pmarrec/Projet_Perso/RunningManager/data/exp_perf_predictions/trail_digital_twin_hypothesis_screen/runs/011_h1_high_reference_confirmation_hrr_reference_0_82_hrr_max_factor_1_decay_lambda_0_3_min_fatigue_factor_0_7,,
012_h1_high_reference_confirmation_hrr_reference_0_82_hrr_max_factor_1_1_decay_lambda_0_2_min_fatigue_factor_0_5,h1_high_reference_confirmation,hrr_reference_0_82_hrr_max_factor_1_1_decay_lambda_0_2_min_fatigue_factor_0_5,success,84.24564162699971,/home/pmarrec/Projet_Perso/RunningManager/data/exp_perf_predictions/trail_digital_twin_hypothesis_screen/runs/012_h1_high_reference_confirmation_hrr_reference_0_82_hrr_max_factor_1_1_decay_lambda_0_2_min_fatigue_factor_0_5,,
013_h1_high_reference_confirmation_hrr_reference_0_82_hrr_max_factor_1_1_decay_lambda_0_2_min_fatigue_factor_0_6,h1_high_reference_confirmation,hrr_reference_0_82_hrr_max_factor_1_1_decay_lambda_0_2_min_fatigue_factor_0_6,success,83.00713438296225,/home/pmarrec/Projet_Perso/RunningManager/data/exp_perf_predictions/trail_digital_twin_hypothesis_screen/runs/013_h1_high_reference_confirmation_hrr_reference_0_82_hrr_max_factor_1_1_decay_lambda_0_2_min_fatigue_factor_0_6,,
014_h1_high_reference_confirmation_hrr_reference_0_82_hrr_max_factor_1_1_decay_lambda_0_2_min_fatigue_factor_0_7,h1_high_reference_confirmation,hrr_reference_0_82_hrr_max_factor_1_1_decay_lambda_0_2_min_fatigue_factor_0_7,success,81.11190942896064,/home/pmarrec/Projet_Perso/RunningManager/data/exp_perf_predictions/trail_digital_twin_hypothesis_screen/runs/014_h1_high_reference_confirmation_hrr_reference_0_82_hrr_max_factor_1_1_decay_lambda_0_2_min_fatigue_factor_0_7,,
015_h1_high_reference_confirmation_hrr_reference_0_82_hrr_max_factor_1_1_decay_lambda_0_25_min_fatigue_factor_0_5,h1_high_reference_confirmation,hrr_reference_0_82_hrr_max_factor_1_1_decay_lambda_0_25_min_fatigue_factor_0_5,success,75.85160287795588,/home/pmarrec/Projet_Perso/RunningManager/data/exp_perf_predictions/trail_digital_twin_hypothesis_screen/runs/015_h1_high_reference_confirmation_hrr_reference_0_82_hrr_max_factor_1_1_decay_lambda_0_25_min_fatigue_factor_0_5,,
016_h1_high_reference_confirmation_hrr_reference_0_82_hrr_max_factor_1_1_decay_lambda_0_25_min_fatigue_factor_0_6,h1_high_reference_confirmation,hrr_reference_0_82_hrr_max_factor_1_1_decay_lambda_0_25_min_fatigue_factor_0_6,success,84.43502924300265,/home/pmarrec/Projet_Perso/RunningManager/data/exp_perf_predictions/trail_digital_twin_hypothesis_screen/runs/016_h1_high_reference_confirmation_hrr_reference_0_82_hrr_max_factor_1_1_decay_lambda_0_25_min_fatigue_factor_0_6,,
017_h1_high_reference_confirmation_hrr_reference_0_82_hrr_max_factor_1_1_decay_lambda_0_25_min_fatigue_factor_0_7,h1_high_reference_confirmation,hrr_reference_0_82_hrr_max_factor_1_1_decay_lambda_0_25_min_fatigue_factor_0_7,success,82.81065811100416,/home/pmarrec/Projet_Perso/RunningManager/data/exp_perf_predictions/trail_digital_twin_hypothesis_screen/runs/017_h1_high_reference_confirmation_hrr_reference_0_82_hrr_max_factor_1_1_decay_lambda_0_25_min_fatigue_factor_0_7,,
018_h1_high_reference_confirmation_hrr_reference_0_82_hrr_max_factor_1_1_decay_lambda_0_3_min_fatigue_factor_0_5,h1_high_reference_confirmation,hrr_reference_0_82_hrr_max_factor_1_1_decay_lambda_0_3_min_fatigue_factor_0_5,success,81.80183804605622,/home/pmarrec/Projet_Perso/RunningManager/data/exp_perf_predictions/trail_digital_twin_hypothesis_screen/runs/018_h1_high_reference_confirmation_hrr_reference_0_82_hrr_max_factor_1_1_decay_lambda_0_3_min_fatigue_factor_0_5,,
019_h1_high_reference_confirmation_hrr_reference_0_82_hrr_max_factor_1_1_decay_lambda_0_3_min_fatigue_factor_0_6,h1_high_reference_confirmation,hrr_reference_0_82_hrr_max_factor_1_1_decay_lambda_0_3_min_fatigue_factor_0_6,success,78.65445115894545,/home/pmarrec/Projet_Perso/RunningManager/data/exp_perf_predictions/trail_digital_twin_hypothesis_screen/runs/019_h1_high_reference_confirmation_hrr_reference_0_82_hrr_max_factor_1_1_decay_lambda_0_3_min_fatigue_factor_0_6,,
020_h1_high_reference_confirmation_hrr_reference_0_82_hrr_max_factor_1_1_decay_lambda_0_3_min_fatigue_factor_0_7,h1_high_reference_confirmation,hrr_reference_0_82_hrr_max_factor_1_1_decay_lambda_0_3_min_fatigue_factor_0_7,success,74.99310038494878,/home/pmarrec/Projet_Perso/RunningManager/data/exp_perf_predictions/trail_digital_twin_hypothesis_screen/runs/020_h1_high_reference_confirmation_hrr_reference_0_82_hrr_max_factor_1_1_decay_lambda_0_3_min_fatigue_factor_0_7,,
021_h1_high_reference_confirmation_hrr_reference_0_82_hrr_max_factor_1_2_decay_lambda_0_2_min_fatigue_factor_0_5,h1_high_reference_confirmation,hrr_reference_0_82_hrr_max_factor_1_2_decay_lambda_0_2_min_fatigue_factor_0_5,success,79.50440623797476,/home/pmarrec/Projet_Perso/RunningManager/data/exp_perf_predictions/trail_digital_twin_hypothesis_screen/runs/021_h1_high_reference_confirmation_hrr_reference_0_82_hrr_max_factor_1_2_decay_lambda_0_2_min_fatigue_factor_0_5,,
022_h1_high_reference_confirmation_hrr_reference_0_82_hrr_max_factor_1_2_decay_lambda_0_2_min_fatigue_factor_0_6,h1_high_reference_confirmation,hrr_reference_0_82_hrr_max_factor_1_2_decay_lambda_0_2_min_fatigue_factor_0_6,success,74.94657860393636,/home/pmarrec/Projet_Perso/RunningManager/data/exp_perf_predictions/trail_digital_twin_hypothesis_screen/runs/022_h1_high_reference_confirmation_hrr_reference_0_82_hrr_max_factor_1_2_decay_lambda_0_2_min_fatigue_factor_0_6,,
023_h1_high_reference_confirmation_hrr_reference_0_82_hrr_max_factor_1_2_decay_lambda_0_2_min_fatigue_factor_0_7,h1_high_reference_confirmation,hrr_reference_0_82_hrr_max_factor_1_2_decay_lambda_0_2_min_fatigue_factor_0_7,success,85.0430468020495,/home/pmarrec/Projet_Perso/RunningManager/data/exp_perf_predictions/trail_digital_twin_hypothesis_screen/runs/023_h1_high_reference_confirmation_hrr_reference_0_82_hrr_max_factor_1_2_decay_lambda_0_2_min_fatigue_factor_0_7,,
024_h1_high_reference_confirmation_hrr_reference_0_82_hrr_max_factor_1_2_decay_lambda_0_25_min_fatigue_factor_0_5,h1_high_reference_confirmation,hrr_reference_0_82_hrr_max_factor_1_2_decay_lambda_0_25_min_fatigue_factor_0_5,success,75.72120836901013,/home/pmarrec/Projet_Perso/RunningManager/data/exp_perf_predictions/trail_digital_twin_hypothesis_screen/runs/024_h1_high_reference_confirmation_hrr_reference_0_82_hrr_max_factor_1_2_decay_lambda_0_25_min_fatigue_factor_0_5,,
025_h1_high_reference_confirmation_hrr_reference_0_82_hrr_max_factor_1_2_decay_lambda_0_25_min_fatigue_factor_0_6,h1_high_reference_confirmation,hrr_reference_0_82_hrr_max_factor_1_2_decay_lambda_0_25_min_fatigue_factor_0_6,success,74.81790254998486,/home/pmarrec/Projet_Perso/RunningManager/data/exp_perf_predictions/trail_digital_twin_hypothesis_screen/runs/025_h1_high_reference_confirmation_hrr_reference_0_82_hrr_max_factor_1_2_decay_lambda_0_25_min_fatigue_factor_0_6,,
026_h1_high_reference_confirmation_hrr_reference_0_82_hrr_max_factor_1_2_decay_lambda_0_25_min_fatigue_factor_0_7,h1_high_reference_confirmation,hrr_reference_0_82_hrr_max_factor_1_2_decay_lambda_0_25_min_fatigue_factor_0_7,success,73.5510886159027,/home/pmarrec/Projet_Perso/RunningManager/data/exp_perf_predictions/trail_digital_twin_hypothesis_screen/runs/026_h1_high_reference_confirmation_hrr_reference_0_82_hrr_max_factor_1_2_decay_lambda_0_25_min_fatigue_factor_0_7,,
027_h1_high_reference_confirmation_hrr_reference_0_82_hrr_max_factor_1_2_decay_lambda_0_3_min_fatigue_factor_0_5,h1_high_reference_confirmation,hrr_reference_0_82_hrr_max_factor_1_2_decay_lambda_0_3_min_fatigue_factor_0_5,success,75.36272359103896,/home/pmarrec/Projet_Perso/RunningManager/data/exp_perf_predictions/trail_digital_twin_hypothesis_screen/runs/027_h1_high_reference_confirmation_hrr_reference_0_82_hrr_max_factor_1_2_decay_lambda_0_3_min_fatigue_factor_0_5,,
028_h1_high_reference_confirmation_hrr_reference_0_82_hrr_max_factor_1_2_decay_lambda_0_3_min_fatigue_factor_0_6,h1_high_reference_confirmation,hrr_reference_0_82_hrr_max_factor_1_2_decay_lambda_0_3_min_fatigue_factor_0_6,success,74.02736900898162,/home/pmarrec/Projet_Perso/RunningManager/data/exp_perf_predictions/trail_digital_twin_hypothesis_screen/runs/028_h1_high_reference_confirmation_hrr_reference_0_82_hrr_max_factor_1_2_decay_lambda_0_3_min_fatigue_factor_0_6,,
029_h1_high_reference_confirmation_hrr_reference_0_82_hrr_max_factor_1_2_decay_lambda_0_3_min_fatigue_factor_0_7,h1_high_reference_confirmation,hrr_reference_0_82_hrr_max_factor_1_2_decay_lambda_0_3_min_fatigue_factor_0_7,success,71.82959712296724,/home/pmarrec/Projet_Perso/RunningManager/data/exp_perf_predictions/trail_digital_twin_hypothesis_screen/runs/029_h1_high_reference_confirmation_hrr_reference_0_82_hrr_max_factor_1_2_decay_lambda_0_3_min_fatigue_factor_0_7,,
030_h1_high_reference_confirmation_hrr_reference_0_85_hrr_max_factor_1_decay_lambda_0_2_min_fatigue_factor_0_5,h1_high_reference_confirmation,hrr_reference_0_85_hrr_max_factor_1_decay_lambda_0_2_min_fatigue_factor_0_5,success,77.50177480792627,/home/pmarrec/Projet_Perso/RunningManager/data/exp_perf_predictions/trail_digital_twin_hypothesis_screen/runs/030_h1_high_reference_confirmation_hrr_reference_0_85_hrr_max_factor_1_decay_lambda_0_2_min_fatigue_factor_0_5,,
031_h1_high_reference_confirmation_hrr_reference_0_85_hrr_max_factor_1_decay_lambda_0_2_min_fatigue_factor_0_6,h1_high_reference_confirmation,hrr_reference_0_85_hrr_max_factor_1_decay_lambda_0_2_min_fatigue_factor_0_6,success,75.4656189569505,/home/pmarrec/Projet_Perso/RunningManager/data/exp_perf_predictions/trail_digital_twin_hypothesis_screen/runs/031_h1_high_reference_confirmation_hrr_reference_0_85_hrr_max_factor_1_decay_lambda_0_2_min_fatigue_factor_0_6,,
032_h1_high_reference_confirmation_hrr_reference_0_85_hrr_max_factor_1_decay_lambda_0_2_min_fatigue_factor_0_7,h1_high_reference_confirmation,hrr_reference_0_85_hrr_max_factor_1_decay_lambda_0_2_min_fatigue_factor_0_7,success,79.18330391403288,/home/pmarrec/Projet_Perso/RunningManager/data/exp_perf_predictions/trail_digital_twin_hypothesis_screen/runs/032_h1_high_reference_confirmation_hrr_reference_0_85_hrr_max_factor_1_decay_lambda_0_2_min_fatigue_factor_0_7,,
033_h1_high_reference_confirmation_hrr_reference_0_85_hrr_max_factor_1_decay_lambda_0_25_min_fatigue_factor_0_5,h1_high_reference_confirmation,hrr_reference_0_85_hrr_max_factor_1_decay_lambda_0_25_min_fatigue_factor_0_5,success,73.71395547199063,/home/pmarrec/Projet_Perso/RunningManager/data/exp_perf_predictions/trail_digital_twin_hypothesis_screen/runs/033_h1_high_reference_confirmation_hrr_reference_0_85_hrr_max_factor_1_decay_lambda_0_25_min_fatigue_factor_0_5,,
034_h1_high_reference_confirmation_hrr_reference_0_85_hrr_max_factor_1_decay_lambda_0_25_min_fatigue_factor_0_6,h1_high_reference_confirmation,hrr_reference_0_85_hrr_max_factor_1_decay_lambda_0_25_min_fatigue_factor_0_6,success,76.24454123398755,/home/pmarrec/Projet_Perso/RunningManager/data/exp_perf_predictions/trail_digital_twin_hypothesis_screen/runs/034_h1_high_reference_confirmation_hrr_reference_0_85_hrr_max_factor_1_decay_lambda_0_25_min_fatigue_factor_0_6,,
035_h1_high_reference_confirmation_hrr_reference_0_85_hrr_max_factor_1_decay_lambda_0_25_min_fatigue_factor_0_7,h1_high_reference_confirmation,hrr_reference_0_85_hrr_max_factor_1_decay_lambda_0_25_min_fatigue_factor_0_7,success,75.15471378399525,/home/pmarrec/Projet_Perso/RunningManager/data/exp_perf_predictions/trail_digital_twin_hypothesis_screen/runs/035_h1_high_reference_confirmation_hrr_reference_0_85_hrr_max_factor_1_decay_lambda_0_25_min_fatigue_factor_0_7,,
036_h1_high_reference_confirmation_hrr_reference_0_85_hrr_max_factor_1_decay_lambda_0_3_min_fatigue_factor_0_5,h1_high_reference_confirmation,hrr_reference_0_85_hrr_max_factor_1_decay_lambda_0_3_min_fatigue_factor_0_5,success,74.22453498200048,/home/pmarrec/Projet_Perso/RunningManager/data/exp_perf_predictions/trail_digital_twin_hypothesis_screen/runs/036_h1_high_reference_confirmation_hrr_reference_0_85_hrr_max_factor_1_decay_lambda_0_3_min_fatigue_factor_0_5,,
037_h1_high_reference_confirmation_hrr_reference_0_85_hrr_max_factor_1_decay_lambda_0_3_min_fatigue_factor_0_6,h1_high_reference_confirmation,hrr_reference_0_85_hrr_max_factor_1_decay_lambda_0_3_min_fatigue_factor_0_6,success,76.74942623707466,/home/pmarrec/Projet_Perso/RunningManager/data/exp_perf_predictions/trail_digital_twin_hypothesis_screen/runs/037_h1_high_reference_confirmation_hrr_reference_0_85_hrr_max_factor_1_decay_lambda_0_3_min_fatigue_factor_0_6,,
038_h1_high_reference_confirmation_hrr_reference_0_85_hrr_max_factor_1_decay_lambda_0_3_min_fatigue_factor_0_7,h1_high_reference_confirmation,hrr_reference_0_85_hrr_max_factor_1_decay_lambda_0_3_min_fatigue_factor_0_7,success,75.68457478098571,/home/pmarrec/Projet_Perso/RunningManager/data/exp_perf_predictions/trail_digital_twin_hypothesis_screen/runs/038_h1_high_reference_confirmation_hrr_reference_0_85_hrr_max_factor_1_decay_lambda_0_3_min_fatigue_factor_0_7,,
039_h1_high_reference_confirmation_hrr_reference_0_85_hrr_max_factor_1_1_decay_lambda_0_2_min_fatigue_factor_0_5,h1_high_reference_confirmation,hrr_reference_0_85_hrr_max_factor_1_1_decay_lambda_0_2_min_fatigue_factor_0_5,success,77.90707358496729,/home/pmarrec/Projet_Perso/RunningManager/data/exp_perf_predictions/trail_digital_twin_hypothesis_screen/runs/039_h1_high_reference_confirmation_hrr_reference_0_85_hrr_max_factor_1_1_decay_lambda_0_2_min_fatigue_factor_0_5,,
040_h1_high_reference_confirmation_hrr_reference_0_85_hrr_max_factor_1_1_decay_lambda_0_2_min_fatigue_factor_0_6,h1_high_reference_confirmation,hrr_reference_0_85_hrr_max_factor_1_1_decay_lambda_0_2_min_fatigue_factor_0_6,success,75.6576142279664,/home/pmarrec/Projet_Perso/RunningManager/data/exp_perf_predictions/trail_digital_twin_hypothesis_screen/runs/040_h1_high_reference_confirmation_hrr_reference_0_85_hrr_max_factor_1_1_decay_lambda_0_2_min_fatigue_factor_0_6,,
041_h1_high_reference_confirmation_hrr_reference_0_85_hrr_max_factor_1_1_decay_lambda_0_2_min_fatigue_factor_0_7,h1_high_reference_confirmation,hrr_reference_0_85_hrr_max_factor_1_1_decay_lambda_0_2_min_fatigue_factor_0_7,success,76.01885606592987,/home/pmarrec/Projet_Perso/RunningManager/data/exp_perf_predictions/trail_digital_twin_hypothesis_screen/runs/041_h1_high_reference_confirmation_hrr_reference_0_85_hrr_max_factor_1_1_decay_lambda_0_2_min_fatigue_factor_0_7,,
042_h1_high_reference_confirmation_hrr_reference_0_85_hrr_max_factor_1_1_decay_lambda_0_25_min_fatigue_factor_0_5,h1_high_reference_confirmation,hrr_reference_0_85_hrr_max_factor_1_1_decay_lambda_0_25_min_fatigue_factor_0_5,success,80.29177067405544,/home/pmarrec/Projet_Perso/RunningManager/data/exp_perf_predictions/trail_digital_twin_hypothesis_screen/runs/042_h1_high_reference_confirmation_hrr_reference_0_85_hrr_max_factor_1_1_decay_lambda_0_25_min_fatigue_factor_0_5,,
043_h1_high_reference_confirmation_hrr_reference_0_85_hrr_max_factor_1_1_decay_lambda_0_25_min_fatigue_factor_0_6,h1_high_reference_confirmation,hrr_reference_0_85_hrr_max_factor_1_1_decay_lambda_0_25_min_fatigue_factor_0_6,success,75.09399779897649,/home/pmarrec/Projet_Perso/RunningManager/data/exp_perf_predictions/trail_digital_twin_hypothesis_screen/runs/043_h1_high_reference_confirmation_hrr_reference_0_85_hrr_max_factor_1_1_decay_lambda_0_25_min_fatigue_factor_0_6,,
044_h1_high_reference_confirmation_hrr_reference_0_85_hrr_max_factor_1_1_decay_lambda_0_25_min_fatigue_factor_0_7,h1_high_reference_confirmation,hrr_reference_0_85_hrr_max_factor_1_1_decay_lambda_0_25_min_fatigue_factor_0_7,success,78.12688904500101,/home/pmarrec/Projet_Perso/RunningManager/data/exp_perf_predictions/trail_digital_twin_hypothesis_screen/runs/044_h1_high_reference_confirmation_hrr_reference_0_85_hrr_max_factor_1_1_decay_lambda_0_25_min_fatigue_factor_0_7,,
045_h1_high_reference_confirmation_hrr_reference_0_85_hrr_max_factor_1_1_decay_lambda_0_3_min_fatigue_factor_0_5,h1_high_reference_confirmation,hrr_reference_0_85_hrr_max_factor_1_1_decay_lambda_0_3_min_fatigue_factor_0_5,success,76.78685790102463,/home/pmarrec/Projet_Perso/RunningManager/data/exp_perf_predictions/trail_digital_twin_hypothesis_screen/runs/045_h1_high_reference_confirmation_hrr_reference_0_85_hrr_max_factor_1_1_decay_lambda_0_3_min_fatigue_factor_0_5,,
046_h1_high_reference_confirmation_hrr_reference_0_85_hrr_max_factor_1_1_decay_lambda_0_3_min_fatigue_factor_0_6,h1_high_reference_confirmation,hrr_reference_0_85_hrr_max_factor_1_1_decay_lambda_0_3_min_fatigue_factor_0_6,success,76.87761256599333,/home/pmarrec/Projet_Perso/RunningManager/data/exp_perf_predictions/trail_digital_twin_hypothesis_screen/runs/046_h1_high_reference_confirmation_hrr_reference_0_85_hrr_max_factor_1_1_decay_lambda_0_3_min_fatigue_factor_0_6,,
047_h1_high_reference_confirmation_hrr_reference_0_85_hrr_max_factor_1_1_decay_lambda_0_3_min_fatigue_factor_0_7,h1_high_reference_confirmation,hrr_reference_0_85_hrr_max_factor_1_1_decay_lambda_0_3_min_fatigue_factor_0_7,success,75.15582116495352,/home/pmarrec/Projet_Perso/RunningManager/data/exp_perf_predictions/trail_digital_twin_hypothesis_screen/runs/047_h1_high_reference_confirmation_hrr_reference_0_85_hrr_max_factor_1_1_decay_lambda_0_3_min_fatigue_factor_0_7,,
048_h1_high_reference_confirmation_hrr_reference_0_85_hrr_max_factor_1_2_decay_lambda_0_2_min_fatigue_factor_0_5,h1_high_reference_confirmation,hrr_reference_0_85_hrr_max_factor_1_2_decay_lambda_0_2_min_fatigue_factor_0_5,success,77.02991779299919,/home/pmarrec/Projet_Perso/RunningManager/data/exp_perf_predictions/trail_digital_twin_hypothesis_screen/runs/048_h1_high_reference_confirmation_hrr_reference_0_85_hrr_max_factor_1_2_decay_lambda_0_2_min_fatigue_factor_0_5,,
049_h1_high_reference_confirmation_hrr_reference_0_85_hrr_max_factor_1_2_decay_lambda_0_2_min_fatigue_factor_0_6,h1_high_reference_confirmation,hrr_reference_0_85_hrr_max_factor_1_2_decay_lambda_0_2_min_fatigue_factor_0_6,success,76.49533319694456,/home/pmarrec/Projet_Perso/RunningManager/data/exp_perf_predictions/trail_digital_twin_hypothesis_screen/runs/049_h1_high_reference_confirmation_hrr_reference_0_85_hrr_max_factor_1_2_decay_lambda_0_2_min_fatigue_factor_0_6,,
050_h1_high_reference_confirmation_hrr_reference_0_85_hrr_max_factor_1_2_decay_lambda_0_2_min_fatigue_factor_0_7,h1_high_reference_confirmation,hrr_reference_0_85_hrr_max_factor_1_2_decay_lambda_0_2_min_fatigue_factor_0_7,success,73.0157735790126,/home/pmarrec/Projet_Perso/RunningManager/data/exp_perf_predictions/trail_digital_twin_hypothesis_screen/runs/050_h1_high_reference_confirmation_hrr_reference_0_85_hrr_max_factor_1_2_decay_lambda_0_2_min_fatigue_factor_0_7,,
051_h1_high_reference_confirmation_hrr_reference_0_85_hrr_max_factor_1_2_decay_lambda_0_25_min_fatigue_factor_0_5,h1_high_reference_confirmation,hrr_reference_0_85_hrr_max_factor_1_2_decay_lambda_0_25_min_fatigue_factor_0_5,success,80.44416654400993,/home/pmarrec/Projet_Perso/RunningManager/data/exp_perf_predictions/trail_digital_twin_hypothesis_screen/runs/051_h1_high_reference_confirmation_hrr_reference_0_85_hrr_max_factor_1_2_decay_lambda_0_25_min_fatigue_factor_0_5,,
052_h1_high_reference_confirmation_hrr_reference_0_85_hrr_max_factor_1_2_decay_lambda_0_25_min_fatigue_factor_0_6,h1_high_reference_confirmation,hrr_reference_0_85_hrr_max_factor_1_2_decay_lambda_0_25_min_fatigue_factor_0_6,success,74.34433632309083,/home/pmarrec/Projet_Perso/RunningManager/data/exp_perf_predictions/trail_digital_twin_hypothesis_screen/runs/052_h1_high_reference_confirmation_hrr_reference_0_85_hrr_max_factor_1_2_decay_lambda_0_25_min_fatigue_factor_0_6,,
053_h1_high_reference_confirmation_hrr_reference_0_85_hrr_max_factor_1_2_decay_lambda_0_25_min_fatigue_factor_0_7,h1_high_reference_confirmation,hrr_reference_0_85_hrr_max_factor_1_2_decay_lambda_0_25_min_fatigue_factor_0_7,success,72.18655294098426,/home/pmarrec/Projet_Perso/RunningManager/data/exp_perf_predictions/trail_digital_twin_hypothesis_screen/runs/053_h1_high_reference_confirmation_hrr_reference_0_85_hrr_max_factor_1_2_decay_lambda_0_25_min_fatigue_factor_0_7,,
054_h1_high_reference_confirmation_hrr_reference_0_85_hrr_max_factor_1_2_decay_lambda_0_3_min_fatigue_factor_0_5,h1_high_reference_confirmation,hrr_reference_0_85_hrr_max_factor_1_2_decay_lambda_0_3_min_fatigue_factor_0_5,success,74.2964605349116,/home/pmarrec/Projet_Perso/RunningManager/data/exp_perf_predictions/trail_digital_twin_hypothesis_screen/runs/054_h1_high_reference_confirmation_hrr_reference_0_85_hrr_max_factor_1_2_decay_lambda_0_3_min_fatigue_factor_0_5,,
055_h1_high_reference_confirmation_hrr_reference_0_85_hrr_max_factor_1_2_decay_lambda_0_3_min_fatigue_factor_0_6,h1_high_reference_confirmation,hrr_reference_0_85_hrr_max_factor_1_2_decay_lambda_0_3_min_fatigue_factor_0_6,success,79.84233380295336,/home/pmarrec/Projet_Perso/RunningManager/data/exp_perf_predictions/trail_digital_twin_hypothesis_screen/runs/055_h1_high_reference_confirmation_hrr_reference_0_85_hrr_max_factor_1_2_decay_lambda_0_3_min_fatigue_factor_0_6,,
056_h1_high_reference_confirmation_hrr_reference_0_85_hrr_max_factor_1_2_decay_lambda_0_3_min_fatigue_factor_0_7,h1_high_reference_confirmation,hrr_reference_0_85_hrr_max_factor_1_2_decay_lambda_0_3_min_fatigue_factor_0_7,success,74.84091081400402,/home/pmarrec/Projet_Perso/RunningManager/data/exp_perf_predictions/trail_digital_twin_hypothesis_screen/runs/056_h1_high_reference_confirmation_hrr_reference_0_85_hrr_max_factor_1_2_decay_lambda_0_3_min_fatigue_factor_0_7,,
057_h1_high_reference_confirmation_hrr_reference_0_88_hrr_max_factor_1_decay_lambda_0_2_min_fatigue_factor_0_5,h1_high_reference_confirmation,hrr_reference_0_88_hrr_max_factor_1_decay_lambda_0_2_min_fatigue_factor_0_5,success,73.62775225401856,/home/pmarrec/Projet_Perso/RunningManager/data/exp_perf_predictions/trail_digital_twin_hypothesis_screen/runs/057_h1_high_reference_confirmation_hrr_reference_0_88_hrr_max_factor_1_decay_lambda_0_2_min_fatigue_factor_0_5,,
058_h1_high_reference_confirmation_hrr_reference_0_88_hrr_max_factor_1_decay_lambda_0_2_min_fatigue_factor_0_6,h1_high_reference_confirmation,hrr_reference_0_88_hrr_max_factor_1_decay_lambda_0_2_min_fatigue_factor_0_6,success,77.85149970301427,/home/pmarrec/Projet_Perso/RunningManager/data/exp_perf_predictions/trail_digital_twin_hypothesis_screen/runs/058_h1_high_reference_confirmation_hrr_reference_0_88_hrr_max_factor_1_decay_lambda_0_2_min_fatigue_factor_0_6,,
059_h1_high_reference_confirmation_hrr_reference_0_88_hrr_max_factor_1_decay_lambda_0_2_min_fatigue_factor_0_7,h1_high_reference_confirmation,hrr_reference_0_88_hrr_max_factor_1_decay_lambda_0_2_min_fatigue_factor_0_7,success,70.27793268102687,/home/pmarrec/Projet_Perso/RunningManager/data/exp_perf_predictions/trail_digital_twin_hypothesis_screen/runs/059_h1_high_reference_confirmation_hrr_reference_0_88_hrr_max_factor_1_decay_lambda_0_2_min_fatigue_factor_0_7,,
060_h1_high_reference_confirmation_hrr_reference_0_88_hrr_max_factor_1_decay_lambda_0_25_min_fatigue_factor_0_5,h1_high_reference_confirmation,hrr_reference_0_88_hrr_max_factor_1_decay_lambda_0_25_min_fatigue_factor_0_5,success,73.2463693349855,/home/pmarrec/Projet_Perso/RunningManager/data/exp_perf_predictions/trail_digital_twin_hypothesis_screen/runs/060_h1_high_reference_confirmation_hrr_reference_0_88_hrr_max_factor_1_decay_lambda_0_25_min_fatigue_factor_0_5,,
061_h1_high_reference_confirmation_hrr_reference_0_88_hrr_max_factor_1_decay_lambda_0_25_min_fatigue_factor_0_6,h1_high_reference_confirmation,hrr_reference_0_88_hrr_max_factor_1_decay_lambda_0_25_min_fatigue_factor_0_6,success,71.47310674400069,/home/pmarrec/Projet_Perso/RunningManager/data/exp_perf_predictions/trail_digital_twin_hypothesis_screen/runs/061_h1_high_reference_confirmation_hrr_reference_0_88_hrr_max_factor_1_decay_lambda_0_25_min_fatigue_factor_0_6,,
062_h1_high_reference_confirmation_hrr_reference_0_88_hrr_max_factor_1_decay_lambda_0_25_min_fatigue_factor_0_7,h1_high_reference_confirmation,hrr_reference_0_88_hrr_max_factor_1_decay_lambda_0_25_min_fatigue_factor_0_7,success,72.93447241198737,/home/pmarrec/Projet_Perso/RunningManager/data/exp_perf_predictions/trail_digital_twin_hypothesis_screen/runs/062_h1_high_reference_confirmation_hrr_reference_0_88_hrr_max_factor_1_decay_lambda_0_25_min_fatigue_factor_0_7,,
063_h1_high_reference_confirmation_hrr_reference_0_88_hrr_max_factor_1_decay_lambda_0_3_min_fatigue_factor_0_5,h1_high_reference_confirmation,hrr_reference_0_88_hrr_max_factor_1_decay_lambda_0_3_min_fatigue_factor_0_5,success,75.0152905669529,/home/pmarrec/Projet_Perso/RunningManager/data/exp_perf_predictions/trail_digital_twin_hypothesis_screen/runs/063_h1_high_reference_confirmation_hrr_reference_0_88_hrr_max_factor_1_decay_lambda_0_3_min_fatigue_factor_0_5,,
064_h1_high_reference_confirmation_hrr_reference_0_88_hrr_max_factor_1_decay_lambda_0_3_min_fatigue_factor_0_6,h1_high_reference_confirmation,hrr_reference_0_88_hrr_max_factor_1_decay_lambda_0_3_min_fatigue_factor_0_6,success,78.68407417298295,/home/pmarrec/Projet_Perso/RunningManager/data/exp_perf_predictions/trail_digital_twin_hypothesis_screen/runs/064_h1_high_reference_confirmation_hrr_reference_0_88_hrr_max_factor_1_decay_lambda_0_3_min_fatigue_factor_0_6,,
065_h1_high_reference_confirmation_hrr_reference_0_88_hrr_max_factor_1_decay_lambda_0_3_min_fatigue_factor_0_7,h1_high_reference_confirmation,hrr_reference_0_88_hrr_max_factor_1_decay_lambda_0_3_min_fatigue_factor_0_7,success,77.53387855202891,/home/pmarrec/Projet_Perso/RunningManager/data/exp_perf_predictions/trail_digital_twin_hypothesis_screen/runs/065_h1_high_reference_confirmation_hrr_reference_0_88_hrr_max_factor_1_decay_lambda_0_3_min_fatigue_factor_0_7,,
066_h1_high_reference_confirmation_hrr_reference_0_88_hrr_max_factor_1_1_decay_lambda_0_2_min_fatigue_factor_0_5,h1_high_reference_confirmation,hrr_reference_0_88_hrr_max_factor_1_1_decay_lambda_0_2_min_fatigue_factor_0_5,success,78.09259004390333,/home/pmarrec/Projet_Perso/RunningManager/data/exp_perf_predictions/trail_digital_twin_hypothesis_screen/runs/066_h1_high_reference_confirmation_hrr_reference_0_88_hrr_max_factor_1_1_decay_lambda_0_2_min_fatigue_factor_0_5,,
067_h1_high_reference_confirmation_hrr_reference_0_88_hrr_max_factor_1_1_decay_lambda_0_2_min_fatigue_factor_0_6,h1_high_reference_confirmation,hrr_reference_0_88_hrr_max_factor_1_1_decay_lambda_0_2_min_fatigue_factor_0_6,success,76.80591219908092,/home/pmarrec/Projet_Perso/RunningManager/data/exp_perf_predictions/trail_digital_twin_hypothesis_screen/runs/067_h1_high_reference_confirmation_hrr_reference_0_88_hrr_max_factor_1_1_decay_lambda_0_2_min_fatigue_factor_0_6,,
068_h1_high_reference_confirmation_hrr_reference_0_88_hrr_max_factor_1_1_decay_lambda_0_2_min_fatigue_factor_0_7,h1_high_reference_confirmation,hrr_reference_0_88_hrr_max_factor_1_1_decay_lambda_0_2_min_fatigue_factor_0_7,success,76.16849264095072,/home/pmarrec/Projet_Perso/RunningManager/data/exp_perf_predictions/trail_digital_twin_hypothesis_screen/runs/068_h1_high_reference_confirmation_hrr_reference_0_88_hrr_max_factor_1_1_decay_lambda_0_2_min_fatigue_factor_0_7,,
069_h1_high_reference_confirmation_hrr_reference_0_88_hrr_max_factor_1_1_decay_lambda_0_25_min_fatigue_factor_0_5,h1_high_reference_confirmation,hrr_reference_0_88_hrr_max_factor_1_1_decay_lambda_0_25_min_fatigue_factor_0_5,success,77.10440010204911,/home/pmarrec/Projet_Perso/RunningManager/data/exp_perf_predictions/trail_digital_twin_hypothesis_screen/runs/069_h1_high_reference_confirmation_hrr_reference_0_88_hrr_max_factor_1_1_decay_lambda_0_25_min_fatigue_factor_0_5,,
070_h1_high_reference_confirmation_hrr_reference_0_88_hrr_max_factor_1_1_decay_lambda_0_25_min_fatigue_factor_0_6,h1_high_reference_confirmation,hrr_reference_0_88_hrr_max_factor_1_1_decay_lambda_0_25_min_fatigue_factor_0_6,success,74.25285456702113,/home/pmarrec/Projet_Perso/RunningManager/data/exp_perf_predictions/trail_digital_twin_hypothesis_screen/runs/070_h1_high_reference_confirmation_hrr_reference_0_88_hrr_max_factor_1_1_decay_lambda_0_25_min_fatigue_factor_0_6,,
071_h1_high_reference_confirmation_hrr_reference_0_88_hrr_max_factor_1_1_decay_lambda_0_25_min_fatigue_factor_0_7,h1_high_reference_confirmation,hrr_reference_0_88_hrr_max_factor_1_1_decay_lambda_0_25_min_fatigue_factor_0_7,success,76.48631245899014,/home/pmarrec/Projet_Perso/RunningManager/data/exp_perf_predictions/trail_digital_twin_hypothesis_screen/runs/071_h1_high_reference_confirmation_hrr_reference_0_88_hrr_max_factor_1_1_decay_lambda_0_25_min_fatigue_factor_0_7,,
072_h1_high_reference_confirmation_hrr_reference_0_88_hrr_max_factor_1_1_decay_lambda_0_3_min_fatigue_factor_0_5,h1_high_reference_confirmation,hrr_reference_0_88_hrr_max_factor_1_1_decay_lambda_0_3_min_fatigue_factor_0_5,success,74.4557949990267,/home/pmarrec/Projet_Perso/RunningManager/data/exp_perf_predictions/trail_digital_twin_hypothesis_screen/runs/072_h1_high_reference_confirmation_hrr_reference_0_88_hrr_max_factor_1_1_decay_lambda_0_3_min_fatigue_factor_0_5,,
073_h1_high_reference_confirmation_hrr_reference_0_88_hrr_max_factor_1_1_decay_lambda_0_3_min_fatigue_factor_0_6,h1_high_reference_confirmation,hrr_reference_0_88_hrr_max_factor_1_1_decay_lambda_0_3_min_fatigue_factor_0_6,success,78.5715420889901,/home/pmarrec/Projet_Perso/RunningManager/data/exp_perf_predictions/trail_digital_twin_hypothesis_screen/runs/073_h1_high_reference_confirmation_hrr_reference_0_88_hrr_max_factor_1_1_decay_lambda_0_3_min_fatigue_factor_0_6,,
074_h1_high_reference_confirmation_hrr_reference_0_88_hrr_max_factor_1_1_decay_lambda_0_3_min_fatigue_factor_0_7,h1_high_reference_confirmation,hrr_reference_0_88_hrr_max_factor_1_1_decay_lambda_0_3_min_fatigue_factor_0_7,success,70.67328162293416,/home/pmarrec/Projet_Perso/RunningManager/data/exp_perf_predictions/trail_digital_twin_hypothesis_screen/runs/074_h1_high_reference_confirmation_hrr_reference_0_88_hrr_max_factor_1_1_decay_lambda_0_3_min_fatigue_factor_0_7,,
075_h1_high_reference_confirmation_hrr_reference_0_88_hrr_max_factor_1_2_decay_lambda_0_2_min_fatigue_factor_0_5,h1_high_reference_confirmation,hrr_reference_0_88_hrr_max_factor_1_2_decay_lambda_0_2_min_fatigue_factor_0_5,success,73.68485151592176,/home/pmarrec/Projet_Perso/RunningManager/data/exp_perf_predictions/trail_digital_twin_hypothesis_screen/runs/075_h1_high_reference_confirmation_hrr_reference_0_88_hrr_max_factor_1_2_decay_lambda_0_2_min_fatigue_factor_0_5,,
076_h1_high_reference_confirmation_hrr_reference_0_88_hrr_max_factor_1_2_decay_lambda_0_2_min_fatigue_factor_0_6,h1_high_reference_confirmation,hrr_reference_0_88_hrr_max_factor_1_2_decay_lambda_0_2_min_fatigue_factor_0_6,success,74.3056462869281,/home/pmarrec/Projet_Perso/RunningManager/data/exp_perf_predictions/trail_digital_twin_hypothesis_screen/runs/076_h1_high_reference_confirmation_hrr_reference_0_88_hrr_max_factor_1_2_decay_lambda_0_2_min_fatigue_factor_0_6,,
077_h1_high_reference_confirmation_hrr_reference_0_88_hrr_max_factor_1_2_decay_lambda_0_2_min_fatigue_factor_0_7,h1_high_reference_confirmation,hrr_reference_0_88_hrr_max_factor_1_2_decay_lambda_0_2_min_fatigue_factor_0_7,success,76.67857004899997,/home/pmarrec/Projet_Perso/RunningManager/data/exp_perf_predictions/trail_digital_twin_hypothesis_screen/runs/077_h1_high_reference_confirmation_hrr_reference_0_88_hrr_max_factor_1_2_decay_lambda_0_2_min_fatigue_factor_0_7,,
078_h1_high_reference_confirmation_hrr_reference_0_88_hrr_max_factor_1_2_decay_lambda_0_25_min_fatigue_factor_0_5,h1_high_reference_confirmation,hrr_reference_0_88_hrr_max_factor_1_2_decay_lambda_0_25_min_fatigue_factor_0_5,success,75.4434320650762,/home/pmarrec/Projet_Perso/RunningManager/data/exp_perf_predictions/trail_digital_twin_hypothesis_screen/runs/078_h1_high_reference_confirmation_hrr_reference_0_88_hrr_max_factor_1_2_decay_lambda_0_25_min_fatigue_factor_0_5,,
079_h1_high_reference_confirmation_hrr_reference_0_88_hrr_max_factor_1_2_decay_lambda_0_25_min_fatigue_factor_0_6,h1_high_reference_confirmation,hrr_reference_0_88_hrr_max_factor_1_2_decay_lambda_0_25_min_fatigue_factor_0_6,success,71.35885721095838,/home/pmarrec/Projet_Perso/RunningManager/data/exp_perf_predictions/trail_digital_twin_hypothesis_screen/runs/079_h1_high_reference_confirmation_hrr_reference_0_88_hrr_max_factor_1_2_decay_lambda_0_25_min_fatigue_factor_0_6,,
080_h1_high_reference_confirmation_hrr_reference_0_88_hrr_max_factor_1_2_decay_lambda_0_25_min_fatigue_factor_0_7,h1_high_reference_confirmation,hrr_reference_0_88_hrr_max_factor_1_2_decay_lambda_0_25_min_fatigue_factor_0_7,success,78.16457157209516,/home/pmarrec/Projet_Perso/RunningManager/data/exp_perf_predictions/trail_digital_twin_hypothesis_screen/runs/080_h1_high_reference_confirmation_hrr_reference_0_88_hrr_max_factor_1_2_decay_lambda_0_25_min_fatigue_factor_0_7,,
081_h1_high_reference_confirmation_hrr_reference_0_88_hrr_max_factor_1_2_decay_lambda_0_3_min_fatigue_factor_0_5,h1_high_reference_confirmation,hrr_reference_0_88_hrr_max_factor_1_2_decay_lambda_0_3_min_fatigue_factor_0_5,success,76.43087962991558,/home/pmarrec/Projet_Perso/RunningManager/data/exp_perf_predictions/trail_digital_twin_hypothesis_screen/runs/081_h1_high_reference_confirmation_hrr_reference_0_88_hrr_max_factor_1_2_decay_lambda_0_3_min_fatigue_factor_0_5,,
082_h1_high_reference_confirmation_hrr_reference_0_88_hrr_max_factor_1_2_decay_lambda_0_3_min_fatigue_factor_0_6,h1_high_reference_confirmation,hrr_reference_0_88_hrr_max_factor_1_2_decay_lambda_0_3_min_fatigue_factor_0_6,success,77.46565003704745,/home/pmarrec/Projet_Perso/RunningManager/data/exp_perf_predictions/trail_digital_twin_hypothesis_screen/runs/082_h1_high_reference_confirmation_hrr_reference_0_88_hrr_max_factor_1_2_decay_lambda_0_3_min_fatigue_factor_0_6,,
083_h1_high_reference_confirmation_hrr_reference_0_88_hrr_max_factor_1_2_decay_lambda_0_3_min_fatigue_factor_0_7,h1_high_reference_confirmation,hrr_reference_0_88_hrr_max_factor_1_2_decay_lambda_0_3_min_fatigue_factor_0_7,success,76.95617570006289,/home/pmarrec/Projet_Perso/RunningManager/data/exp_perf_predictions/trail_digital_twin_hypothesis_screen/runs/083_h1_high_reference_confirmation_hrr_reference_0_88_hrr_max_factor_1_2_decay_lambda_0_3_min_fatigue_factor_0_7,,
084_h3_hard_trail_low_reference_hrr_reference_0_55_hrr_min_factor_0_3_hrr_max_factor_1_4_decay_lambda_0_1_min_fa,h3_hard_trail_low_reference,hrr_reference_0_55_hrr_min_factor_0_3_hrr_max_factor_1_4_decay_lambda_0_1_min_fatigue_factor_0_5,success,74.04153822595254,/home/pmarrec/Projet_Perso/RunningManager/data/exp_perf_predictions/trail_digital_twin_hypothesis_screen/runs/084_h3_hard_trail_low_reference_hrr_reference_0_55_hrr_min_factor_0_3_hrr_max_factor_1_4_decay_lambda_0_1_min_fa,,
085_h3_hard_trail_low_reference_hrr_reference_0_55_hrr_min_factor_0_3_hrr_max_factor_1_4_decay_lambda_0_15_min_f,h3_hard_trail_low_reference,hrr_reference_0_55_hrr_min_factor_0_3_hrr_max_factor_1_4_decay_lambda_0_15_min_fatigue_factor_0_,success,80.25580662803259,/home/pmarrec/Projet_Perso/RunningManager/data/exp_perf_predictions/trail_digital_twin_hypothesis_screen/runs/085_h3_hard_trail_low_reference_hrr_reference_0_55_hrr_min_factor_0_3_hrr_max_factor_1_4_decay_lambda_0_15_min_f,,
086_h3_hard_trail_low_reference_hrr_reference_0_55_hrr_min_factor_0_3_hrr_max_factor_1_4_decay_lambda_0_2_min_fa,h3_hard_trail_low_reference,hrr_reference_0_55_hrr_min_factor_0_3_hrr_max_factor_1_4_decay_lambda_0_2_min_fatigue_factor_0_5,success,70.75912305200472,/home/pmarrec/Projet_Perso/RunningManager/data/exp_perf_predictions/trail_digital_twin_hypothesis_screen/runs/086_h3_hard_trail_low_reference_hrr_reference_0_55_hrr_min_factor_0_3_hrr_max_factor_1_4_decay_lambda_0_2_min_fa,,
087_h3_hard_trail_low_reference_hrr_reference_0_55_hrr_min_factor_0_3_hrr_max_factor_1_6_decay_lambda_0_1_min_fa,h3_hard_trail_low_reference,hrr_reference_0_55_hrr_min_factor_0_3_hrr_max_factor_1_6_decay_lambda_0_1_min_fatigue_factor_0_5,success,77.20134672906715,/home/pmarrec/Projet_Perso/RunningManager/data/exp_perf_predictions/trail_digital_twin_hypothesis_screen/runs/087_h3_hard_trail_low_reference_hrr_reference_0_55_hrr_min_factor_0_3_hrr_max_factor_1_6_decay_lambda_0_1_min_fa,,
088_h3_hard_trail_low_reference_hrr_reference_0_55_hrr_min_factor_0_3_hrr_max_factor_1_6_decay_lambda_0_15_min_f,h3_hard_trail_low_reference,hrr_reference_0_55_hrr_min_factor_0_3_hrr_max_factor_1_6_decay_lambda_0_15_min_fatigue_factor_0_,success,74.2216423980426,/home/pmarrec/Projet_Perso/RunningManager/data/exp_perf_predictions/trail_digital_twin_hypothesis_screen/runs/088_h3_hard_trail_low_reference_hrr_reference_0_55_hrr_min_factor_0_3_hrr_max_factor_1_6_decay_lambda_0_15_min_f,,
089_h3_hard_trail_low_reference_hrr_reference_0_55_hrr_min_factor_0_3_hrr_max_factor_1_6_decay_lambda_0_2_min_fa,h3_hard_trail_low_reference,hrr_reference_0_55_hrr_min_factor_0_3_hrr_max_factor_1_6_decay_lambda_0_2_min_fatigue_factor_0_5,success,73.70010490296409,/home/pmarrec/Projet_Perso/RunningManager/data/exp_perf_predictions/trail_digital_twin_hypothesis_screen/runs/089_h3_hard_trail_low_reference_hrr_reference_0_55_hrr_min_factor_0_3_hrr_max_factor_1_6_decay_lambda_0_2_min_fa,,
090_h3_hard_trail_low_reference_hrr_reference_0_55_hrr_min_factor_0_3_hrr_max_factor_1_8_decay_lambda_0_1_min_fa,h3_hard_trail_low_reference,hrr_reference_0_55_hrr_min_factor_0_3_hrr_max_factor_1_8_decay_lambda_0_1_min_fatigue_factor_0_5,success,76.57529467099812,/home/pmarrec/Projet_Perso/RunningManager/data/exp_perf_predictions/trail_digital_twin_hypothesis_screen/runs/090_h3_hard_trail_low_reference_hrr_reference_0_55_hrr_min_factor_0_3_hrr_max_factor_1_8_decay_lambda_0_1_min_fa,,
091_h3_hard_trail_low_reference_hrr_reference_0_55_hrr_min_factor_0_3_hrr_max_factor_1_8_decay_lambda_0_15_min_f,h3_hard_trail_low_reference,hrr_reference_0_55_hrr_min_factor_0_3_hrr_max_factor_1_8_decay_lambda_0_15_min_fatigue_factor_0_,success,76.38393778901082,/home/pmarrec/Projet_Perso/RunningManager/data/exp_perf_predictions/trail_digital_twin_hypothesis_screen/runs/091_h3_hard_trail_low_reference_hrr_reference_0_55_hrr_min_factor_0_3_hrr_max_factor_1_8_decay_lambda_0_15_min_f,,
092_h3_hard_trail_low_reference_hrr_reference_0_55_hrr_min_factor_0_3_hrr_max_factor_1_8_decay_lambda_0_2_min_fa,h3_hard_trail_low_reference,hrr_reference_0_55_hrr_min_factor_0_3_hrr_max_factor_1_8_decay_lambda_0_2_min_fatigue_factor_0_5,success,78.26548738707788,/home/pmarrec/Projet_Perso/RunningManager/data/exp_perf_predictions/trail_digital_twin_hypothesis_screen/runs/092_h3_hard_trail_low_reference_hrr_reference_0_55_hrr_min_factor_0_3_hrr_max_factor_1_8_decay_lambda_0_2_min_fa,,
093_h3_hard_trail_low_reference_hrr_reference_0_55_hrr_min_factor_0_4_hrr_max_factor_1_4_decay_lambda_0_1_min_fa,h3_hard_trail_low_reference,hrr_reference_0_55_hrr_min_factor_0_4_hrr_max_factor_1_4_decay_lambda_0_1_min_fatigue_factor_0_5,success,78.28860155201983,/home/pmarrec/Projet_Perso/RunningManager/data/exp_perf_predictions/trail_digital_twin_hypothesis_screen/runs/093_h3_hard_trail_low_reference_hrr_reference_0_55_hrr_min_factor_0_4_hrr_max_factor_1_4_decay_lambda_0_1_min_fa,,
094_h3_hard_trail_low_reference_hrr_reference_0_55_hrr_min_factor_0_4_hrr_max_factor_1_4_decay_lambda_0_15_min_f,h3_hard_trail_low_reference,hrr_reference_0_55_hrr_min_factor_0_4_hrr_max_factor_1_4_decay_lambda_0_15_min_fatigue_factor_0_,success,76.37405720097013,/home/pmarrec/Projet_Perso/RunningManager/data/exp_perf_predictions/trail_digital_twin_hypothesis_screen/runs/094_h3_hard_trail_low_reference_hrr_reference_0_55_hrr_min_factor_0_4_hrr_max_factor_1_4_decay_lambda_0_15_min_f,,
095_h3_hard_trail_low_reference_hrr_reference_0_55_hrr_min_factor_0_4_hrr_max_factor_1_4_decay_lambda_0_2_min_fa,h3_hard_trail_low_reference,hrr_reference_0_55_hrr_min_factor_0_4_hrr_max_factor_1_4_decay_lambda_0_2_min_fatigue_factor_0_5,success,76.17588930495549,/home/pmarrec/Projet_Perso/RunningManager/data/exp_perf_predictions/trail_digital_twin_hypothesis_screen/runs/095_h3_hard_trail_low_reference_hrr_reference_0_55_hrr_min_factor_0_4_hrr_max_factor_1_4_decay_lambda_0_2_min_fa,,
096_h3_hard_trail_low_reference_hrr_reference_0_55_hrr_min_factor_0_4_hrr_max_factor_1_6_decay_lambda_0_1_min_fa,h3_hard_trail_low_reference,hrr_reference_0_55_hrr_min_factor_0_4_hrr_max_factor_1_6_decay_lambda_0_1_min_fatigue_factor_0_5,success,71.6972431539325,/home/pmarrec/Projet_Perso/RunningManager/data/exp_perf_predictions/trail_digital_twin_hypothesis_screen/runs/096_h3_hard_trail_low_reference_hrr_reference_0_55_hrr_min_factor_0_4_hrr_max_factor_1_6_decay_lambda_0_1_min_fa,,
097_h3_hard_trail_low_reference_hrr_reference_0_55_hrr_min_factor_0_4_hrr_max_factor_1_6_decay_lambda_0_15_min_f,h3_hard_trail_low_reference,hrr_reference_0_55_hrr_min_factor_0_4_hrr_max_factor_1_6_decay_lambda_0_15_min_fatigue_factor_0_,success,70.27869835402817,/home/pmarrec/Projet_Perso/RunningManager/data/exp_perf_predictions/trail_digital_twin_hypothesis_screen/runs/097_h3_hard_trail_low_reference_hrr_reference_0_55_hrr_min_factor_0_4_hrr_max_factor_1_6_decay_lambda_0_15_min_f,,
098_h3_hard_trail_low_reference_hrr_reference_0_55_hrr_min_factor_0_4_hrr_max_factor_1_6_decay_lambda_0_2_min_fa,h3_hard_trail_low_reference,hrr_reference_0_55_hrr_min_factor_0_4_hrr_max_factor_1_6_decay_lambda_0_2_min_fatigue_factor_0_5,success,69.53921396296937,/home/pmarrec/Projet_Perso/RunningManager/data/exp_perf_predictions/trail_digital_twin_hypothesis_screen/runs/098_h3_hard_trail_low_reference_hrr_reference_0_55_hrr_min_factor_0_4_hrr_max_factor_1_6_decay_lambda_0_2_min_fa,,
099_h3_hard_trail_low_reference_hrr_reference_0_55_hrr_min_factor_0_4_hrr_max_factor_1_8_decay_lambda_0_1_min_fa,h3_hard_trail_low_reference,hrr_reference_0_55_hrr_min_factor_0_4_hrr_max_factor_1_8_decay_lambda_0_1_min_fatigue_factor_0_5,success,79.08903633395676,/home/pmarrec/Projet_Perso/RunningManager/data/exp_perf_predictions/trail_digital_twin_hypothesis_screen/runs/099_h3_hard_trail_low_reference_hrr_reference_0_55_hrr_min_factor_0_4_hrr_max_factor_1_8_decay_lambda_0_1_min_fa,,
100_h3_hard_trail_low_reference_hrr_reference_0_55_hrr_min_factor_0_4_hrr_max_factor_1_8_decay_lambda_0_15_min_f,h3_hard_trail_low_reference,hrr_reference_0_55_hrr_min_factor_0_4_hrr_max_factor_1_8_decay_lambda_0_15_min_fatigue_factor_0_,success,70.64884473697748,/home/pmarrec/Projet_Perso/RunningManager/data/exp_perf_predictions/trail_digital_twin_hypothesis_screen/runs/100_h3_hard_trail_low_reference_hrr_reference_0_55_hrr_min_factor_0_4_hrr_max_factor_1_8_decay_lambda_0_15_min_f,,
101_h3_hard_trail_low_reference_hrr_reference_0_55_hrr_min_factor_0_4_hrr_max_factor_1_8_decay_lambda_0_2_min_fa,h3_hard_trail_low_reference,hrr_reference_0_55_hrr_min_factor_0_4_hrr_max_factor_1_8_decay_lambda_0_2_min_fatigue_factor_0_5,success,73.02422642009333,/home/pmarrec/Projet_Perso/RunningManager/data/exp_perf_predictions/trail_digital_twin_hypothesis_screen/runs/101_h3_hard_trail_low_reference_hrr_reference_0_55_hrr_min_factor_0_4_hrr_max_factor_1_8_decay_lambda_0_2_min_fa,,
102_h3_hard_trail_low_reference_hrr_reference_0_55_hrr_min_factor_0_5_hrr_max_factor_1_4_decay_lambda_0_1_min_fa,h3_hard_trail_low_reference,hrr_reference_0_55_hrr_min_factor_0_5_hrr_max_factor_1_4_decay_lambda_0_1_min_fatigue_factor_0_5,success,72.39570403308608,/home/pmarrec/Projet_Perso/RunningManager/data/exp_perf_predictions/trail_digital_twin_hypothesis_screen/runs/102_h3_hard_trail_low_reference_hrr_reference_0_55_hrr_min_factor_0_5_hrr_max_factor_1_4_decay_lambda_0_1_min_fa,,
103_h3_hard_trail_low_reference_hrr_reference_0_55_hrr_min_factor_0_5_hrr_max_factor_1_4_decay_lambda_0_15_min_f,h3_hard_trail_low_reference,hrr_reference_0_55_hrr_min_factor_0_5_hrr_max_factor_1_4_decay_lambda_0_15_min_fatigue_factor_0_,success,78.95746076304931,/home/pmarrec/Projet_Perso/RunningManager/data/exp_perf_predictions/trail_digital_twin_hypothesis_screen/runs/103_h3_hard_trail_low_reference_hrr_reference_0_55_hrr_min_factor_0_5_hrr_max_factor_1_4_decay_lambda_0_15_min_f,,
104_h3_hard_trail_low_reference_hrr_reference_0_55_hrr_min_factor_0_5_hrr_max_factor_1_4_decay_lambda_0_2_min_fa,h3_hard_trail_low_reference,hrr_reference_0_55_hrr_min_factor_0_5_hrr_max_factor_1_4_decay_lambda_0_2_min_fatigue_factor_0_5,success,76.62482322205324,/home/pmarrec/Projet_Perso/RunningManager/data/exp_perf_predictions/trail_digital_twin_hypothesis_screen/runs/104_h3_hard_trail_low_reference_hrr_reference_0_55_hrr_min_factor_0_5_hrr_max_factor_1_4_decay_lambda_0_2_min_fa,,
105_h3_hard_trail_low_reference_hrr_reference_0_55_hrr_min_factor_0_5_hrr_max_factor_1_6_decay_lambda_0_1_min_fa,h3_hard_trail_low_reference,hrr_reference_0_55_hrr_min_factor_0_5_hrr_max_factor_1_6_decay_lambda_0_1_min_fatigue_factor_0_5,success,75.23919907398522,/home/pmarrec/Projet_Perso/RunningManager/data/exp_perf_predictions/trail_digital_twin_hypothesis_screen/runs/105_h3_hard_trail_low_reference_hrr_reference_0_55_hrr_min_factor_0_5_hrr_max_factor_1_6_decay_lambda_0_1_min_fa,,
106_h3_hard_trail_low_reference_hrr_reference_0_55_hrr_min_factor_0_5_hrr_max_factor_1_6_decay_lambda_0_15_min_f,h3_hard_trail_low_reference,hrr_reference_0_55_hrr_min_factor_0_5_hrr_max_factor_1_6_decay_lambda_0_15_min_fatigue_factor_0_,success,66.79918015003204,/home/pmarrec/Projet_Perso/RunningManager/data/exp_perf_predictions/trail_digital_twin_hypothesis_screen/runs/106_h3_hard_trail_low_reference_hrr_reference_0_55_hrr_min_factor_0_5_hrr_max_factor_1_6_decay_lambda_0_15_min_f,,
107_h3_hard_trail_low_reference_hrr_reference_0_55_hrr_min_factor_0_5_hrr_max_factor_1_6_decay_lambda_0_2_min_fa,h3_hard_trail_low_reference,hrr_reference_0_55_hrr_min_factor_0_5_hrr_max_factor_1_6_decay_lambda_0_2_min_fatigue_factor_0_5,success,77.41022380301729,/home/pmarrec/Projet_Perso/RunningManager/data/exp_perf_predictions/trail_digital_twin_hypothesis_screen/runs/107_h3_hard_trail_low_reference_hrr_reference_0_55_hrr_min_factor_0_5_hrr_max_factor_1_6_decay_lambda_0_2_min_fa,,
108_h3_hard_trail_low_reference_hrr_reference_0_55_hrr_min_factor_0_5_hrr_max_factor_1_8_decay_lambda_0_1_min_fa,h3_hard_trail_low_reference,hrr_reference_0_55_hrr_min_factor_0_5_hrr_max_factor_1_8_decay_lambda_0_1_min_fatigue_factor_0_5,success,73.69263793504797,/home/pmarrec/Projet_Perso/RunningManager/data/exp_perf_predictions/trail_digital_twin_hypothesis_screen/runs/108_h3_hard_trail_low_reference_hrr_reference_0_55_hrr_min_factor_0_5_hrr_max_factor_1_8_decay_lambda_0_1_min_fa,,
109_h3_hard_trail_low_reference_hrr_reference_0_55_hrr_min_factor_0_5_hrr_max_factor_1_8_decay_lambda_0_15_min_f,h3_hard_trail_low_reference,hrr_reference_0_55_hrr_min_factor_0_5_hrr_max_factor_1_8_decay_lambda_0_15_min_fatigue_factor_0_,success,69.46260361501481,/home/pmarrec/Projet_Perso/RunningManager/data/exp_perf_predictions/trail_digital_twin_hypothesis_screen/runs/109_h3_hard_trail_low_reference_hrr_reference_0_55_hrr_min_factor_0_5_hrr_max_factor_1_8_decay_lambda_0_15_min_f,,
110_h3_hard_trail_low_reference_hrr_reference_0_55_hrr_min_factor_0_5_hrr_max_factor_1_8_decay_lambda_0_2_min_fa,h3_hard_trail_low_reference,hrr_reference_0_55_hrr_min_factor_0_5_hrr_max_factor_1_8_decay_lambda_0_2_min_fatigue_factor_0_5,success,72.76307888503652,/home/pmarrec/Projet_Perso/RunningManager/data/exp_perf_predictions/trail_digital_twin_hypothesis_screen/runs/110_h3_hard_trail_low_reference_hrr_reference_0_55_hrr_min_factor_0_5_hrr_max_factor_1_8_decay_lambda_0_2_min_fa,,
111_h3_hard_trail_low_reference_hrr_reference_0_6_hrr_min_factor_0_3_hrr_max_factor_1_4_decay_lambda_0_1_min_fat,h3_hard_trail_low_reference,hrr_reference_0_6_hrr_min_factor_0_3_hrr_max_factor_1_4_decay_lambda_0_1_min_fatigue_factor_0_5,success,75.54824004403781,/home/pmarrec/Projet_Perso/RunningManager/data/exp_perf_predictions/trail_digital_twin_hypothesis_screen/runs/111_h3_hard_trail_low_reference_hrr_reference_0_6_hrr_min_factor_0_3_hrr_max_factor_1_4_decay_lambda_0_1_min_fat,,
112_h3_hard_trail_low_reference_hrr_reference_0_6_hrr_min_factor_0_3_hrr_max_factor_1_4_decay_lambda_0_15_min_fa,h3_hard_trail_low_reference,hrr_reference_0_6_hrr_min_factor_0_3_hrr_max_factor_1_4_decay_lambda_0_15_min_fatigue_factor_0_5,success,71.88235631794669,/home/pmarrec/Projet_Perso/RunningManager/data/exp_perf_predictions/trail_digital_twin_hypothesis_screen/runs/112_h3_hard_trail_low_reference_hrr_reference_0_6_hrr_min_factor_0_3_hrr_max_factor_1_4_decay_lambda_0_15_min_fa,,
113_h3_hard_trail_low_reference_hrr_reference_0_6_hrr_min_factor_0_3_hrr_max_factor_1_4_decay_lambda_0_2_min_fat,h3_hard_trail_low_reference,hrr_reference_0_6_hrr_min_factor_0_3_hrr_max_factor_1_4_decay_lambda_0_2_min_fatigue_factor_0_5,success,79.08114930102602,/home/pmarrec/Projet_Perso/RunningManager/data/exp_perf_predictions/trail_digital_twin_hypothesis_screen/runs/113_h3_hard_trail_low_reference_hrr_reference_0_6_hrr_min_factor_0_3_hrr_max_factor_1_4_decay_lambda_0_2_min_fat,,
114_h3_hard_trail_low_reference_hrr_reference_0_6_hrr_min_factor_0_3_hrr_max_factor_1_6_decay_lambda_0_1_min_fat,h3_hard_trail_low_reference,hrr_reference_0_6_hrr_min_factor_0_3_hrr_max_factor_1_6_decay_lambda_0_1_min_fatigue_factor_0_5,success,74.90292903897353,/home/pmarrec/Projet_Perso/RunningManager/data/exp_perf_predictions/trail_digital_twin_hypothesis_screen/runs/114_h3_hard_trail_low_reference_hrr_reference_0_6_hrr_min_factor_0_3_hrr_max_factor_1_6_decay_lambda_0_1_min_fat,,
115_h3_hard_trail_low_reference_hrr_reference_0_6_hrr_min_factor_0_3_hrr_max_factor_1_6_decay_lambda_0_15_min_fa,h3_hard_trail_low_reference,hrr_reference_0_6_hrr_min_factor_0_3_hrr_max_factor_1_6_decay_lambda_0_15_min_fatigue_factor_0_5,success,75.78097761503886,/home/pmarrec/Projet_Perso/RunningManager/data/exp_perf_predictions/trail_digital_twin_hypothesis_screen/runs/115_h3_hard_trail_low_reference_hrr_reference_0_6_hrr_min_factor_0_3_hrr_max_factor_1_6_decay_lambda_0_15_min_fa,,
116_h3_hard_trail_low_reference_hrr_reference_0_6_hrr_min_factor_0_3_hrr_max_factor_1_6_decay_lambda_0_2_min_fat,h3_hard_trail_low_reference,hrr_reference_0_6_hrr_min_factor_0_3_hrr_max_factor_1_6_decay_lambda_0_2_min_fatigue_factor_0_5,success,74.5502472689841,/home/pmarrec/Projet_Perso/RunningManager/data/exp_perf_predictions/trail_digital_twin_hypothesis_screen/runs/116_h3_hard_trail_low_reference_hrr_reference_0_6_hrr_min_factor_0_3_hrr_max_factor_1_6_decay_lambda_0_2_min_fat,,
117_h3_hard_trail_low_reference_hrr_reference_0_6_hrr_min_factor_0_3_hrr_max_factor_1_8_decay_lambda_0_1_min_fat,h3_hard_trail_low_reference,hrr_reference_0_6_hrr_min_factor_0_3_hrr_max_factor_1_8_decay_lambda_0_1_min_fatigue_factor_0_5,success,63.43787608796265,/home/pmarrec/Projet_Perso/RunningManager/data/exp_perf_predictions/trail_digital_twin_hypothesis_screen/runs/117_h3_hard_trail_low_reference_hrr_reference_0_6_hrr_min_factor_0_3_hrr_max_factor_1_8_decay_lambda_0_1_min_fat,,
118_h3_hard_trail_low_reference_hrr_reference_0_6_hrr_min_factor_0_3_hrr_max_factor_1_8_decay_lambda_0_15_min_fa,h3_hard_trail_low_reference,hrr_reference_0_6_hrr_min_factor_0_3_hrr_max_factor_1_8_decay_lambda_0_15_min_fatigue_factor_0_5,success,66.68354797107168,/home/pmarrec/Projet_Perso/RunningManager/data/exp_perf_predictions/trail_digital_twin_hypothesis_screen/runs/118_h3_hard_trail_low_reference_hrr_reference_0_6_hrr_min_factor_0_3_hrr_max_factor_1_8_decay_lambda_0_15_min_fa,,
119_h3_hard_trail_low_reference_hrr_reference_0_6_hrr_min_factor_0_3_hrr_max_factor_1_8_decay_lambda_0_2_min_fat,h3_hard_trail_low_reference,hrr_reference_0_6_hrr_min_factor_0_3_hrr_max_factor_1_8_decay_lambda_0_2_min_fatigue_factor_0_5,success,79.07433006505016,/home/pmarrec/Projet_Perso/RunningManager/data/exp_perf_predictions/trail_digital_twin_hypothesis_screen/runs/119_h3_hard_trail_low_reference_hrr_reference_0_6_hrr_min_factor_0_3_hrr_max_factor_1_8_decay_lambda_0_2_min_fat,,
120_h3_hard_trail_low_reference_hrr_reference_0_6_hrr_min_factor_0_4_hrr_max_factor_1_4_decay_lambda_0_1_min_fat,h3_hard_trail_low_reference,hrr_reference_0_6_hrr_min_factor_0_4_hrr_max_factor_1_4_decay_lambda_0_1_min_fatigue_factor_0_5,success,61.52073622797616,/home/pmarrec/Projet_Perso/RunningManager/data/exp_perf_predictions/trail_digital_twin_hypothesis_screen/runs/120_h3_hard_trail_low_reference_hrr_reference_0_6_hrr_min_factor_0_4_hrr_max_factor_1_4_decay_lambda_0_1_min_fat,,
121_h3_hard_trail_low_reference_hrr_reference_0_6_hrr_min_factor_0_4_hrr_max_factor_1_4_decay_lambda_0_15_min_fa,h3_hard_trail_low_reference,hrr_reference_0_6_hrr_min_factor_0_4_hrr_max_factor_1_4_decay_lambda_0_15_min_fatigue_factor_0_5,success,70.15157638711389,/home/pmarrec/Projet_Perso/RunningManager/data/exp_perf_predictions/trail_digital_twin_hypothesis_screen/runs/121_h3_hard_trail_low_reference_hrr_reference_0_6_hrr_min_factor_0_4_hrr_max_factor_1_4_decay_lambda_0_15_min_fa,,
122_h3_hard_trail_low_reference_hrr_reference_0_6_hrr_min_factor_0_4_hrr_max_factor_1_4_decay_lambda_0_2_min_fat,h3_hard_trail_low_reference,hrr_reference_0_6_hrr_min_factor_0_4_hrr_max_factor_1_4_decay_lambda_0_2_min_fatigue_factor_0_5,success,66.25791576004121,/home/pmarrec/Projet_Perso/RunningManager/data/exp_perf_predictions/trail_digital_twin_hypothesis_screen/runs/122_h3_hard_trail_low_reference_hrr_reference_0_6_hrr_min_factor_0_4_hrr_max_factor_1_4_decay_lambda_0_2_min_fat,,
123_h3_hard_trail_low_reference_hrr_reference_0_6_hrr_min_factor_0_4_hrr_max_factor_1_6_decay_lambda_0_1_min_fat,h3_hard_trail_low_reference,hrr_reference_0_6_hrr_min_factor_0_4_hrr_max_factor_1_6_decay_lambda_0_1_min_fatigue_factor_0_5,success,62.413154116948135,/home/pmarrec/Projet_Perso/RunningManager/data/exp_perf_predictions/trail_digital_twin_hypothesis_screen/runs/123_h3_hard_trail_low_reference_hrr_reference_0_6_hrr_min_factor_0_4_hrr_max_factor_1_6_decay_lambda_0_1_min_fat,,
124_h3_hard_trail_low_reference_hrr_reference_0_6_hrr_min_factor_0_4_hrr_max_factor_1_6_decay_lambda_0_15_min_fa,h3_hard_trail_low_reference,hrr_reference_0_6_hrr_min_factor_0_4_hrr_max_factor_1_6_decay_lambda_0_15_min_fatigue_factor_0_5,success,62.95982681505848,/home/pmarrec/Projet_Perso/RunningManager/data/exp_perf_predictions/trail_digital_twin_hypothesis_screen/runs/124_h3_hard_trail_low_reference_hrr_reference_0_6_hrr_min_factor_0_4_hrr_max_factor_1_6_decay_lambda_0_15_min_fa,,
125_h3_hard_trail_low_reference_hrr_reference_0_6_hrr_min_factor_0_4_hrr_max_factor_1_6_decay_lambda_0_2_min_fat,h3_hard_trail_low_reference,hrr_reference_0_6_hrr_min_factor_0_4_hrr_max_factor_1_6_decay_lambda_0_2_min_fatigue_factor_0_5,success,69.4757202459732,/home/pmarrec/Projet_Perso/RunningManager/data/exp_perf_predictions/trail_digital_twin_hypothesis_screen/runs/125_h3_hard_trail_low_reference_hrr_reference_0_6_hrr_min_factor_0_4_hrr_max_factor_1_6_decay_lambda_0_2_min_fat,,
126_h3_hard_trail_low_reference_hrr_reference_0_6_hrr_min_factor_0_4_hrr_max_factor_1_8_decay_lambda_0_1_min_fat,h3_hard_trail_low_reference,hrr_reference_0_6_hrr_min_factor_0_4_hrr_max_factor_1_8_decay_lambda_0_1_min_fatigue_factor_0_5,success,67.31189907307271,/home/pmarrec/Projet_Perso/RunningManager/data/exp_perf_predictions/trail_digital_twin_hypothesis_screen/runs/126_h3_hard_trail_low_reference_hrr_reference_0_6_hrr_min_factor_0_4_hrr_max_factor_1_8_decay_lambda_0_1_min_fat,,
127_h3_hard_trail_low_reference_hrr_reference_0_6_hrr_min_factor_0_4_hrr_max_factor_1_8_decay_lambda_0_15_min_fa,h3_hard_trail_low_reference,hrr_reference_0_6_hrr_min_factor_0_4_hrr_max_factor_1_8_decay_lambda_0_15_min_fatigue_factor_0_5,success,67.80059404310305,/home/pmarrec/Projet_Perso/RunningManager/data/exp_perf_predictions/trail_digital_twin_hypothesis_screen/runs/127_h3_hard_trail_low_reference_hrr_reference_0_6_hrr_min_factor_0_4_hrr_max_factor_1_8_decay_lambda_0_15_min_fa,,
128_h3_hard_trail_low_reference_hrr_reference_0_6_hrr_min_factor_0_4_hrr_max_factor_1_8_decay_lambda_0_2_min_fat,h3_hard_trail_low_reference,hrr_reference_0_6_hrr_min_factor_0_4_hrr_max_factor_1_8_decay_lambda_0_2_min_fatigue_factor_0_5,success,65.62063704396132,/home/pmarrec/Projet_Perso/RunningManager/data/exp_perf_predictions/trail_digital_twin_hypothesis_screen/runs/128_h3_hard_trail_low_reference_hrr_reference_0_6_hrr_min_factor_0_4_hrr_max_factor_1_8_decay_lambda_0_2_min_fat,,
129_h3_hard_trail_low_reference_hrr_reference_0_6_hrr_min_factor_0_5_hrr_max_factor_1_4_decay_lambda_0_1_min_fat,h3_hard_trail_low_reference,hrr_reference_0_6_hrr_min_factor_0_5_hrr_max_factor_1_4_decay_lambda_0_1_min_fatigue_factor_0_5,success,70.8474633290898,/home/pmarrec/Projet_Perso/RunningManager/data/exp_perf_predictions/trail_digital_twin_hypothesis_screen/runs/129_h3_hard_trail_low_reference_hrr_reference_0_6_hrr_min_factor_0_5_hrr_max_factor_1_4_decay_lambda_0_1_min_fat,,
130_h3_hard_trail_low_reference_hrr_reference_0_6_hrr_min_factor_0_5_hrr_max_factor_1_4_decay_lambda_0_15_min_fa,h3_hard_trail_low_reference,hrr_reference_0_6_hrr_min_factor_0_5_hrr_max_factor_1_4_decay_lambda_0_15_min_fatigue_factor_0_5,success,71.22047232603654,/home/pmarrec/Projet_Perso/RunningManager/data/exp_perf_predictions/trail_digital_twin_hypothesis_screen/runs/130_h3_hard_trail_low_reference_hrr_reference_0_6_hrr_min_factor_0_5_hrr_max_factor_1_4_decay_lambda_0_15_min_fa,,
131_h3_hard_trail_low_reference_hrr_reference_0_6_hrr_min_factor_0_5_hrr_max_factor_1_4_decay_lambda_0_2_min_fat,h3_hard_trail_low_reference,hrr_reference_0_6_hrr_min_factor_0_5_hrr_max_factor_1_4_decay_lambda_0_2_min_fatigue_factor_0_5,success,73.50539643398952,/home/pmarrec/Projet_Perso/RunningManager/data/exp_perf_predictions/trail_digital_twin_hypothesis_screen/runs/131_h3_hard_trail_low_reference_hrr_reference_0_6_hrr_min_factor_0_5_hrr_max_factor_1_4_decay_lambda_0_2_min_fat,,
132_h3_hard_trail_low_reference_hrr_reference_0_6_hrr_min_factor_0_5_hrr_max_factor_1_6_decay_lambda_0_1_min_fat,h3_hard_trail_low_reference,hrr_reference_0_6_hrr_min_factor_0_5_hrr_max_factor_1_6_decay_lambda_0_1_min_fatigue_factor_0_5,success,71.51744525204413,/home/pmarrec/Projet_Perso/RunningManager/data/exp_perf_predictions/trail_digital_twin_hypothesis_screen/runs/132_h3_hard_trail_low_reference_hrr_reference_0_6_hrr_min_factor_0_5_hrr_max_factor_1_6_decay_lambda_0_1_min_fat,,
133_h3_hard_trail_low_reference_hrr_reference_0_6_hrr_min_factor_0_5_hrr_max_factor_1_6_decay_lambda_0_15_min_fa,h3_hard_trail_low_reference,hrr_reference_0_6_hrr_min_factor_0_5_hrr_max_factor_1_6_decay_lambda_0_15_min_fatigue_factor_0_5,success,66.18013681599405,/home/pmarrec/Projet_Perso/RunningManager/data/exp_perf_predictions/trail_digital_twin_hypothesis_screen/runs/133_h3_hard_trail_low_reference_hrr_reference_0_6_hrr_min_factor_0_5_hrr_max_factor_1_6_decay_lambda_0_15_min_fa,,
134_h3_hard_trail_low_reference_hrr_reference_0_6_hrr_min_factor_0_5_hrr_max_factor_1_6_decay_lambda_0_2_min_fat,h3_hard_trail_low_reference,hrr_reference_0_6_hrr_min_factor_0_5_hrr_max_factor_1_6_decay_lambda_0_2_min_fatigue_factor_0_5,success,77.25334129505791,/home/pmarrec/Projet_Perso/RunningManager/data/exp_perf_predictions/trail_digital_twin_hypothesis_screen/runs/134_h3_hard_trail_low_reference_hrr_reference_0_6_hrr_min_factor_0_5_hrr_max_factor_1_6_decay_lambda_0_2_min_fat,,
135_h3_hard_trail_low_reference_hrr_reference_0_6_hrr_min_factor_0_5_hrr_max_factor_1_8_decay_lambda_0_1_min_fat,h3_hard_trail_low_reference,hrr_reference_0_6_hrr_min_factor_0_5_hrr_max_factor_1_8_decay_lambda_0_1_min_fatigue_factor_0_5,success,66.30355692806188,/home/pmarrec/Projet_Perso/RunningManager/data/exp_perf_predictions/trail_digital_twin_hypothesis_screen/runs/135_h3_hard_trail_low_reference_hrr_reference_0_6_hrr_min_factor_0_5_hrr_max_factor_1_8_decay_lambda_0_1_min_fat,,
136_h3_hard_trail_low_reference_hrr_reference_0_6_hrr_min_factor_0_5_hrr_max_factor_1_8_decay_lambda_0_15_min_fa,h3_hard_trail_low_reference,hrr_reference_0_6_hrr_min_factor_0_5_hrr_max_factor_1_8_decay_lambda_0_15_min_fatigue_factor_0_5,success,66.85418876598123,/home/pmarrec/Projet_Perso/RunningManager/data/exp_perf_predictions/trail_digital_twin_hypothesis_screen/runs/136_h3_hard_trail_low_reference_hrr_reference_0_6_hrr_min_factor_0_5_hrr_max_factor_1_8_decay_lambda_0_15_min_fa,,
137_h3_hard_trail_low_reference_hrr_reference_0_6_hrr_min_factor_0_5_hrr_max_factor_1_8_decay_lambda_0_2_min_fat,h3_hard_trail_low_reference,hrr_reference_0_6_hrr_min_factor_0_5_hrr_max_factor_1_8_decay_lambda_0_2_min_fatigue_factor_0_5,success,66.9681231310824,/home/pmarrec/Projet_Perso/RunningManager/data/exp_perf_predictions/trail_digital_twin_hypothesis_screen/runs/137_h3_hard_trail_low_reference_hrr_reference_0_6_hrr_min_factor_0_5_hrr_max_factor_1_8_decay_lambda_0_2_min_fat,,
138_h3_hard_trail_low_reference_hrr_reference_0_65_hrr_min_factor_0_3_hrr_max_factor_1_4_decay_lambda_0_1_min_fa,h3_hard_trail_low_reference,hrr_reference_0_65_hrr_min_factor_0_3_hrr_max_factor_1_4_decay_lambda_0_1_min_fatigue_factor_0_5,success,71.91030339302961,/home/pmarrec/Projet_Perso/RunningManager/data/exp_perf_predictions/trail_digital_twin_hypothesis_screen/runs/138_h3_hard_trail_low_reference_hrr_reference_0_65_hrr_min_factor_0_3_hrr_max_factor_1_4_decay_lambda_0_1_min_fa,,
139_h3_hard_trail_low_reference_hrr_reference_0_65_hrr_min_factor_0_3_hrr_max_factor_1_4_decay_lambda_0_15_min_f,h3_hard_trail_low_reference,hrr_reference_0_65_hrr_min_factor_0_3_hrr_max_factor_1_4_decay_lambda_0_15_min_fatigue_factor_0_,success,75.40469371003564,/home/pmarrec/Projet_Perso/RunningManager/data/exp_perf_predictions/trail_digital_twin_hypothesis_screen/runs/139_h3_hard_trail_low_reference_hrr_reference_0_65_hrr_min_factor_0_3_hrr_max_factor_1_4_decay_lambda_0_15_min_f,,
140_h3_hard_trail_low_reference_hrr_reference_0_65_hrr_min_factor_0_3_hrr_max_factor_1_4_decay_lambda_0_2_min_fa,h3_hard_trail_low_reference,hrr_reference_0_65_hrr_min_factor_0_3_hrr_max_factor_1_4_decay_lambda_0_2_min_fatigue_factor_0_5,success,69.02967283898033,/home/pmarrec/Projet_Perso/RunningManager/data/exp_perf_predictions/trail_digital_twin_hypothesis_screen/runs/140_h3_hard_trail_low_reference_hrr_reference_0_65_hrr_min_factor_0_3_hrr_max_factor_1_4_decay_lambda_0_2_min_fa,,
141_h3_hard_trail_low_reference_hrr_reference_0_65_hrr_min_factor_0_3_hrr_max_factor_1_6_decay_lambda_0_1_min_fa,h3_hard_trail_low_reference,hrr_reference_0_65_hrr_min_factor_0_3_hrr_max_factor_1_6_decay_lambda_0_1_min_fatigue_factor_0_5,success,64.55466685106512,/home/pmarrec/Projet_Perso/RunningManager/data/exp_perf_predictions/trail_digital_twin_hypothesis_screen/runs/141_h3_hard_trail_low_reference_hrr_reference_0_65_hrr_min_factor_0_3_hrr_max_factor_1_6_decay_lambda_0_1_min_fa,,
142_h3_hard_trail_low_reference_hrr_reference_0_65_hrr_min_factor_0_3_hrr_max_factor_1_6_decay_lambda_0_15_min_f,h3_hard_trail_low_reference,hrr_reference_0_65_hrr_min_factor_0_3_hrr_max_factor_1_6_decay_lambda_0_15_min_fatigue_factor_0_,success,69.93178404995706,/home/pmarrec/Projet_Perso/RunningManager/data/exp_perf_predictions/trail_digital_twin_hypothesis_screen/runs/142_h3_hard_trail_low_reference_hrr_reference_0_65_hrr_min_factor_0_3_hrr_max_factor_1_6_decay_lambda_0_15_min_f,,
143_h3_hard_trail_low_reference_hrr_reference_0_65_hrr_min_factor_0_3_hrr_max_factor_1_6_decay_lambda_0_2_min_fa,h3_hard_trail_low_reference,hrr_reference_0_65_hrr_min_factor_0_3_hrr_max_factor_1_6_decay_lambda_0_2_min_fatigue_factor_0_5,success,70.81767025403678,/home/pmarrec/Projet_Perso/RunningManager/data/exp_perf_predictions/trail_digital_twin_hypothesis_screen/runs/143_h3_hard_trail_low_reference_hrr_reference_0_65_hrr_min_factor_0_3_hrr_max_factor_1_6_decay_lambda_0_2_min_fa,,
144_h3_hard_trail_low_reference_hrr_reference_0_65_hrr_min_factor_0_3_hrr_max_factor_1_8_decay_lambda_0_1_min_fa,h3_hard_trail_low_reference,hrr_reference_0_65_hrr_min_factor_0_3_hrr_max_factor_1_8_decay_lambda_0_1_min_fatigue_factor_0_5,success,62.53026859392412,/home/pmarrec/Projet_Perso/RunningManager/data/exp_perf_predictions/trail_digital_twin_hypothesis_screen/runs/144_h3_hard_trail_low_reference_hrr_reference_0_65_hrr_min_factor_0_3_hrr_max_factor_1_8_decay_lambda_0_1_min_fa,,
145_h3_hard_trail_low_reference_hrr_reference_0_65_hrr_min_factor_0_3_hrr_max_factor_1_8_decay_lambda_0_15_min_f,h3_hard_trail_low_reference,hrr_reference_0_65_hrr_min_factor_0_3_hrr_max_factor_1_8_decay_lambda_0_15_min_fatigue_factor_0_,success,64.15305560198613,/home/pmarrec/Projet_Perso/RunningManager/data/exp_perf_predictions/trail_digital_twin_hypothesis_screen/runs/145_h3_hard_trail_low_reference_hrr_reference_0_65_hrr_min_factor_0_3_hrr_max_factor_1_8_decay_lambda_0_15_min_f,,
146_h3_hard_trail_low_reference_hrr_reference_0_65_hrr_min_factor_0_3_hrr_max_factor_1_8_decay_lambda_0_2_min_fa,h3_hard_trail_low_reference,hrr_reference_0_65_hrr_min_factor_0_3_hrr_max_factor_1_8_decay_lambda_0_2_min_fatigue_factor_0_5,success,64.16725701605901,/home/pmarrec/Projet_Perso/RunningManager/data/exp_perf_predictions/trail_digital_twin_hypothesis_screen/runs/146_h3_hard_trail_low_reference_hrr_reference_0_65_hrr_min_factor_0_3_hrr_max_factor_1_8_decay_lambda_0_2_min_fa,,
147_h3_hard_trail_low_reference_hrr_reference_0_65_hrr_min_factor_0_4_hrr_max_factor_1_4_decay_lambda_0_1_min_fa,h3_hard_trail_low_reference,hrr_reference_0_65_hrr_min_factor_0_4_hrr_max_factor_1_4_decay_lambda_0_1_min_fatigue_factor_0_5,success,66.80831669899635,/home/pmarrec/Projet_Perso/RunningManager/data/exp_perf_predictions/trail_digital_twin_hypothesis_screen/runs/147_h3_hard_trail_low_reference_hrr_reference_0_65_hrr_min_factor_0_4_hrr_max_factor_1_4_decay_lambda_0_1_min_fa,,
148_h3_hard_trail_low_reference_hrr_reference_0_65_hrr_min_factor_0_4_hrr_max_factor_1_4_decay_lambda_0_15_min_f,h3_hard_trail_low_reference,hrr_reference_0_65_hrr_min_factor_0_4_hrr_max_factor_1_4_decay_lambda_0_15_min_fatigue_factor_0_,success,67.55511449102778,/home/pmarrec/Projet_Perso/RunningManager/data/exp_perf_predictions/trail_digital_twin_hypothesis_screen/runs/148_h3_hard_trail_low_reference_hrr_reference_0_65_hrr_min_factor_0_4_hrr_max_factor_1_4_decay_lambda_0_15_min_f,,
149_h3_hard_trail_low_reference_hrr_reference_0_65_hrr_min_factor_0_4_hrr_max_factor_1_4_decay_lambda_0_2_min_fa,h3_hard_trail_low_reference,hrr_reference_0_65_hrr_min_factor_0_4_hrr_max_factor_1_4_decay_lambda_0_2_min_fatigue_factor_0_5,success,57.25397515390068,/home/pmarrec/Projet_Perso/RunningManager/data/exp_perf_predictions/trail_digital_twin_hypothesis_screen/runs/149_h3_hard_trail_low_reference_hrr_reference_0_65_hrr_min_factor_0_4_hrr_max_factor_1_4_decay_lambda_0_2_min_fa,,
150_h3_hard_trail_low_reference_hrr_reference_0_65_hrr_min_factor_0_4_hrr_max_factor_1_6_decay_lambda_0_1_min_fa,h3_hard_trail_low_reference,hrr_reference_0_65_hrr_min_factor_0_4_hrr_max_factor_1_6_decay_lambda_0_1_min_fatigue_factor_0_5,success,62.878703252994455,/home/pmarrec/Projet_Perso/RunningManager/data/exp_perf_predictions/trail_digital_twin_hypothesis_screen/runs/150_h3_hard_trail_low_reference_hrr_reference_0_65_hrr_min_factor_0_4_hrr_max_factor_1_6_decay_lambda_0_1_min_fa,,
151_h3_hard_trail_low_reference_hrr_reference_0_65_hrr_min_factor_0_4_hrr_max_factor_1_6_decay_lambda_0_15_min_f,h3_hard_trail_low_reference,hrr_reference_0_65_hrr_min_factor_0_4_hrr_max_factor_1_6_decay_lambda_0_15_min_fatigue_factor_0_,success,64.43928880104795,/home/pmarrec/Projet_Perso/RunningManager/data/exp_perf_predictions/trail_digital_twin_hypothesis_screen/runs/151_h3_hard_trail_low_reference_hrr_reference_0_65_hrr_min_factor_0_4_hrr_max_factor_1_6_decay_lambda_0_15_min_f,,
152_h3_hard_trail_low_reference_hrr_reference_0_65_hrr_min_factor_0_4_hrr_max_factor_1_6_decay_lambda_0_2_min_fa,h3_hard_trail_low_reference,hrr_reference_0_65_hrr_min_factor_0_4_hrr_max_factor_1_6_decay_lambda_0_2_min_fatigue_factor_0_5,success,66.5094045229489,/home/pmarrec/Projet_Perso/RunningManager/data/exp_perf_predictions/trail_digital_twin_hypothesis_screen/runs/152_h3_hard_trail_low_reference_hrr_reference_0_65_hrr_min_factor_0_4_hrr_max_factor_1_6_decay_lambda_0_2_min_fa,,
153_h3_hard_trail_low_reference_hrr_reference_0_65_hrr_min_factor_0_4_hrr_max_factor_1_8_decay_lambda_0_1_min_fa,h3_hard_trail_low_reference,hrr_reference_0_65_hrr_min_factor_0_4_hrr_max_factor_1_8_decay_lambda_0_1_min_fatigue_factor_0_5,success,58.911804163013585,/home/pmarrec/Projet_Perso/RunningManager/data/exp_perf_predictions/trail_digital_twin_hypothesis_screen/runs/153_h3_hard_trail_low_reference_hrr_reference_0_65_hrr_min_factor_0_4_hrr_max_factor_1_8_decay_lambda_0_1_min_fa,,
154_h3_hard_trail_low_reference_hrr_reference_0_65_hrr_min_factor_0_4_hrr_max_factor_1_8_decay_lambda_0_15_min_f,h3_hard_trail_low_reference,hrr_reference_0_65_hrr_min_factor_0_4_hrr_max_factor_1_8_decay_lambda_0_15_min_fatigue_factor_0_,success,59.8694161180174,/home/pmarrec/Projet_Perso/RunningManager/data/exp_perf_predictions/trail_digital_twin_hypothesis_screen/runs/154_h3_hard_trail_low_reference_hrr_reference_0_65_hrr_min_factor_0_4_hrr_max_factor_1_8_decay_lambda_0_15_min_f,,
155_h3_hard_trail_low_reference_hrr_reference_0_65_hrr_min_factor_0_4_hrr_max_factor_1_8_decay_lambda_0_2_min_fa,h3_hard_trail_low_reference,hrr_reference_0_65_hrr_min_factor_0_4_hrr_max_factor_1_8_decay_lambda_0_2_min_fatigue_factor_0_5,success,62.831833231961355,/home/pmarrec/Projet_Perso/RunningManager/data/exp_perf_predictions/trail_digital_twin_hypothesis_screen/runs/155_h3_hard_trail_low_reference_hrr_reference_0_65_hrr_min_factor_0_4_hrr_max_factor_1_8_decay_lambda_0_2_min_fa,,
156_h3_hard_trail_low_reference_hrr_reference_0_65_hrr_min_factor_0_5_hrr_max_factor_1_4_decay_lambda_0_1_min_fa,h3_hard_trail_low_reference,hrr_reference_0_65_hrr_min_factor_0_5_hrr_max_factor_1_4_decay_lambda_0_1_min_fatigue_factor_0_5,success,60.54123274399899,/home/pmarrec/Projet_Perso/RunningManager/data/exp_perf_predictions/trail_digital_twin_hypothesis_screen/runs/156_h3_hard_trail_low_reference_hrr_reference_0_65_hrr_min_factor_0_5_hrr_max_factor_1_4_decay_lambda_0_1_min_fa,,
157_h3_hard_trail_low_reference_hrr_reference_0_65_hrr_min_factor_0_5_hrr_max_factor_1_4_decay_lambda_0_15_min_f,h3_hard_trail_low_reference,hrr_reference_0_65_hrr_min_factor_0_5_hrr_max_factor_1_4_decay_lambda_0_15_min_fatigue_factor_0_,success,62.99861937505193,/home/pmarrec/Projet_Perso/RunningManager/data/exp_perf_predictions/trail_digital_twin_hypothesis_screen/runs/157_h3_hard_trail_low_reference_hrr_reference_0_65_hrr_min_factor_0_5_hrr_max_factor_1_4_decay_lambda_0_15_min_f,,
158_h3_hard_trail_low_reference_hrr_reference_0_65_hrr_min_factor_0_5_hrr_max_factor_1_4_decay_lambda_0_2_min_fa,h3_hard_trail_low_reference,hrr_reference_0_65_hrr_min_factor_0_5_hrr_max_factor_1_4_decay_lambda_0_2_min_fatigue_factor_0_5,success,61.483255752013065,/home/pmarrec/Projet_Perso/RunningManager/data/exp_perf_predictions/trail_digital_twin_hypothesis_screen/runs/158_h3_hard_trail_low_reference_hrr_reference_0_65_hrr_min_factor_0_5_hrr_max_factor_1_4_decay_lambda_0_2_min_fa,,
159_h3_hard_trail_low_reference_hrr_reference_0_65_hrr_min_factor_0_5_hrr_max_factor_1_6_decay_lambda_0_1_min_fa,h3_hard_trail_low_reference,hrr_reference_0_65_hrr_min_factor_0_5_hrr_max_factor_1_6_decay_lambda_0_1_min_fatigue_factor_0_5,success,57.84150406497065,/home/pmarrec/Projet_Perso/RunningManager/data/exp_perf_predictions/trail_digital_twin_hypothesis_screen/runs/159_h3_hard_trail_low_reference_hrr_reference_0_65_hrr_min_factor_0_5_hrr_max_factor_1_6_decay_lambda_0_1_min_fa,,
160_h3_hard_trail_low_reference_hrr_reference_0_65_hrr_min_factor_0_5_hrr_max_factor_1_6_decay_lambda_0_15_min_f,h3_hard_trail_low_reference,hrr_reference_0_65_hrr_min_factor_0_5_hrr_max_factor_1_6_decay_lambda_0_15_min_fatigue_factor_0_,success,55.601575036067516,/home/pmarrec/Projet_Perso/RunningManager/data/exp_perf_predictions/trail_digital_twin_hypothesis_screen/runs/160_h3_hard_trail_low_reference_hrr_reference_0_65_hrr_min_factor_0_5_hrr_max_factor_1_6_decay_lambda_0_15_min_f,,
161_h3_hard_trail_low_reference_hrr_reference_0_65_hrr_min_factor_0_5_hrr_max_factor_1_6_decay_lambda_0_2_min_fa,h3_hard_trail_low_reference,hrr_reference_0_65_hrr_min_factor_0_5_hrr_max_factor_1_6_decay_lambda_0_2_min_fatigue_factor_0_5,success,57.43953266995959,/home/pmarrec/Projet_Perso/RunningManager/data/exp_perf_predictions/trail_digital_twin_hypothesis_screen/runs/161_h3_hard_trail_low_reference_hrr_reference_0_65_hrr_min_factor_0_5_hrr_max_factor_1_6_decay_lambda_0_2_min_fa,,
162_h3_hard_trail_low_reference_hrr_reference_0_65_hrr_min_factor_0_5_hrr_max_factor_1_8_decay_lambda_0_1_min_fa,h3_hard_trail_low_reference,hrr_reference_0_65_hrr_min_factor_0_5_hrr_max_factor_1_8_decay_lambda_0_1_min_fatigue_factor_0_5,success,56.52819426706992,/home/pmarrec/Projet_Perso/RunningManager/data/exp_perf_predictions/trail_digital_twin_hypothesis_screen/runs/162_h3_hard_trail_low_reference_hrr_reference_0_65_hrr_min_factor_0_5_hrr_max_factor_1_8_decay_lambda_0_1_min_fa,,
163_h3_hard_trail_low_reference_hrr_reference_0_65_hrr_min_factor_0_5_hrr_max_factor_1_8_decay_lambda_0_15_min_f,h3_hard_trail_low_reference,hrr_reference_0_65_hrr_min_factor_0_5_hrr_max_factor_1_8_decay_lambda_0_15_min_fatigue_factor_0_,success,59.33117479993962,/home/pmarrec/Projet_Perso/RunningManager/data/exp_perf_predictions/trail_digital_twin_hypothesis_screen/runs/163_h3_hard_trail_low_reference_hrr_reference_0_65_hrr_min_factor_0_5_hrr_max_factor_1_8_decay_lambda_0_15_min_f,,
164_h3_hard_trail_low_reference_hrr_reference_0_65_hrr_min_factor_0_5_hrr_max_factor_1_8_decay_lambda_0_2_min_fa,h3_hard_trail_low_reference,hrr_reference_0_65_hrr_min_factor_0_5_hrr_max_factor_1_8_decay_lambda_0_2_min_fatigue_factor_0_5,success,53.55717971397098,/home/pmarrec/Projet_Perso/RunningManager/data/exp_perf_predictions/trail_digital_twin_hypothesis_screen/runs/164_h3_hard_trail_low_reference_hrr_reference_0_65_hrr_min_factor_0_5_hrr_max_factor_1_8_decay_lambda_0_2_min_fa,,
