runId,experimentGroup,experimentName,description,runOutputDir,overrideJson,ctlWeight,tsbWeight,ctlFactorMin,ctlFactorMax,hrrReference,hrrMinFactor,hrrMaxFactor,trimpScale,decayLambda,minFatigueFactor,enabledObjectives,hrrTrimpAlphaGrid,hrrTrimpKappaGrid,fatigueModels,stage3FatigueStates
000_baseline_baseline_current,baseline,baseline_current,"Current configured pipeline, used as the benchmark anchor.",/tmp/trail_digital_twin_benchmark_verify/runs/000_baseline_baseline_current,{},0.05,0.1,0.9,1.1,0.7,0.3,1,10.0,0.3,0.5,"[""activity"",""segment""]","[0.35,0.4,0.45,0.5,0.55,0.6,0.65,0.7,0.75,0.8,0.85]","[0.0,0.1,0.2,0.3,0.4]","[""linear"",""exponential""]","[{""acute_trimp_col"":""decayedTrimpBefore"",""fatigue_state"":""decayed"",""label"":""decayed TRIMP""},{""acute_trimp_col"":""cumTrimpBefore"",""fatigue_state"":""cumulative"",""label"":""cumulative TRIMP""}]"
001_readiness_weights_ctl_weight_0_tsb_weight_0,readiness_weights,ctl_weight_0_tsb_weight_0,Sensitivity of the local bounded readiness multiplier to CTL and TSB weights.,/tmp/trail_digital_twin_benchmark_verify/runs/001_readiness_weights_ctl_weight_0_tsb_weight_0,"{""readiness.ctl_weight"":0.0,""readiness.tsb_weight"":0.0}",0.0,0.0,0.9,1.1,0.7,0.3,1,10.0,0.3,0.5,"[""activity"",""segment""]","[0.35,0.4,0.45,0.5,0.55,0.6,0.65,0.7,0.75,0.8,0.85]","[0.0,0.1,0.2,0.3,0.4]","[""linear"",""exponential""]","[{""acute_trimp_col"":""decayedTrimpBefore"",""fatigue_state"":""decayed"",""label"":""decayed TRIMP""},{""acute_trimp_col"":""cumTrimpBefore"",""fatigue_state"":""cumulative"",""label"":""cumulative TRIMP""}]"
002_readiness_weights_ctl_weight_0_tsb_weight_0_05,readiness_weights,ctl_weight_0_tsb_weight_0_05,Sensitivity of the local bounded readiness multiplier to CTL and TSB weights.,/tmp/trail_digital_twin_benchmark_verify/runs/002_readiness_weights_ctl_weight_0_tsb_weight_0_05,"{""readiness.ctl_weight"":0.0,""readiness.tsb_weight"":0.05}",0.0,0.05,0.9,1.1,0.7,0.3,1,10.0,0.3,0.5,"[""activity"",""segment""]","[0.35,0.4,0.45,0.5,0.55,0.6,0.65,0.7,0.75,0.8,0.85]","[0.0,0.1,0.2,0.3,0.4]","[""linear"",""exponential""]","[{""acute_trimp_col"":""decayedTrimpBefore"",""fatigue_state"":""decayed"",""label"":""decayed TRIMP""},{""acute_trimp_col"":""cumTrimpBefore"",""fatigue_state"":""cumulative"",""label"":""cumulative TRIMP""}]"
003_readiness_weights_ctl_weight_0_tsb_weight_0_1,readiness_weights,ctl_weight_0_tsb_weight_0_1,Sensitivity of the local bounded readiness multiplier to CTL and TSB weights.,/tmp/trail_digital_twin_benchmark_verify/runs/003_readiness_weights_ctl_weight_0_tsb_weight_0_1,"{""readiness.ctl_weight"":0.0,""readiness.tsb_weight"":0.1}",0.0,0.1,0.9,1.1,0.7,0.3,1,10.0,0.3,0.5,"[""activity"",""segment""]","[0.35,0.4,0.45,0.5,0.55,0.6,0.65,0.7,0.75,0.8,0.85]","[0.0,0.1,0.2,0.3,0.4]","[""linear"",""exponential""]","[{""acute_trimp_col"":""decayedTrimpBefore"",""fatigue_state"":""decayed"",""label"":""decayed TRIMP""},{""acute_trimp_col"":""cumTrimpBefore"",""fatigue_state"":""cumulative"",""label"":""cumulative TRIMP""}]"
004_readiness_weights_ctl_weight_0_tsb_weight_0_15,readiness_weights,ctl_weight_0_tsb_weight_0_15,Sensitivity of the local bounded readiness multiplier to CTL and TSB weights.,/tmp/trail_digital_twin_benchmark_verify/runs/004_readiness_weights_ctl_weight_0_tsb_weight_0_15,"{""readiness.ctl_weight"":0.0,""readiness.tsb_weight"":0.15}",0.0,0.15,0.9,1.1,0.7,0.3,1,10.0,0.3,0.5,"[""activity"",""segment""]","[0.35,0.4,0.45,0.5,0.55,0.6,0.65,0.7,0.75,0.8,0.85]","[0.0,0.1,0.2,0.3,0.4]","[""linear"",""exponential""]","[{""acute_trimp_col"":""decayedTrimpBefore"",""fatigue_state"":""decayed"",""label"":""decayed TRIMP""},{""acute_trimp_col"":""cumTrimpBefore"",""fatigue_state"":""cumulative"",""label"":""cumulative TRIMP""}]"
005_readiness_weights_ctl_weight_0_tsb_weight_0_2,readiness_weights,ctl_weight_0_tsb_weight_0_2,Sensitivity of the local bounded readiness multiplier to CTL and TSB weights.,/tmp/trail_digital_twin_benchmark_verify/runs/005_readiness_weights_ctl_weight_0_tsb_weight_0_2,"{""readiness.ctl_weight"":0.0,""readiness.tsb_weight"":0.2}",0.0,0.2,0.9,1.1,0.7,0.3,1,10.0,0.3,0.5,"[""activity"",""segment""]","[0.35,0.4,0.45,0.5,0.55,0.6,0.65,0.7,0.75,0.8,0.85]","[0.0,0.1,0.2,0.3,0.4]","[""linear"",""exponential""]","[{""acute_trimp_col"":""decayedTrimpBefore"",""fatigue_state"":""decayed"",""label"":""decayed TRIMP""},{""acute_trimp_col"":""cumTrimpBefore"",""fatigue_state"":""cumulative"",""label"":""cumulative TRIMP""}]"
006_readiness_weights_ctl_weight_0_03_tsb_weight_0,readiness_weights,ctl_weight_0_03_tsb_weight_0,Sensitivity of the local bounded readiness multiplier to CTL and TSB weights.,/tmp/trail_digital_twin_benchmark_verify/runs/006_readiness_weights_ctl_weight_0_03_tsb_weight_0,"{""readiness.ctl_weight"":0.03,""readiness.tsb_weight"":0.0}",0.03,0.0,0.9,1.1,0.7,0.3,1,10.0,0.3,0.5,"[""activity"",""segment""]","[0.35,0.4,0.45,0.5,0.55,0.6,0.65,0.7,0.75,0.8,0.85]","[0.0,0.1,0.2,0.3,0.4]","[""linear"",""exponential""]","[{""acute_trimp_col"":""decayedTrimpBefore"",""fatigue_state"":""decayed"",""label"":""decayed TRIMP""},{""acute_trimp_col"":""cumTrimpBefore"",""fatigue_state"":""cumulative"",""label"":""cumulative TRIMP""}]"
007_readiness_weights_ctl_weight_0_03_tsb_weight_0_05,readiness_weights,ctl_weight_0_03_tsb_weight_0_05,Sensitivity of the local bounded readiness multiplier to CTL and TSB weights.,/tmp/trail_digital_twin_benchmark_verify/runs/007_readiness_weights_ctl_weight_0_03_tsb_weight_0_05,"{""readiness.ctl_weight"":0.03,""readiness.tsb_weight"":0.05}",0.03,0.05,0.9,1.1,0.7,0.3,1,10.0,0.3,0.5,"[""activity"",""segment""]","[0.35,0.4,0.45,0.5,0.55,0.6,0.65,0.7,0.75,0.8,0.85]","[0.0,0.1,0.2,0.3,0.4]","[""linear"",""exponential""]","[{""acute_trimp_col"":""decayedTrimpBefore"",""fatigue_state"":""decayed"",""label"":""decayed TRIMP""},{""acute_trimp_col"":""cumTrimpBefore"",""fatigue_state"":""cumulative"",""label"":""cumulative TRIMP""}]"
008_readiness_weights_ctl_weight_0_03_tsb_weight_0_1,readiness_weights,ctl_weight_0_03_tsb_weight_0_1,Sensitivity of the local bounded readiness multiplier to CTL and TSB weights.,/tmp/trail_digital_twin_benchmark_verify/runs/008_readiness_weights_ctl_weight_0_03_tsb_weight_0_1,"{""readiness.ctl_weight"":0.03,""readiness.tsb_weight"":0.1}",0.03,0.1,0.9,1.1,0.7,0.3,1,10.0,0.3,0.5,"[""activity"",""segment""]","[0.35,0.4,0.45,0.5,0.55,0.6,0.65,0.7,0.75,0.8,0.85]","[0.0,0.1,0.2,0.3,0.4]","[""linear"",""exponential""]","[{""acute_trimp_col"":""decayedTrimpBefore"",""fatigue_state"":""decayed"",""label"":""decayed TRIMP""},{""acute_trimp_col"":""cumTrimpBefore"",""fatigue_state"":""cumulative"",""label"":""cumulative TRIMP""}]"
009_readiness_weights_ctl_weight_0_03_tsb_weight_0_15,readiness_weights,ctl_weight_0_03_tsb_weight_0_15,Sensitivity of the local bounded readiness multiplier to CTL and TSB weights.,/tmp/trail_digital_twin_benchmark_verify/runs/009_readiness_weights_ctl_weight_0_03_tsb_weight_0_15,"{""readiness.ctl_weight"":0.03,""readiness.tsb_weight"":0.15}",0.03,0.15,0.9,1.1,0.7,0.3,1,10.0,0.3,0.5,"[""activity"",""segment""]","[0.35,0.4,0.45,0.5,0.55,0.6,0.65,0.7,0.75,0.8,0.85]","[0.0,0.1,0.2,0.3,0.4]","[""linear"",""exponential""]","[{""acute_trimp_col"":""decayedTrimpBefore"",""fatigue_state"":""decayed"",""label"":""decayed TRIMP""},{""acute_trimp_col"":""cumTrimpBefore"",""fatigue_state"":""cumulative"",""label"":""cumulative TRIMP""}]"
010_readiness_weights_ctl_weight_0_03_tsb_weight_0_2,readiness_weights,ctl_weight_0_03_tsb_weight_0_2,Sensitivity of the local bounded readiness multiplier to CTL and TSB weights.,/tmp/trail_digital_twin_benchmark_verify/runs/010_readiness_weights_ctl_weight_0_03_tsb_weight_0_2,"{""readiness.ctl_weight"":0.03,""readiness.tsb_weight"":0.2}",0.03,0.2,0.9,1.1,0.7,0.3,1,10.0,0.3,0.5,"[""activity"",""segment""]","[0.35,0.4,0.45,0.5,0.55,0.6,0.65,0.7,0.75,0.8,0.85]","[0.0,0.1,0.2,0.3,0.4]","[""linear"",""exponential""]","[{""acute_trimp_col"":""decayedTrimpBefore"",""fatigue_state"":""decayed"",""label"":""decayed TRIMP""},{""acute_trimp_col"":""cumTrimpBefore"",""fatigue_state"":""cumulative"",""label"":""cumulative TRIMP""}]"
011_readiness_weights_ctl_weight_0_05_tsb_weight_0,readiness_weights,ctl_weight_0_05_tsb_weight_0,Sensitivity of the local bounded readiness multiplier to CTL and TSB weights.,/tmp/trail_digital_twin_benchmark_verify/runs/011_readiness_weights_ctl_weight_0_05_tsb_weight_0,"{""readiness.ctl_weight"":0.05,""readiness.tsb_weight"":0.0}",0.05,0.0,0.9,1.1,0.7,0.3,1,10.0,0.3,0.5,"[""activity"",""segment""]","[0.35,0.4,0.45,0.5,0.55,0.6,0.65,0.7,0.75,0.8,0.85]","[0.0,0.1,0.2,0.3,0.4]","[""linear"",""exponential""]","[{""acute_trimp_col"":""decayedTrimpBefore"",""fatigue_state"":""decayed"",""label"":""decayed TRIMP""},{""acute_trimp_col"":""cumTrimpBefore"",""fatigue_state"":""cumulative"",""label"":""cumulative TRIMP""}]"
012_readiness_weights_ctl_weight_0_05_tsb_weight_0_05,readiness_weights,ctl_weight_0_05_tsb_weight_0_05,Sensitivity of the local bounded readiness multiplier to CTL and TSB weights.,/tmp/trail_digital_twin_benchmark_verify/runs/012_readiness_weights_ctl_weight_0_05_tsb_weight_0_05,"{""readiness.ctl_weight"":0.05,""readiness.tsb_weight"":0.05}",0.05,0.05,0.9,1.1,0.7,0.3,1,10.0,0.3,0.5,"[""activity"",""segment""]","[0.35,0.4,0.45,0.5,0.55,0.6,0.65,0.7,0.75,0.8,0.85]","[0.0,0.1,0.2,0.3,0.4]","[""linear"",""exponential""]","[{""acute_trimp_col"":""decayedTrimpBefore"",""fatigue_state"":""decayed"",""label"":""decayed TRIMP""},{""acute_trimp_col"":""cumTrimpBefore"",""fatigue_state"":""cumulative"",""label"":""cumulative TRIMP""}]"
013_readiness_weights_ctl_weight_0_05_tsb_weight_0_1,readiness_weights,ctl_weight_0_05_tsb_weight_0_1,Sensitivity of the local bounded readiness multiplier to CTL and TSB weights.,/tmp/trail_digital_twin_benchmark_verify/runs/013_readiness_weights_ctl_weight_0_05_tsb_weight_0_1,"{""readiness.ctl_weight"":0.05,""readiness.tsb_weight"":0.1}",0.05,0.1,0.9,1.1,0.7,0.3,1,10.0,0.3,0.5,"[""activity"",""segment""]","[0.35,0.4,0.45,0.5,0.55,0.6,0.65,0.7,0.75,0.8,0.85]","[0.0,0.1,0.2,0.3,0.4]","[""linear"",""exponential""]","[{""acute_trimp_col"":""decayedTrimpBefore"",""fatigue_state"":""decayed"",""label"":""decayed TRIMP""},{""acute_trimp_col"":""cumTrimpBefore"",""fatigue_state"":""cumulative"",""label"":""cumulative TRIMP""}]"
014_readiness_weights_ctl_weight_0_05_tsb_weight_0_15,readiness_weights,ctl_weight_0_05_tsb_weight_0_15,Sensitivity of the local bounded readiness multiplier to CTL and TSB weights.,/tmp/trail_digital_twin_benchmark_verify/runs/014_readiness_weights_ctl_weight_0_05_tsb_weight_0_15,"{""readiness.ctl_weight"":0.05,""readiness.tsb_weight"":0.15}",0.05,0.15,0.9,1.1,0.7,0.3,1,10.0,0.3,0.5,"[""activity"",""segment""]","[0.35,0.4,0.45,0.5,0.55,0.6,0.65,0.7,0.75,0.8,0.85]","[0.0,0.1,0.2,0.3,0.4]","[""linear"",""exponential""]","[{""acute_trimp_col"":""decayedTrimpBefore"",""fatigue_state"":""decayed"",""label"":""decayed TRIMP""},{""acute_trimp_col"":""cumTrimpBefore"",""fatigue_state"":""cumulative"",""label"":""cumulative TRIMP""}]"
015_readiness_weights_ctl_weight_0_05_tsb_weight_0_2,readiness_weights,ctl_weight_0_05_tsb_weight_0_2,Sensitivity of the local bounded readiness multiplier to CTL and TSB weights.,/tmp/trail_digital_twin_benchmark_verify/runs/015_readiness_weights_ctl_weight_0_05_tsb_weight_0_2,"{""readiness.ctl_weight"":0.05,""readiness.tsb_weight"":0.2}",0.05,0.2,0.9,1.1,0.7,0.3,1,10.0,0.3,0.5,"[""activity"",""segment""]","[0.35,0.4,0.45,0.5,0.55,0.6,0.65,0.7,0.75,0.8,0.85]","[0.0,0.1,0.2,0.3,0.4]","[""linear"",""exponential""]","[{""acute_trimp_col"":""decayedTrimpBefore"",""fatigue_state"":""decayed"",""label"":""decayed TRIMP""},{""acute_trimp_col"":""cumTrimpBefore"",""fatigue_state"":""cumulative"",""label"":""cumulative TRIMP""}]"
016_readiness_weights_ctl_weight_0_08_tsb_weight_0,readiness_weights,ctl_weight_0_08_tsb_weight_0,Sensitivity of the local bounded readiness multiplier to CTL and TSB weights.,/tmp/trail_digital_twin_benchmark_verify/runs/016_readiness_weights_ctl_weight_0_08_tsb_weight_0,"{""readiness.ctl_weight"":0.08,""readiness.tsb_weight"":0.0}",0.08,0.0,0.9,1.1,0.7,0.3,1,10.0,0.3,0.5,"[""activity"",""segment""]","[0.35,0.4,0.45,0.5,0.55,0.6,0.65,0.7,0.75,0.8,0.85]","[0.0,0.1,0.2,0.3,0.4]","[""linear"",""exponential""]","[{""acute_trimp_col"":""decayedTrimpBefore"",""fatigue_state"":""decayed"",""label"":""decayed TRIMP""},{""acute_trimp_col"":""cumTrimpBefore"",""fatigue_state"":""cumulative"",""label"":""cumulative TRIMP""}]"
017_readiness_weights_ctl_weight_0_08_tsb_weight_0_05,readiness_weights,ctl_weight_0_08_tsb_weight_0_05,Sensitivity of the local bounded readiness multiplier to CTL and TSB weights.,/tmp/trail_digital_twin_benchmark_verify/runs/017_readiness_weights_ctl_weight_0_08_tsb_weight_0_05,"{""readiness.ctl_weight"":0.08,""readiness.tsb_weight"":0.05}",0.08,0.05,0.9,1.1,0.7,0.3,1,10.0,0.3,0.5,"[""activity"",""segment""]","[0.35,0.4,0.45,0.5,0.55,0.6,0.65,0.7,0.75,0.8,0.85]","[0.0,0.1,0.2,0.3,0.4]","[""linear"",""exponential""]","[{""acute_trimp_col"":""decayedTrimpBefore"",""fatigue_state"":""decayed"",""label"":""decayed TRIMP""},{""acute_trimp_col"":""cumTrimpBefore"",""fatigue_state"":""cumulative"",""label"":""cumulative TRIMP""}]"
018_readiness_weights_ctl_weight_0_08_tsb_weight_0_1,readiness_weights,ctl_weight_0_08_tsb_weight_0_1,Sensitivity of the local bounded readiness multiplier to CTL and TSB weights.,/tmp/trail_digital_twin_benchmark_verify/runs/018_readiness_weights_ctl_weight_0_08_tsb_weight_0_1,"{""readiness.ctl_weight"":0.08,""readiness.tsb_weight"":0.1}",0.08,0.1,0.9,1.1,0.7,0.3,1,10.0,0.3,0.5,"[""activity"",""segment""]","[0.35,0.4,0.45,0.5,0.55,0.6,0.65,0.7,0.75,0.8,0.85]","[0.0,0.1,0.2,0.3,0.4]","[""linear"",""exponential""]","[{""acute_trimp_col"":""decayedTrimpBefore"",""fatigue_state"":""decayed"",""label"":""decayed TRIMP""},{""acute_trimp_col"":""cumTrimpBefore"",""fatigue_state"":""cumulative"",""label"":""cumulative TRIMP""}]"
019_readiness_weights_ctl_weight_0_08_tsb_weight_0_15,readiness_weights,ctl_weight_0_08_tsb_weight_0_15,Sensitivity of the local bounded readiness multiplier to CTL and TSB weights.,/tmp/trail_digital_twin_benchmark_verify/runs/019_readiness_weights_ctl_weight_0_08_tsb_weight_0_15,"{""readiness.ctl_weight"":0.08,""readiness.tsb_weight"":0.15}",0.08,0.15,0.9,1.1,0.7,0.3,1,10.0,0.3,0.5,"[""activity"",""segment""]","[0.35,0.4,0.45,0.5,0.55,0.6,0.65,0.7,0.75,0.8,0.85]","[0.0,0.1,0.2,0.3,0.4]","[""linear"",""exponential""]","[{""acute_trimp_col"":""decayedTrimpBefore"",""fatigue_state"":""decayed"",""label"":""decayed TRIMP""},{""acute_trimp_col"":""cumTrimpBefore"",""fatigue_state"":""cumulative"",""label"":""cumulative TRIMP""}]"
020_readiness_weights_ctl_weight_0_08_tsb_weight_0_2,readiness_weights,ctl_weight_0_08_tsb_weight_0_2,Sensitivity of the local bounded readiness multiplier to CTL and TSB weights.,/tmp/trail_digital_twin_benchmark_verify/runs/020_readiness_weights_ctl_weight_0_08_tsb_weight_0_2,"{""readiness.ctl_weight"":0.08,""readiness.tsb_weight"":0.2}",0.08,0.2,0.9,1.1,0.7,0.3,1,10.0,0.3,0.5,"[""activity"",""segment""]","[0.35,0.4,0.45,0.5,0.55,0.6,0.65,0.7,0.75,0.8,0.85]","[0.0,0.1,0.2,0.3,0.4]","[""linear"",""exponential""]","[{""acute_trimp_col"":""decayedTrimpBefore"",""fatigue_state"":""decayed"",""label"":""decayed TRIMP""},{""acute_trimp_col"":""cumTrimpBefore"",""fatigue_state"":""cumulative"",""label"":""cumulative TRIMP""}]"
021_readiness_weights_ctl_weight_0_1_tsb_weight_0,readiness_weights,ctl_weight_0_1_tsb_weight_0,Sensitivity of the local bounded readiness multiplier to CTL and TSB weights.,/tmp/trail_digital_twin_benchmark_verify/runs/021_readiness_weights_ctl_weight_0_1_tsb_weight_0,"{""readiness.ctl_weight"":0.1,""readiness.tsb_weight"":0.0}",0.1,0.0,0.9,1.1,0.7,0.3,1,10.0,0.3,0.5,"[""activity"",""segment""]","[0.35,0.4,0.45,0.5,0.55,0.6,0.65,0.7,0.75,0.8,0.85]","[0.0,0.1,0.2,0.3,0.4]","[""linear"",""exponential""]","[{""acute_trimp_col"":""decayedTrimpBefore"",""fatigue_state"":""decayed"",""label"":""decayed TRIMP""},{""acute_trimp_col"":""cumTrimpBefore"",""fatigue_state"":""cumulative"",""label"":""cumulative TRIMP""}]"
022_readiness_weights_ctl_weight_0_1_tsb_weight_0_05,readiness_weights,ctl_weight_0_1_tsb_weight_0_05,Sensitivity of the local bounded readiness multiplier to CTL and TSB weights.,/tmp/trail_digital_twin_benchmark_verify/runs/022_readiness_weights_ctl_weight_0_1_tsb_weight_0_05,"{""readiness.ctl_weight"":0.1,""readiness.tsb_weight"":0.05}",0.1,0.05,0.9,1.1,0.7,0.3,1,10.0,0.3,0.5,"[""activity"",""segment""]","[0.35,0.4,0.45,0.5,0.55,0.6,0.65,0.7,0.75,0.8,0.85]","[0.0,0.1,0.2,0.3,0.4]","[""linear"",""exponential""]","[{""acute_trimp_col"":""decayedTrimpBefore"",""fatigue_state"":""decayed"",""label"":""decayed TRIMP""},{""acute_trimp_col"":""cumTrimpBefore"",""fatigue_state"":""cumulative"",""label"":""cumulative TRIMP""}]"
023_readiness_weights_ctl_weight_0_1_tsb_weight_0_1,readiness_weights,ctl_weight_0_1_tsb_weight_0_1,Sensitivity of the local bounded readiness multiplier to CTL and TSB weights.,/tmp/trail_digital_twin_benchmark_verify/runs/023_readiness_weights_ctl_weight_0_1_tsb_weight_0_1,"{""readiness.ctl_weight"":0.1,""readiness.tsb_weight"":0.1}",0.1,0.1,0.9,1.1,0.7,0.3,1,10.0,0.3,0.5,"[""activity"",""segment""]","[0.35,0.4,0.45,0.5,0.55,0.6,0.65,0.7,0.75,0.8,0.85]","[0.0,0.1,0.2,0.3,0.4]","[""linear"",""exponential""]","[{""acute_trimp_col"":""decayedTrimpBefore"",""fatigue_state"":""decayed"",""label"":""decayed TRIMP""},{""acute_trimp_col"":""cumTrimpBefore"",""fatigue_state"":""cumulative"",""label"":""cumulative TRIMP""}]"
024_readiness_weights_ctl_weight_0_1_tsb_weight_0_15,readiness_weights,ctl_weight_0_1_tsb_weight_0_15,Sensitivity of the local bounded readiness multiplier to CTL and TSB weights.,/tmp/trail_digital_twin_benchmark_verify/runs/024_readiness_weights_ctl_weight_0_1_tsb_weight_0_15,"{""readiness.ctl_weight"":0.1,""readiness.tsb_weight"":0.15}",0.1,0.15,0.9,1.1,0.7,0.3,1,10.0,0.3,0.5,"[""activity"",""segment""]","[0.35,0.4,0.45,0.5,0.55,0.6,0.65,0.7,0.75,0.8,0.85]","[0.0,0.1,0.2,0.3,0.4]","[""linear"",""exponential""]","[{""acute_trimp_col"":""decayedTrimpBefore"",""fatigue_state"":""decayed"",""label"":""decayed TRIMP""},{""acute_trimp_col"":""cumTrimpBefore"",""fatigue_state"":""cumulative"",""label"":""cumulative TRIMP""}]"
025_readiness_weights_ctl_weight_0_1_tsb_weight_0_2,readiness_weights,ctl_weight_0_1_tsb_weight_0_2,Sensitivity of the local bounded readiness multiplier to CTL and TSB weights.,/tmp/trail_digital_twin_benchmark_verify/runs/025_readiness_weights_ctl_weight_0_1_tsb_weight_0_2,"{""readiness.ctl_weight"":0.1,""readiness.tsb_weight"":0.2}",0.1,0.2,0.9,1.1,0.7,0.3,1,10.0,0.3,0.5,"[""activity"",""segment""]","[0.35,0.4,0.45,0.5,0.55,0.6,0.65,0.7,0.75,0.8,0.85]","[0.0,0.1,0.2,0.3,0.4]","[""linear"",""exponential""]","[{""acute_trimp_col"":""decayedTrimpBefore"",""fatigue_state"":""decayed"",""label"":""decayed TRIMP""},{""acute_trimp_col"":""cumTrimpBefore"",""fatigue_state"":""cumulative"",""label"":""cumulative TRIMP""}]"
026_readiness_bounds_ctl_factor_min_0_88_ctl_factor_max_1_05,readiness_bounds,ctl_factor_min_0_88_ctl_factor_max_1_05,Sensitivity of the bounded readiness multiplier to lower and upper clipping.,/tmp/trail_digital_twin_benchmark_verify/runs/026_readiness_bounds_ctl_factor_min_0_88_ctl_factor_max_1_05,"{""readiness.ctl_factor_max"":1.05,""readiness.ctl_factor_min"":0.88}",0.05,0.1,0.88,1.05,0.7,0.3,1,10.0,0.3,0.5,"[""activity"",""segment""]","[0.35,0.4,0.45,0.5,0.55,0.6,0.65,0.7,0.75,0.8,0.85]","[0.0,0.1,0.2,0.3,0.4]","[""linear"",""exponential""]","[{""acute_trimp_col"":""decayedTrimpBefore"",""fatigue_state"":""decayed"",""label"":""decayed TRIMP""},{""acute_trimp_col"":""cumTrimpBefore"",""fatigue_state"":""cumulative"",""label"":""cumulative TRIMP""}]"
027_readiness_bounds_ctl_factor_min_0_88_ctl_factor_max_1_1,readiness_bounds,ctl_factor_min_0_88_ctl_factor_max_1_1,Sensitivity of the bounded readiness multiplier to lower and upper clipping.,/tmp/trail_digital_twin_benchmark_verify/runs/027_readiness_bounds_ctl_factor_min_0_88_ctl_factor_max_1_1,"{""readiness.ctl_factor_max"":1.1,""readiness.ctl_factor_min"":0.88}",0.05,0.1,0.88,1.1,0.7,0.3,1,10.0,0.3,0.5,"[""activity"",""segment""]","[0.35,0.4,0.45,0.5,0.55,0.6,0.65,0.7,0.75,0.8,0.85]","[0.0,0.1,0.2,0.3,0.4]","[""linear"",""exponential""]","[{""acute_trimp_col"":""decayedTrimpBefore"",""fatigue_state"":""decayed"",""label"":""decayed TRIMP""},{""acute_trimp_col"":""cumTrimpBefore"",""fatigue_state"":""cumulative"",""label"":""cumulative TRIMP""}]"
028_readiness_bounds_ctl_factor_min_0_88_ctl_factor_max_1_15,readiness_bounds,ctl_factor_min_0_88_ctl_factor_max_1_15,Sensitivity of the bounded readiness multiplier to lower and upper clipping.,/tmp/trail_digital_twin_benchmark_verify/runs/028_readiness_bounds_ctl_factor_min_0_88_ctl_factor_max_1_15,"{""readiness.ctl_factor_max"":1.15,""readiness.ctl_factor_min"":0.88}",0.05,0.1,0.88,1.15,0.7,0.3,1,10.0,0.3,0.5,"[""activity"",""segment""]","[0.35,0.4,0.45,0.5,0.55,0.6,0.65,0.7,0.75,0.8,0.85]","[0.0,0.1,0.2,0.3,0.4]","[""linear"",""exponential""]","[{""acute_trimp_col"":""decayedTrimpBefore"",""fatigue_state"":""decayed"",""label"":""decayed TRIMP""},{""acute_trimp_col"":""cumTrimpBefore"",""fatigue_state"":""cumulative"",""label"":""cumulative TRIMP""}]"
029_readiness_bounds_ctl_factor_min_0_9_ctl_factor_max_1_05,readiness_bounds,ctl_factor_min_0_9_ctl_factor_max_1_05,Sensitivity of the bounded readiness multiplier to lower and upper clipping.,/tmp/trail_digital_twin_benchmark_verify/runs/029_readiness_bounds_ctl_factor_min_0_9_ctl_factor_max_1_05,"{""readiness.ctl_factor_max"":1.05,""readiness.ctl_factor_min"":0.9}",0.05,0.1,0.9,1.05,0.7,0.3,1,10.0,0.3,0.5,"[""activity"",""segment""]","[0.35,0.4,0.45,0.5,0.55,0.6,0.65,0.7,0.75,0.8,0.85]","[0.0,0.1,0.2,0.3,0.4]","[""linear"",""exponential""]","[{""acute_trimp_col"":""decayedTrimpBefore"",""fatigue_state"":""decayed"",""label"":""decayed TRIMP""},{""acute_trimp_col"":""cumTrimpBefore"",""fatigue_state"":""cumulative"",""label"":""cumulative TRIMP""}]"
030_readiness_bounds_ctl_factor_min_0_9_ctl_factor_max_1_1,readiness_bounds,ctl_factor_min_0_9_ctl_factor_max_1_1,Sensitivity of the bounded readiness multiplier to lower and upper clipping.,/tmp/trail_digital_twin_benchmark_verify/runs/030_readiness_bounds_ctl_factor_min_0_9_ctl_factor_max_1_1,"{""readiness.ctl_factor_max"":1.1,""readiness.ctl_factor_min"":0.9}",0.05,0.1,0.9,1.1,0.7,0.3,1,10.0,0.3,0.5,"[""activity"",""segment""]","[0.35,0.4,0.45,0.5,0.55,0.6,0.65,0.7,0.75,0.8,0.85]","[0.0,0.1,0.2,0.3,0.4]","[""linear"",""exponential""]","[{""acute_trimp_col"":""decayedTrimpBefore"",""fatigue_state"":""decayed"",""label"":""decayed TRIMP""},{""acute_trimp_col"":""cumTrimpBefore"",""fatigue_state"":""cumulative"",""label"":""cumulative TRIMP""}]"
031_readiness_bounds_ctl_factor_min_0_9_ctl_factor_max_1_15,readiness_bounds,ctl_factor_min_0_9_ctl_factor_max_1_15,Sensitivity of the bounded readiness multiplier to lower and upper clipping.,/tmp/trail_digital_twin_benchmark_verify/runs/031_readiness_bounds_ctl_factor_min_0_9_ctl_factor_max_1_15,"{""readiness.ctl_factor_max"":1.15,""readiness.ctl_factor_min"":0.9}",0.05,0.1,0.9,1.15,0.7,0.3,1,10.0,0.3,0.5,"[""activity"",""segment""]","[0.35,0.4,0.45,0.5,0.55,0.6,0.65,0.7,0.75,0.8,0.85]","[0.0,0.1,0.2,0.3,0.4]","[""linear"",""exponential""]","[{""acute_trimp_col"":""decayedTrimpBefore"",""fatigue_state"":""decayed"",""label"":""decayed TRIMP""},{""acute_trimp_col"":""cumTrimpBefore"",""fatigue_state"":""cumulative"",""label"":""cumulative TRIMP""}]"
032_readiness_bounds_ctl_factor_min_0_92_ctl_factor_max_1_05,readiness_bounds,ctl_factor_min_0_92_ctl_factor_max_1_05,Sensitivity of the bounded readiness multiplier to lower and upper clipping.,/tmp/trail_digital_twin_benchmark_verify/runs/032_readiness_bounds_ctl_factor_min_0_92_ctl_factor_max_1_05,"{""readiness.ctl_factor_max"":1.05,""readiness.ctl_factor_min"":0.92}",0.05,0.1,0.92,1.05,0.7,0.3,1,10.0,0.3,0.5,"[""activity"",""segment""]","[0.35,0.4,0.45,0.5,0.55,0.6,0.65,0.7,0.75,0.8,0.85]","[0.0,0.1,0.2,0.3,0.4]","[""linear"",""exponential""]","[{""acute_trimp_col"":""decayedTrimpBefore"",""fatigue_state"":""decayed"",""label"":""decayed TRIMP""},{""acute_trimp_col"":""cumTrimpBefore"",""fatigue_state"":""cumulative"",""label"":""cumulative TRIMP""}]"
033_readiness_bounds_ctl_factor_min_0_92_ctl_factor_max_1_1,readiness_bounds,ctl_factor_min_0_92_ctl_factor_max_1_1,Sensitivity of the bounded readiness multiplier to lower and upper clipping.,/tmp/trail_digital_twin_benchmark_verify/runs/033_readiness_bounds_ctl_factor_min_0_92_ctl_factor_max_1_1,"{""readiness.ctl_factor_max"":1.1,""readiness.ctl_factor_min"":0.92}",0.05,0.1,0.92,1.1,0.7,0.3,1,10.0,0.3,0.5,"[""activity"",""segment""]","[0.35,0.4,0.45,0.5,0.55,0.6,0.65,0.7,0.75,0.8,0.85]","[0.0,0.1,0.2,0.3,0.4]","[""linear"",""exponential""]","[{""acute_trimp_col"":""decayedTrimpBefore"",""fatigue_state"":""decayed"",""label"":""decayed TRIMP""},{""acute_trimp_col"":""cumTrimpBefore"",""fatigue_state"":""cumulative"",""label"":""cumulative TRIMP""}]"
034_readiness_bounds_ctl_factor_min_0_92_ctl_factor_max_1_15,readiness_bounds,ctl_factor_min_0_92_ctl_factor_max_1_15,Sensitivity of the bounded readiness multiplier to lower and upper clipping.,/tmp/trail_digital_twin_benchmark_verify/runs/034_readiness_bounds_ctl_factor_min_0_92_ctl_factor_max_1_15,"{""readiness.ctl_factor_max"":1.15,""readiness.ctl_factor_min"":0.92}",0.05,0.1,0.92,1.15,0.7,0.3,1,10.0,0.3,0.5,"[""activity"",""segment""]","[0.35,0.4,0.45,0.5,0.55,0.6,0.65,0.7,0.75,0.8,0.85]","[0.0,0.1,0.2,0.3,0.4]","[""linear"",""exponential""]","[{""acute_trimp_col"":""decayedTrimpBefore"",""fatigue_state"":""decayed"",""label"":""decayed TRIMP""},{""acute_trimp_col"":""cumTrimpBefore"",""fatigue_state"":""cumulative"",""label"":""cumulative TRIMP""}]"
035_hrr_trimp_scale_hrr_reference_0_65_trimp_scale_5_decay_lambda_0_15,hrr_trimp_scale,hrr_reference_0_65_trimp_scale_5_decay_lambda_0_15,"Interaction sweep for HRR reference, acute TRIMP scale, and in-activity decay.",/tmp/trail_digital_twin_benchmark_verify/runs/035_hrr_trimp_scale_hrr_reference_0_65_trimp_scale_5_decay_lambda_0_15,"{""physiology.decay_lambda"":0.15,""physiology.hrr_reference"":0.65,""physiology.trimp_scale"":5.0}",0.05,0.1,0.9,1.1,0.65,0.3,1,5.0,0.15,0.5,"[""activity"",""segment""]","[0.35,0.4,0.45,0.5,0.55,0.6,0.65,0.7,0.75,0.8,0.85]","[0.0,0.1,0.2,0.3,0.4]","[""linear"",""exponential""]","[{""acute_trimp_col"":""decayedTrimpBefore"",""fatigue_state"":""decayed"",""label"":""decayed TRIMP""},{""acute_trimp_col"":""cumTrimpBefore"",""fatigue_state"":""cumulative"",""label"":""cumulative TRIMP""}]"
036_hrr_trimp_scale_hrr_reference_0_65_trimp_scale_5_decay_lambda_0_3,hrr_trimp_scale,hrr_reference_0_65_trimp_scale_5_decay_lambda_0_3,"Interaction sweep for HRR reference, acute TRIMP scale, and in-activity decay.",/tmp/trail_digital_twin_benchmark_verify/runs/036_hrr_trimp_scale_hrr_reference_0_65_trimp_scale_5_decay_lambda_0_3,"{""physiology.decay_lambda"":0.3,""physiology.hrr_reference"":0.65,""physiology.trimp_scale"":5.0}",0.05,0.1,0.9,1.1,0.65,0.3,1,5.0,0.3,0.5,"[""activity"",""segment""]","[0.35,0.4,0.45,0.5,0.55,0.6,0.65,0.7,0.75,0.8,0.85]","[0.0,0.1,0.2,0.3,0.4]","[""linear"",""exponential""]","[{""acute_trimp_col"":""decayedTrimpBefore"",""fatigue_state"":""decayed"",""label"":""decayed TRIMP""},{""acute_trimp_col"":""cumTrimpBefore"",""fatigue_state"":""cumulative"",""label"":""cumulative TRIMP""}]"
037_hrr_trimp_scale_hrr_reference_0_65_trimp_scale_5_decay_lambda_0_6,hrr_trimp_scale,hrr_reference_0_65_trimp_scale_5_decay_lambda_0_6,"Interaction sweep for HRR reference, acute TRIMP scale, and in-activity decay.",/tmp/trail_digital_twin_benchmark_verify/runs/037_hrr_trimp_scale_hrr_reference_0_65_trimp_scale_5_decay_lambda_0_6,"{""physiology.decay_lambda"":0.6,""physiology.hrr_reference"":0.65,""physiology.trimp_scale"":5.0}",0.05,0.1,0.9,1.1,0.65,0.3,1,5.0,0.6,0.5,"[""activity"",""segment""]","[0.35,0.4,0.45,0.5,0.55,0.6,0.65,0.7,0.75,0.8,0.85]","[0.0,0.1,0.2,0.3,0.4]","[""linear"",""exponential""]","[{""acute_trimp_col"":""decayedTrimpBefore"",""fatigue_state"":""decayed"",""label"":""decayed TRIMP""},{""acute_trimp_col"":""cumTrimpBefore"",""fatigue_state"":""cumulative"",""label"":""cumulative TRIMP""}]"
038_hrr_trimp_scale_hrr_reference_0_65_trimp_scale_10_decay_lambda_0_15,hrr_trimp_scale,hrr_reference_0_65_trimp_scale_10_decay_lambda_0_15,"Interaction sweep for HRR reference, acute TRIMP scale, and in-activity decay.",/tmp/trail_digital_twin_benchmark_verify/runs/038_hrr_trimp_scale_hrr_reference_0_65_trimp_scale_10_decay_lambda_0_15,"{""physiology.decay_lambda"":0.15,""physiology.hrr_reference"":0.65,""physiology.trimp_scale"":10.0}",0.05,0.1,0.9,1.1,0.65,0.3,1,10.0,0.15,0.5,"[""activity"",""segment""]","[0.35,0.4,0.45,0.5,0.55,0.6,0.65,0.7,0.75,0.8,0.85]","[0.0,0.1,0.2,0.3,0.4]","[""linear"",""exponential""]","[{""acute_trimp_col"":""decayedTrimpBefore"",""fatigue_state"":""decayed"",""label"":""decayed TRIMP""},{""acute_trimp_col"":""cumTrimpBefore"",""fatigue_state"":""cumulative"",""label"":""cumulative TRIMP""}]"
039_hrr_trimp_scale_hrr_reference_0_65_trimp_scale_10_decay_lambda_0_3,hrr_trimp_scale,hrr_reference_0_65_trimp_scale_10_decay_lambda_0_3,"Interaction sweep for HRR reference, acute TRIMP scale, and in-activity decay.",/tmp/trail_digital_twin_benchmark_verify/runs/039_hrr_trimp_scale_hrr_reference_0_65_trimp_scale_10_decay_lambda_0_3,"{""physiology.decay_lambda"":0.3,""physiology.hrr_reference"":0.65,""physiology.trimp_scale"":10.0}",0.05,0.1,0.9,1.1,0.65,0.3,1,10.0,0.3,0.5,"[""activity"",""segment""]","[0.35,0.4,0.45,0.5,0.55,0.6,0.65,0.7,0.75,0.8,0.85]","[0.0,0.1,0.2,0.3,0.4]","[""linear"",""exponential""]","[{""acute_trimp_col"":""decayedTrimpBefore"",""fatigue_state"":""decayed"",""label"":""decayed TRIMP""},{""acute_trimp_col"":""cumTrimpBefore"",""fatigue_state"":""cumulative"",""label"":""cumulative TRIMP""}]"
040_hrr_trimp_scale_hrr_reference_0_65_trimp_scale_10_decay_lambda_0_6,hrr_trimp_scale,hrr_reference_0_65_trimp_scale_10_decay_lambda_0_6,"Interaction sweep for HRR reference, acute TRIMP scale, and in-activity decay.",/tmp/trail_digital_twin_benchmark_verify/runs/040_hrr_trimp_scale_hrr_reference_0_65_trimp_scale_10_decay_lambda_0_6,"{""physiology.decay_lambda"":0.6,""physiology.hrr_reference"":0.65,""physiology.trimp_scale"":10.0}",0.05,0.1,0.9,1.1,0.65,0.3,1,10.0,0.6,0.5,"[""activity"",""segment""]","[0.35,0.4,0.45,0.5,0.55,0.6,0.65,0.7,0.75,0.8,0.85]","[0.0,0.1,0.2,0.3,0.4]","[""linear"",""exponential""]","[{""acute_trimp_col"":""decayedTrimpBefore"",""fatigue_state"":""decayed"",""label"":""decayed TRIMP""},{""acute_trimp_col"":""cumTrimpBefore"",""fatigue_state"":""cumulative"",""label"":""cumulative TRIMP""}]"
041_hrr_trimp_scale_hrr_reference_0_65_trimp_scale_20_decay_lambda_0_15,hrr_trimp_scale,hrr_reference_0_65_trimp_scale_20_decay_lambda_0_15,"Interaction sweep for HRR reference, acute TRIMP scale, and in-activity decay.",/tmp/trail_digital_twin_benchmark_verify/runs/041_hrr_trimp_scale_hrr_reference_0_65_trimp_scale_20_decay_lambda_0_15,"{""physiology.decay_lambda"":0.15,""physiology.hrr_reference"":0.65,""physiology.trimp_scale"":20.0}",0.05,0.1,0.9,1.1,0.65,0.3,1,20.0,0.15,0.5,"[""activity"",""segment""]","[0.35,0.4,0.45,0.5,0.55,0.6,0.65,0.7,0.75,0.8,0.85]","[0.0,0.1,0.2,0.3,0.4]","[""linear"",""exponential""]","[{""acute_trimp_col"":""decayedTrimpBefore"",""fatigue_state"":""decayed"",""label"":""decayed TRIMP""},{""acute_trimp_col"":""cumTrimpBefore"",""fatigue_state"":""cumulative"",""label"":""cumulative TRIMP""}]"
042_hrr_trimp_scale_hrr_reference_0_65_trimp_scale_20_decay_lambda_0_3,hrr_trimp_scale,hrr_reference_0_65_trimp_scale_20_decay_lambda_0_3,"Interaction sweep for HRR reference, acute TRIMP scale, and in-activity decay.",/tmp/trail_digital_twin_benchmark_verify/runs/042_hrr_trimp_scale_hrr_reference_0_65_trimp_scale_20_decay_lambda_0_3,"{""physiology.decay_lambda"":0.3,""physiology.hrr_reference"":0.65,""physiology.trimp_scale"":20.0}",0.05,0.1,0.9,1.1,0.65,0.3,1,20.0,0.3,0.5,"[""activity"",""segment""]","[0.35,0.4,0.45,0.5,0.55,0.6,0.65,0.7,0.75,0.8,0.85]","[0.0,0.1,0.2,0.3,0.4]","[""linear"",""exponential""]","[{""acute_trimp_col"":""decayedTrimpBefore"",""fatigue_state"":""decayed"",""label"":""decayed TRIMP""},{""acute_trimp_col"":""cumTrimpBefore"",""fatigue_state"":""cumulative"",""label"":""cumulative TRIMP""}]"
043_hrr_trimp_scale_hrr_reference_0_65_trimp_scale_20_decay_lambda_0_6,hrr_trimp_scale,hrr_reference_0_65_trimp_scale_20_decay_lambda_0_6,"Interaction sweep for HRR reference, acute TRIMP scale, and in-activity decay.",/tmp/trail_digital_twin_benchmark_verify/runs/043_hrr_trimp_scale_hrr_reference_0_65_trimp_scale_20_decay_lambda_0_6,"{""physiology.decay_lambda"":0.6,""physiology.hrr_reference"":0.65,""physiology.trimp_scale"":20.0}",0.05,0.1,0.9,1.1,0.65,0.3,1,20.0,0.6,0.5,"[""activity"",""segment""]","[0.35,0.4,0.45,0.5,0.55,0.6,0.65,0.7,0.75,0.8,0.85]","[0.0,0.1,0.2,0.3,0.4]","[""linear"",""exponential""]","[{""acute_trimp_col"":""decayedTrimpBefore"",""fatigue_state"":""decayed"",""label"":""decayed TRIMP""},{""acute_trimp_col"":""cumTrimpBefore"",""fatigue_state"":""cumulative"",""label"":""cumulative TRIMP""}]"
044_hrr_trimp_scale_hrr_reference_0_7_trimp_scale_5_decay_lambda_0_15,hrr_trimp_scale,hrr_reference_0_7_trimp_scale_5_decay_lambda_0_15,"Interaction sweep for HRR reference, acute TRIMP scale, and in-activity decay.",/tmp/trail_digital_twin_benchmark_verify/runs/044_hrr_trimp_scale_hrr_reference_0_7_trimp_scale_5_decay_lambda_0_15,"{""physiology.decay_lambda"":0.15,""physiology.hrr_reference"":0.7,""physiology.trimp_scale"":5.0}",0.05,0.1,0.9,1.1,0.7,0.3,1,5.0,0.15,0.5,"[""activity"",""segment""]","[0.35,0.4,0.45,0.5,0.55,0.6,0.65,0.7,0.75,0.8,0.85]","[0.0,0.1,0.2,0.3,0.4]","[""linear"",""exponential""]","[{""acute_trimp_col"":""decayedTrimpBefore"",""fatigue_state"":""decayed"",""label"":""decayed TRIMP""},{""acute_trimp_col"":""cumTrimpBefore"",""fatigue_state"":""cumulative"",""label"":""cumulative TRIMP""}]"
045_hrr_trimp_scale_hrr_reference_0_7_trimp_scale_5_decay_lambda_0_3,hrr_trimp_scale,hrr_reference_0_7_trimp_scale_5_decay_lambda_0_3,"Interaction sweep for HRR reference, acute TRIMP scale, and in-activity decay.",/tmp/trail_digital_twin_benchmark_verify/runs/045_hrr_trimp_scale_hrr_reference_0_7_trimp_scale_5_decay_lambda_0_3,"{""physiology.decay_lambda"":0.3,""physiology.hrr_reference"":0.7,""physiology.trimp_scale"":5.0}",0.05,0.1,0.9,1.1,0.7,0.3,1,5.0,0.3,0.5,"[""activity"",""segment""]","[0.35,0.4,0.45,0.5,0.55,0.6,0.65,0.7,0.75,0.8,0.85]","[0.0,0.1,0.2,0.3,0.4]","[""linear"",""exponential""]","[{""acute_trimp_col"":""decayedTrimpBefore"",""fatigue_state"":""decayed"",""label"":""decayed TRIMP""},{""acute_trimp_col"":""cumTrimpBefore"",""fatigue_state"":""cumulative"",""label"":""cumulative TRIMP""}]"
046_hrr_trimp_scale_hrr_reference_0_7_trimp_scale_5_decay_lambda_0_6,hrr_trimp_scale,hrr_reference_0_7_trimp_scale_5_decay_lambda_0_6,"Interaction sweep for HRR reference, acute TRIMP scale, and in-activity decay.",/tmp/trail_digital_twin_benchmark_verify/runs/046_hrr_trimp_scale_hrr_reference_0_7_trimp_scale_5_decay_lambda_0_6,"{""physiology.decay_lambda"":0.6,""physiology.hrr_reference"":0.7,""physiology.trimp_scale"":5.0}",0.05,0.1,0.9,1.1,0.7,0.3,1,5.0,0.6,0.5,"[""activity"",""segment""]","[0.35,0.4,0.45,0.5,0.55,0.6,0.65,0.7,0.75,0.8,0.85]","[0.0,0.1,0.2,0.3,0.4]","[""linear"",""exponential""]","[{""acute_trimp_col"":""decayedTrimpBefore"",""fatigue_state"":""decayed"",""label"":""decayed TRIMP""},{""acute_trimp_col"":""cumTrimpBefore"",""fatigue_state"":""cumulative"",""label"":""cumulative TRIMP""}]"
047_hrr_trimp_scale_hrr_reference_0_7_trimp_scale_10_decay_lambda_0_15,hrr_trimp_scale,hrr_reference_0_7_trimp_scale_10_decay_lambda_0_15,"Interaction sweep for HRR reference, acute TRIMP scale, and in-activity decay.",/tmp/trail_digital_twin_benchmark_verify/runs/047_hrr_trimp_scale_hrr_reference_0_7_trimp_scale_10_decay_lambda_0_15,"{""physiology.decay_lambda"":0.15,""physiology.hrr_reference"":0.7,""physiology.trimp_scale"":10.0}",0.05,0.1,0.9,1.1,0.7,0.3,1,10.0,0.15,0.5,"[""activity"",""segment""]","[0.35,0.4,0.45,0.5,0.55,0.6,0.65,0.7,0.75,0.8,0.85]","[0.0,0.1,0.2,0.3,0.4]","[""linear"",""exponential""]","[{""acute_trimp_col"":""decayedTrimpBefore"",""fatigue_state"":""decayed"",""label"":""decayed TRIMP""},{""acute_trimp_col"":""cumTrimpBefore"",""fatigue_state"":""cumulative"",""label"":""cumulative TRIMP""}]"
048_hrr_trimp_scale_hrr_reference_0_7_trimp_scale_10_decay_lambda_0_3,hrr_trimp_scale,hrr_reference_0_7_trimp_scale_10_decay_lambda_0_3,"Interaction sweep for HRR reference, acute TRIMP scale, and in-activity decay.",/tmp/trail_digital_twin_benchmark_verify/runs/048_hrr_trimp_scale_hrr_reference_0_7_trimp_scale_10_decay_lambda_0_3,"{""physiology.decay_lambda"":0.3,""physiology.hrr_reference"":0.7,""physiology.trimp_scale"":10.0}",0.05,0.1,0.9,1.1,0.7,0.3,1,10.0,0.3,0.5,"[""activity"",""segment""]","[0.35,0.4,0.45,0.5,0.55,0.6,0.65,0.7,0.75,0.8,0.85]","[0.0,0.1,0.2,0.3,0.4]","[""linear"",""exponential""]","[{""acute_trimp_col"":""decayedTrimpBefore"",""fatigue_state"":""decayed"",""label"":""decayed TRIMP""},{""acute_trimp_col"":""cumTrimpBefore"",""fatigue_state"":""cumulative"",""label"":""cumulative TRIMP""}]"
049_hrr_trimp_scale_hrr_reference_0_7_trimp_scale_10_decay_lambda_0_6,hrr_trimp_scale,hrr_reference_0_7_trimp_scale_10_decay_lambda_0_6,"Interaction sweep for HRR reference, acute TRIMP scale, and in-activity decay.",/tmp/trail_digital_twin_benchmark_verify/runs/049_hrr_trimp_scale_hrr_reference_0_7_trimp_scale_10_decay_lambda_0_6,"{""physiology.decay_lambda"":0.6,""physiology.hrr_reference"":0.7,""physiology.trimp_scale"":10.0}",0.05,0.1,0.9,1.1,0.7,0.3,1,10.0,0.6,0.5,"[""activity"",""segment""]","[0.35,0.4,0.45,0.5,0.55,0.6,0.65,0.7,0.75,0.8,0.85]","[0.0,0.1,0.2,0.3,0.4]","[""linear"",""exponential""]","[{""acute_trimp_col"":""decayedTrimpBefore"",""fatigue_state"":""decayed"",""label"":""decayed TRIMP""},{""acute_trimp_col"":""cumTrimpBefore"",""fatigue_state"":""cumulative"",""label"":""cumulative TRIMP""}]"
050_hrr_trimp_scale_hrr_reference_0_7_trimp_scale_20_decay_lambda_0_15,hrr_trimp_scale,hrr_reference_0_7_trimp_scale_20_decay_lambda_0_15,"Interaction sweep for HRR reference, acute TRIMP scale, and in-activity decay.",/tmp/trail_digital_twin_benchmark_verify/runs/050_hrr_trimp_scale_hrr_reference_0_7_trimp_scale_20_decay_lambda_0_15,"{""physiology.decay_lambda"":0.15,""physiology.hrr_reference"":0.7,""physiology.trimp_scale"":20.0}",0.05,0.1,0.9,1.1,0.7,0.3,1,20.0,0.15,0.5,"[""activity"",""segment""]","[0.35,0.4,0.45,0.5,0.55,0.6,0.65,0.7,0.75,0.8,0.85]","[0.0,0.1,0.2,0.3,0.4]","[""linear"",""exponential""]","[{""acute_trimp_col"":""decayedTrimpBefore"",""fatigue_state"":""decayed"",""label"":""decayed TRIMP""},{""acute_trimp_col"":""cumTrimpBefore"",""fatigue_state"":""cumulative"",""label"":""cumulative TRIMP""}]"
051_hrr_trimp_scale_hrr_reference_0_7_trimp_scale_20_decay_lambda_0_3,hrr_trimp_scale,hrr_reference_0_7_trimp_scale_20_decay_lambda_0_3,"Interaction sweep for HRR reference, acute TRIMP scale, and in-activity decay.",/tmp/trail_digital_twin_benchmark_verify/runs/051_hrr_trimp_scale_hrr_reference_0_7_trimp_scale_20_decay_lambda_0_3,"{""physiology.decay_lambda"":0.3,""physiology.hrr_reference"":0.7,""physiology.trimp_scale"":20.0}",0.05,0.1,0.9,1.1,0.7,0.3,1,20.0,0.3,0.5,"[""activity"",""segment""]","[0.35,0.4,0.45,0.5,0.55,0.6,0.65,0.7,0.75,0.8,0.85]","[0.0,0.1,0.2,0.3,0.4]","[""linear"",""exponential""]","[{""acute_trimp_col"":""decayedTrimpBefore"",""fatigue_state"":""decayed"",""label"":""decayed TRIMP""},{""acute_trimp_col"":""cumTrimpBefore"",""fatigue_state"":""cumulative"",""label"":""cumulative TRIMP""}]"
052_hrr_trimp_scale_hrr_reference_0_7_trimp_scale_20_decay_lambda_0_6,hrr_trimp_scale,hrr_reference_0_7_trimp_scale_20_decay_lambda_0_6,"Interaction sweep for HRR reference, acute TRIMP scale, and in-activity decay.",/tmp/trail_digital_twin_benchmark_verify/runs/052_hrr_trimp_scale_hrr_reference_0_7_trimp_scale_20_decay_lambda_0_6,"{""physiology.decay_lambda"":0.6,""physiology.hrr_reference"":0.7,""physiology.trimp_scale"":20.0}",0.05,0.1,0.9,1.1,0.7,0.3,1,20.0,0.6,0.5,"[""activity"",""segment""]","[0.35,0.4,0.45,0.5,0.55,0.6,0.65,0.7,0.75,0.8,0.85]","[0.0,0.1,0.2,0.3,0.4]","[""linear"",""exponential""]","[{""acute_trimp_col"":""decayedTrimpBefore"",""fatigue_state"":""decayed"",""label"":""decayed TRIMP""},{""acute_trimp_col"":""cumTrimpBefore"",""fatigue_state"":""cumulative"",""label"":""cumulative TRIMP""}]"
053_hrr_trimp_scale_hrr_reference_0_75_trimp_scale_5_decay_lambda_0_15,hrr_trimp_scale,hrr_reference_0_75_trimp_scale_5_decay_lambda_0_15,"Interaction sweep for HRR reference, acute TRIMP scale, and in-activity decay.",/tmp/trail_digital_twin_benchmark_verify/runs/053_hrr_trimp_scale_hrr_reference_0_75_trimp_scale_5_decay_lambda_0_15,"{""physiology.decay_lambda"":0.15,""physiology.hrr_reference"":0.75,""physiology.trimp_scale"":5.0}",0.05,0.1,0.9,1.1,0.75,0.3,1,5.0,0.15,0.5,"[""activity"",""segment""]","[0.35,0.4,0.45,0.5,0.55,0.6,0.65,0.7,0.75,0.8,0.85]","[0.0,0.1,0.2,0.3,0.4]","[""linear"",""exponential""]","[{""acute_trimp_col"":""decayedTrimpBefore"",""fatigue_state"":""decayed"",""label"":""decayed TRIMP""},{""acute_trimp_col"":""cumTrimpBefore"",""fatigue_state"":""cumulative"",""label"":""cumulative TRIMP""}]"
054_hrr_trimp_scale_hrr_reference_0_75_trimp_scale_5_decay_lambda_0_3,hrr_trimp_scale,hrr_reference_0_75_trimp_scale_5_decay_lambda_0_3,"Interaction sweep for HRR reference, acute TRIMP scale, and in-activity decay.",/tmp/trail_digital_twin_benchmark_verify/runs/054_hrr_trimp_scale_hrr_reference_0_75_trimp_scale_5_decay_lambda_0_3,"{""physiology.decay_lambda"":0.3,""physiology.hrr_reference"":0.75,""physiology.trimp_scale"":5.0}",0.05,0.1,0.9,1.1,0.75,0.3,1,5.0,0.3,0.5,"[""activity"",""segment""]","[0.35,0.4,0.45,0.5,0.55,0.6,0.65,0.7,0.75,0.8,0.85]","[0.0,0.1,0.2,0.3,0.4]","[""linear"",""exponential""]","[{""acute_trimp_col"":""decayedTrimpBefore"",""fatigue_state"":""decayed"",""label"":""decayed TRIMP""},{""acute_trimp_col"":""cumTrimpBefore"",""fatigue_state"":""cumulative"",""label"":""cumulative TRIMP""}]"
055_hrr_trimp_scale_hrr_reference_0_75_trimp_scale_5_decay_lambda_0_6,hrr_trimp_scale,hrr_reference_0_75_trimp_scale_5_decay_lambda_0_6,"Interaction sweep for HRR reference, acute TRIMP scale, and in-activity decay.",/tmp/trail_digital_twin_benchmark_verify/runs/055_hrr_trimp_scale_hrr_reference_0_75_trimp_scale_5_decay_lambda_0_6,"{""physiology.decay_lambda"":0.6,""physiology.hrr_reference"":0.75,""physiology.trimp_scale"":5.0}",0.05,0.1,0.9,1.1,0.75,0.3,1,5.0,0.6,0.5,"[""activity"",""segment""]","[0.35,0.4,0.45,0.5,0.55,0.6,0.65,0.7,0.75,0.8,0.85]","[0.0,0.1,0.2,0.3,0.4]","[""linear"",""exponential""]","[{""acute_trimp_col"":""decayedTrimpBefore"",""fatigue_state"":""decayed"",""label"":""decayed TRIMP""},{""acute_trimp_col"":""cumTrimpBefore"",""fatigue_state"":""cumulative"",""label"":""cumulative TRIMP""}]"
056_hrr_trimp_scale_hrr_reference_0_75_trimp_scale_10_decay_lambda_0_15,hrr_trimp_scale,hrr_reference_0_75_trimp_scale_10_decay_lambda_0_15,"Interaction sweep for HRR reference, acute TRIMP scale, and in-activity decay.",/tmp/trail_digital_twin_benchmark_verify/runs/056_hrr_trimp_scale_hrr_reference_0_75_trimp_scale_10_decay_lambda_0_15,"{""physiology.decay_lambda"":0.15,""physiology.hrr_reference"":0.75,""physiology.trimp_scale"":10.0}",0.05,0.1,0.9,1.1,0.75,0.3,1,10.0,0.15,0.5,"[""activity"",""segment""]","[0.35,0.4,0.45,0.5,0.55,0.6,0.65,0.7,0.75,0.8,0.85]","[0.0,0.1,0.2,0.3,0.4]","[""linear"",""exponential""]","[{""acute_trimp_col"":""decayedTrimpBefore"",""fatigue_state"":""decayed"",""label"":""decayed TRIMP""},{""acute_trimp_col"":""cumTrimpBefore"",""fatigue_state"":""cumulative"",""label"":""cumulative TRIMP""}]"
057_hrr_trimp_scale_hrr_reference_0_75_trimp_scale_10_decay_lambda_0_3,hrr_trimp_scale,hrr_reference_0_75_trimp_scale_10_decay_lambda_0_3,"Interaction sweep for HRR reference, acute TRIMP scale, and in-activity decay.",/tmp/trail_digital_twin_benchmark_verify/runs/057_hrr_trimp_scale_hrr_reference_0_75_trimp_scale_10_decay_lambda_0_3,"{""physiology.decay_lambda"":0.3,""physiology.hrr_reference"":0.75,""physiology.trimp_scale"":10.0}",0.05,0.1,0.9,1.1,0.75,0.3,1,10.0,0.3,0.5,"[""activity"",""segment""]","[0.35,0.4,0.45,0.5,0.55,0.6,0.65,0.7,0.75,0.8,0.85]","[0.0,0.1,0.2,0.3,0.4]","[""linear"",""exponential""]","[{""acute_trimp_col"":""decayedTrimpBefore"",""fatigue_state"":""decayed"",""label"":""decayed TRIMP""},{""acute_trimp_col"":""cumTrimpBefore"",""fatigue_state"":""cumulative"",""label"":""cumulative TRIMP""}]"
058_hrr_trimp_scale_hrr_reference_0_75_trimp_scale_10_decay_lambda_0_6,hrr_trimp_scale,hrr_reference_0_75_trimp_scale_10_decay_lambda_0_6,"Interaction sweep for HRR reference, acute TRIMP scale, and in-activity decay.",/tmp/trail_digital_twin_benchmark_verify/runs/058_hrr_trimp_scale_hrr_reference_0_75_trimp_scale_10_decay_lambda_0_6,"{""physiology.decay_lambda"":0.6,""physiology.hrr_reference"":0.75,""physiology.trimp_scale"":10.0}",0.05,0.1,0.9,1.1,0.75,0.3,1,10.0,0.6,0.5,"[""activity"",""segment""]","[0.35,0.4,0.45,0.5,0.55,0.6,0.65,0.7,0.75,0.8,0.85]","[0.0,0.1,0.2,0.3,0.4]","[""linear"",""exponential""]","[{""acute_trimp_col"":""decayedTrimpBefore"",""fatigue_state"":""decayed"",""label"":""decayed TRIMP""},{""acute_trimp_col"":""cumTrimpBefore"",""fatigue_state"":""cumulative"",""label"":""cumulative TRIMP""}]"
059_hrr_trimp_scale_hrr_reference_0_75_trimp_scale_20_decay_lambda_0_15,hrr_trimp_scale,hrr_reference_0_75_trimp_scale_20_decay_lambda_0_15,"Interaction sweep for HRR reference, acute TRIMP scale, and in-activity decay.",/tmp/trail_digital_twin_benchmark_verify/runs/059_hrr_trimp_scale_hrr_reference_0_75_trimp_scale_20_decay_lambda_0_15,"{""physiology.decay_lambda"":0.15,""physiology.hrr_reference"":0.75,""physiology.trimp_scale"":20.0}",0.05,0.1,0.9,1.1,0.75,0.3,1,20.0,0.15,0.5,"[""activity"",""segment""]","[0.35,0.4,0.45,0.5,0.55,0.6,0.65,0.7,0.75,0.8,0.85]","[0.0,0.1,0.2,0.3,0.4]","[""linear"",""exponential""]","[{""acute_trimp_col"":""decayedTrimpBefore"",""fatigue_state"":""decayed"",""label"":""decayed TRIMP""},{""acute_trimp_col"":""cumTrimpBefore"",""fatigue_state"":""cumulative"",""label"":""cumulative TRIMP""}]"
060_hrr_trimp_scale_hrr_reference_0_75_trimp_scale_20_decay_lambda_0_3,hrr_trimp_scale,hrr_reference_0_75_trimp_scale_20_decay_lambda_0_3,"Interaction sweep for HRR reference, acute TRIMP scale, and in-activity decay.",/tmp/trail_digital_twin_benchmark_verify/runs/060_hrr_trimp_scale_hrr_reference_0_75_trimp_scale_20_decay_lambda_0_3,"{""physiology.decay_lambda"":0.3,""physiology.hrr_reference"":0.75,""physiology.trimp_scale"":20.0}",0.05,0.1,0.9,1.1,0.75,0.3,1,20.0,0.3,0.5,"[""activity"",""segment""]","[0.35,0.4,0.45,0.5,0.55,0.6,0.65,0.7,0.75,0.8,0.85]","[0.0,0.1,0.2,0.3,0.4]","[""linear"",""exponential""]","[{""acute_trimp_col"":""decayedTrimpBefore"",""fatigue_state"":""decayed"",""label"":""decayed TRIMP""},{""acute_trimp_col"":""cumTrimpBefore"",""fatigue_state"":""cumulative"",""label"":""cumulative TRIMP""}]"
061_hrr_trimp_scale_hrr_reference_0_75_trimp_scale_20_decay_lambda_0_6,hrr_trimp_scale,hrr_reference_0_75_trimp_scale_20_decay_lambda_0_6,"Interaction sweep for HRR reference, acute TRIMP scale, and in-activity decay.",/tmp/trail_digital_twin_benchmark_verify/runs/061_hrr_trimp_scale_hrr_reference_0_75_trimp_scale_20_decay_lambda_0_6,"{""physiology.decay_lambda"":0.6,""physiology.hrr_reference"":0.75,""physiology.trimp_scale"":20.0}",0.05,0.1,0.9,1.1,0.75,0.3,1,20.0,0.6,0.5,"[""activity"",""segment""]","[0.35,0.4,0.45,0.5,0.55,0.6,0.65,0.7,0.75,0.8,0.85]","[0.0,0.1,0.2,0.3,0.4]","[""linear"",""exponential""]","[{""acute_trimp_col"":""decayedTrimpBefore"",""fatigue_state"":""decayed"",""label"":""decayed TRIMP""},{""acute_trimp_col"":""cumTrimpBefore"",""fatigue_state"":""cumulative"",""label"":""cumulative TRIMP""}]"
062_fatigue_floor_shape_min_fatigue_factor_0_45_fatigue_models_set_df1abc04,fatigue_floor_shape,min_fatigue_factor_0_45_fatigue_models_set_df1abc04,Fatigue-floor and fatigue-shape search for fixed-HRR performance decay.,/tmp/trail_digital_twin_benchmark_verify/runs/062_fatigue_floor_shape_min_fatigue_factor_0_45_fatigue_models_set_df1abc04,"{""fitting.fatigue_models"":[""linear""],""physiology.min_fatigue_factor"":0.45}",0.05,0.1,0.9,1.1,0.7,0.3,1,10.0,0.3,0.45,"[""activity"",""segment""]","[0.35,0.4,0.45,0.5,0.55,0.6,0.65,0.7,0.75,0.8,0.85]","[0.0,0.1,0.2,0.3,0.4]","[""linear""]","[{""acute_trimp_col"":""decayedTrimpBefore"",""fatigue_state"":""decayed"",""label"":""decayed TRIMP""},{""acute_trimp_col"":""cumTrimpBefore"",""fatigue_state"":""cumulative"",""label"":""cumulative TRIMP""}]"
063_fatigue_floor_shape_min_fatigue_factor_0_45_fatigue_models_set_2a820d02,fatigue_floor_shape,min_fatigue_factor_0_45_fatigue_models_set_2a820d02,Fatigue-floor and fatigue-shape search for fixed-HRR performance decay.,/tmp/trail_digital_twin_benchmark_verify/runs/063_fatigue_floor_shape_min_fatigue_factor_0_45_fatigue_models_set_2a820d02,"{""fitting.fatigue_models"":[""exponential""],""physiology.min_fatigue_factor"":0.45}",0.05,0.1,0.9,1.1,0.7,0.3,1,10.0,0.3,0.45,"[""activity"",""segment""]","[0.35,0.4,0.45,0.5,0.55,0.6,0.65,0.7,0.75,0.8,0.85]","[0.0,0.1,0.2,0.3,0.4]","[""exponential""]","[{""acute_trimp_col"":""decayedTrimpBefore"",""fatigue_state"":""decayed"",""label"":""decayed TRIMP""},{""acute_trimp_col"":""cumTrimpBefore"",""fatigue_state"":""cumulative"",""label"":""cumulative TRIMP""}]"
064_fatigue_floor_shape_min_fatigue_factor_0_45_fatigue_models_set_8a32a789,fatigue_floor_shape,min_fatigue_factor_0_45_fatigue_models_set_8a32a789,Fatigue-floor and fatigue-shape search for fixed-HRR performance decay.,/tmp/trail_digital_twin_benchmark_verify/runs/064_fatigue_floor_shape_min_fatigue_factor_0_45_fatigue_models_set_8a32a789,"{""fitting.fatigue_models"":[""linear"",""exponential""],""physiology.min_fatigue_factor"":0.45}",0.05,0.1,0.9,1.1,0.7,0.3,1,10.0,0.3,0.45,"[""activity"",""segment""]","[0.35,0.4,0.45,0.5,0.55,0.6,0.65,0.7,0.75,0.8,0.85]","[0.0,0.1,0.2,0.3,0.4]","[""linear"",""exponential""]","[{""acute_trimp_col"":""decayedTrimpBefore"",""fatigue_state"":""decayed"",""label"":""decayed TRIMP""},{""acute_trimp_col"":""cumTrimpBefore"",""fatigue_state"":""cumulative"",""label"":""cumulative TRIMP""}]"
065_fatigue_floor_shape_min_fatigue_factor_0_5_fatigue_models_set_df1abc04,fatigue_floor_shape,min_fatigue_factor_0_5_fatigue_models_set_df1abc04,Fatigue-floor and fatigue-shape search for fixed-HRR performance decay.,/tmp/trail_digital_twin_benchmark_verify/runs/065_fatigue_floor_shape_min_fatigue_factor_0_5_fatigue_models_set_df1abc04,"{""fitting.fatigue_models"":[""linear""],""physiology.min_fatigue_factor"":0.5}",0.05,0.1,0.9,1.1,0.7,0.3,1,10.0,0.3,0.5,"[""activity"",""segment""]","[0.35,0.4,0.45,0.5,0.55,0.6,0.65,0.7,0.75,0.8,0.85]","[0.0,0.1,0.2,0.3,0.4]","[""linear""]","[{""acute_trimp_col"":""decayedTrimpBefore"",""fatigue_state"":""decayed"",""label"":""decayed TRIMP""},{""acute_trimp_col"":""cumTrimpBefore"",""fatigue_state"":""cumulative"",""label"":""cumulative TRIMP""}]"
066_fatigue_floor_shape_min_fatigue_factor_0_5_fatigue_models_set_2a820d02,fatigue_floor_shape,min_fatigue_factor_0_5_fatigue_models_set_2a820d02,Fatigue-floor and fatigue-shape search for fixed-HRR performance decay.,/tmp/trail_digital_twin_benchmark_verify/runs/066_fatigue_floor_shape_min_fatigue_factor_0_5_fatigue_models_set_2a820d02,"{""fitting.fatigue_models"":[""exponential""],""physiology.min_fatigue_factor"":0.5}",0.05,0.1,0.9,1.1,0.7,0.3,1,10.0,0.3,0.5,"[""activity"",""segment""]","[0.35,0.4,0.45,0.5,0.55,0.6,0.65,0.7,0.75,0.8,0.85]","[0.0,0.1,0.2,0.3,0.4]","[""exponential""]","[{""acute_trimp_col"":""decayedTrimpBefore"",""fatigue_state"":""decayed"",""label"":""decayed TRIMP""},{""acute_trimp_col"":""cumTrimpBefore"",""fatigue_state"":""cumulative"",""label"":""cumulative TRIMP""}]"
067_fatigue_floor_shape_min_fatigue_factor_0_5_fatigue_models_set_8a32a789,fatigue_floor_shape,min_fatigue_factor_0_5_fatigue_models_set_8a32a789,Fatigue-floor and fatigue-shape search for fixed-HRR performance decay.,/tmp/trail_digital_twin_benchmark_verify/runs/067_fatigue_floor_shape_min_fatigue_factor_0_5_fatigue_models_set_8a32a789,"{""fitting.fatigue_models"":[""linear"",""exponential""],""physiology.min_fatigue_factor"":0.5}",0.05,0.1,0.9,1.1,0.7,0.3,1,10.0,0.3,0.5,"[""activity"",""segment""]","[0.35,0.4,0.45,0.5,0.55,0.6,0.65,0.7,0.75,0.8,0.85]","[0.0,0.1,0.2,0.3,0.4]","[""linear"",""exponential""]","[{""acute_trimp_col"":""decayedTrimpBefore"",""fatigue_state"":""decayed"",""label"":""decayed TRIMP""},{""acute_trimp_col"":""cumTrimpBefore"",""fatigue_state"":""cumulative"",""label"":""cumulative TRIMP""}]"
068_fatigue_floor_shape_min_fatigue_factor_0_6_fatigue_models_set_df1abc04,fatigue_floor_shape,min_fatigue_factor_0_6_fatigue_models_set_df1abc04,Fatigue-floor and fatigue-shape search for fixed-HRR performance decay.,/tmp/trail_digital_twin_benchmark_verify/runs/068_fatigue_floor_shape_min_fatigue_factor_0_6_fatigue_models_set_df1abc04,"{""fitting.fatigue_models"":[""linear""],""physiology.min_fatigue_factor"":0.6}",0.05,0.1,0.9,1.1,0.7,0.3,1,10.0,0.3,0.6,"[""activity"",""segment""]","[0.35,0.4,0.45,0.5,0.55,0.6,0.65,0.7,0.75,0.8,0.85]","[0.0,0.1,0.2,0.3,0.4]","[""linear""]","[{""acute_trimp_col"":""decayedTrimpBefore"",""fatigue_state"":""decayed"",""label"":""decayed TRIMP""},{""acute_trimp_col"":""cumTrimpBefore"",""fatigue_state"":""cumulative"",""label"":""cumulative TRIMP""}]"
069_fatigue_floor_shape_min_fatigue_factor_0_6_fatigue_models_set_2a820d02,fatigue_floor_shape,min_fatigue_factor_0_6_fatigue_models_set_2a820d02,Fatigue-floor and fatigue-shape search for fixed-HRR performance decay.,/tmp/trail_digital_twin_benchmark_verify/runs/069_fatigue_floor_shape_min_fatigue_factor_0_6_fatigue_models_set_2a820d02,"{""fitting.fatigue_models"":[""exponential""],""physiology.min_fatigue_factor"":0.6}",0.05,0.1,0.9,1.1,0.7,0.3,1,10.0,0.3,0.6,"[""activity"",""segment""]","[0.35,0.4,0.45,0.5,0.55,0.6,0.65,0.7,0.75,0.8,0.85]","[0.0,0.1,0.2,0.3,0.4]","[""exponential""]","[{""acute_trimp_col"":""decayedTrimpBefore"",""fatigue_state"":""decayed"",""label"":""decayed TRIMP""},{""acute_trimp_col"":""cumTrimpBefore"",""fatigue_state"":""cumulative"",""label"":""cumulative TRIMP""}]"
070_fatigue_floor_shape_min_fatigue_factor_0_6_fatigue_models_set_8a32a789,fatigue_floor_shape,min_fatigue_factor_0_6_fatigue_models_set_8a32a789,Fatigue-floor and fatigue-shape search for fixed-HRR performance decay.,/tmp/trail_digital_twin_benchmark_verify/runs/070_fatigue_floor_shape_min_fatigue_factor_0_6_fatigue_models_set_8a32a789,"{""fitting.fatigue_models"":[""linear"",""exponential""],""physiology.min_fatigue_factor"":0.6}",0.05,0.1,0.9,1.1,0.7,0.3,1,10.0,0.3,0.6,"[""activity"",""segment""]","[0.35,0.4,0.45,0.5,0.55,0.6,0.65,0.7,0.75,0.8,0.85]","[0.0,0.1,0.2,0.3,0.4]","[""linear"",""exponential""]","[{""acute_trimp_col"":""decayedTrimpBefore"",""fatigue_state"":""decayed"",""label"":""decayed TRIMP""},{""acute_trimp_col"":""cumTrimpBefore"",""fatigue_state"":""cumulative"",""label"":""cumulative TRIMP""}]"
071_fatigue_state_stage3_decayed_only,fatigue_state,stage3_decayed_only,Stage 3 acute-fatigue state ablation.,/tmp/trail_digital_twin_benchmark_verify/runs/071_fatigue_state_stage3_decayed_only,"{""fitting.stage3_fatigue_states"":[{""acute_trimp_col"":""decayedTrimpBefore"",""fatigue_state"":""decayed"",""label"":""decayed TRIMP""}]}",0.05,0.1,0.9,1.1,0.7,0.3,1,10.0,0.3,0.5,"[""activity"",""segment""]","[0.35,0.4,0.45,0.5,0.55,0.6,0.65,0.7,0.75,0.8,0.85]","[0.0,0.1,0.2,0.3,0.4]","[""linear"",""exponential""]","[{""acute_trimp_col"":""decayedTrimpBefore"",""fatigue_state"":""decayed"",""label"":""decayed TRIMP""}]"
072_fatigue_state_stage3_cumulative_only,fatigue_state,stage3_cumulative_only,Stage 3 acute-fatigue state ablation.,/tmp/trail_digital_twin_benchmark_verify/runs/072_fatigue_state_stage3_cumulative_only,"{""fitting.stage3_fatigue_states"":[{""acute_trimp_col"":""cumTrimpBefore"",""fatigue_state"":""cumulative"",""label"":""cumulative TRIMP""}]}",0.05,0.1,0.9,1.1,0.7,0.3,1,10.0,0.3,0.5,"[""activity"",""segment""]","[0.35,0.4,0.45,0.5,0.55,0.6,0.65,0.7,0.75,0.8,0.85]","[0.0,0.1,0.2,0.3,0.4]","[""linear"",""exponential""]","[{""acute_trimp_col"":""cumTrimpBefore"",""fatigue_state"":""cumulative"",""label"":""cumulative TRIMP""}]"
073_fatigue_state_stage3_both_states,fatigue_state,stage3_both_states,Stage 3 acute-fatigue state ablation.,/tmp/trail_digital_twin_benchmark_verify/runs/073_fatigue_state_stage3_both_states,"{""fitting.stage3_fatigue_states"":[{""acute_trimp_col"":""decayedTrimpBefore"",""fatigue_state"":""decayed"",""label"":""decayed TRIMP""},{""acute_trimp_col"":""cumTrimpBefore"",""fatigue_state"":""cumulative"",""label"":""cumulative TRIMP""}]}",0.05,0.1,0.9,1.1,0.7,0.3,1,10.0,0.3,0.5,"[""activity"",""segment""]","[0.35,0.4,0.45,0.5,0.55,0.6,0.65,0.7,0.75,0.8,0.85]","[0.0,0.1,0.2,0.3,0.4]","[""linear"",""exponential""]","[{""acute_trimp_col"":""decayedTrimpBefore"",""fatigue_state"":""decayed"",""label"":""decayed TRIMP""},{""acute_trimp_col"":""cumTrimpBefore"",""fatigue_state"":""cumulative"",""label"":""cumulative TRIMP""}]"
074_hrr_trimp_grids_kappa_base,hrr_trimp_grids,kappa_base,Stage 3 alpha and acute-fatigue coefficient grid resolution.,/tmp/trail_digital_twin_benchmark_verify/runs/074_hrr_trimp_grids_kappa_base,"{""fitting.hrr_trimp_kappa_grid"":[0.0,0.1,0.2,0.3,0.4]}",0.05,0.1,0.9,1.1,0.7,0.3,1,10.0,0.3,0.5,"[""activity"",""segment""]","[0.35,0.4,0.45,0.5,0.55,0.6,0.65,0.7,0.75,0.8,0.85]","[0.0,0.1,0.2,0.3,0.4]","[""linear"",""exponential""]","[{""acute_trimp_col"":""decayedTrimpBefore"",""fatigue_state"":""decayed"",""label"":""decayed TRIMP""},{""acute_trimp_col"":""cumTrimpBefore"",""fatigue_state"":""cumulative"",""label"":""cumulative TRIMP""}]"
075_hrr_trimp_grids_kappa_fine_low,hrr_trimp_grids,kappa_fine_low,Stage 3 alpha and acute-fatigue coefficient grid resolution.,/tmp/trail_digital_twin_benchmark_verify/runs/075_hrr_trimp_grids_kappa_fine_low,"{""fitting.hrr_trimp_kappa_grid"":[0.0,0.05,0.1,0.15,0.2,0.25]}",0.05,0.1,0.9,1.1,0.7,0.3,1,10.0,0.3,0.5,"[""activity"",""segment""]","[0.35,0.4,0.45,0.5,0.55,0.6,0.65,0.7,0.75,0.8,0.85]","[0.0,0.05,0.1,0.15,0.2,0.25]","[""linear"",""exponential""]","[{""acute_trimp_col"":""decayedTrimpBefore"",""fatigue_state"":""decayed"",""label"":""decayed TRIMP""},{""acute_trimp_col"":""cumTrimpBefore"",""fatigue_state"":""cumulative"",""label"":""cumulative TRIMP""}]"
076_hrr_trimp_grids_kappa_wide,hrr_trimp_grids,kappa_wide,Stage 3 alpha and acute-fatigue coefficient grid resolution.,/tmp/trail_digital_twin_benchmark_verify/runs/076_hrr_trimp_grids_kappa_wide,"{""fitting.hrr_trimp_kappa_grid"":[0.0,0.1,0.2,0.3,0.4,0.5,0.6]}",0.05,0.1,0.9,1.1,0.7,0.3,1,10.0,0.3,0.5,"[""activity"",""segment""]","[0.35,0.4,0.45,0.5,0.55,0.6,0.65,0.7,0.75,0.8,0.85]","[0.0,0.1,0.2,0.3,0.4,0.5,0.6]","[""linear"",""exponential""]","[{""acute_trimp_col"":""decayedTrimpBefore"",""fatigue_state"":""decayed"",""label"":""decayed TRIMP""},{""acute_trimp_col"":""cumTrimpBefore"",""fatigue_state"":""cumulative"",""label"":""cumulative TRIMP""}]"
077_hrr_trimp_grids_alpha_wide,hrr_trimp_grids,alpha_wide,Stage 3 alpha and acute-fatigue coefficient grid resolution.,/tmp/trail_digital_twin_benchmark_verify/runs/077_hrr_trimp_grids_alpha_wide,"{""fitting.hrr_trimp_alpha_grid"":[0.25,0.3,0.35,0.4,0.45,0.5,0.55,0.6,0.65,0.7,0.75,0.8,0.85,0.9,0.95]}",0.05,0.1,0.9,1.1,0.7,0.3,1,10.0,0.3,0.5,"[""activity"",""segment""]","[0.25,0.3,0.35,0.4,0.45,0.5,0.55,0.6,0.65,0.7,0.75,0.8,0.85,0.9,0.95]","[0.0,0.1,0.2,0.3,0.4]","[""linear"",""exponential""]","[{""acute_trimp_col"":""decayedTrimpBefore"",""fatigue_state"":""decayed"",""label"":""decayed TRIMP""},{""acute_trimp_col"":""cumTrimpBefore"",""fatigue_state"":""cumulative"",""label"":""cumulative TRIMP""}]"
078_objective_modes_objective_activity_only,objective_modes,objective_activity_only,Activity-level versus segment-level fitting objective comparison.,/tmp/trail_digital_twin_benchmark_verify/runs/078_objective_modes_objective_activity_only,"{""fitting.enabled_objectives"":[""activity""]}",0.05,0.1,0.9,1.1,0.7,0.3,1,10.0,0.3,0.5,"[""activity""]","[0.35,0.4,0.45,0.5,0.55,0.6,0.65,0.7,0.75,0.8,0.85]","[0.0,0.1,0.2,0.3,0.4]","[""linear"",""exponential""]","[{""acute_trimp_col"":""decayedTrimpBefore"",""fatigue_state"":""decayed"",""label"":""decayed TRIMP""},{""acute_trimp_col"":""cumTrimpBefore"",""fatigue_state"":""cumulative"",""label"":""cumulative TRIMP""}]"
079_objective_modes_objective_segment_only,objective_modes,objective_segment_only,Activity-level versus segment-level fitting objective comparison.,/tmp/trail_digital_twin_benchmark_verify/runs/079_objective_modes_objective_segment_only,"{""fitting.enabled_objectives"":[""segment""]}",0.05,0.1,0.9,1.1,0.7,0.3,1,10.0,0.3,0.5,"[""segment""]","[0.35,0.4,0.45,0.5,0.55,0.6,0.65,0.7,0.75,0.8,0.85]","[0.0,0.1,0.2,0.3,0.4]","[""linear"",""exponential""]","[{""acute_trimp_col"":""decayedTrimpBefore"",""fatigue_state"":""decayed"",""label"":""decayed TRIMP""},{""acute_trimp_col"":""cumTrimpBefore"",""fatigue_state"":""cumulative"",""label"":""cumulative TRIMP""}]"
080_objective_modes_objective_both,objective_modes,objective_both,Activity-level versus segment-level fitting objective comparison.,/tmp/trail_digital_twin_benchmark_verify/runs/080_objective_modes_objective_both,"{""fitting.enabled_objectives"":[""activity"",""segment""]}",0.05,0.1,0.9,1.1,0.7,0.3,1,10.0,0.3,0.5,"[""activity"",""segment""]","[0.35,0.4,0.45,0.5,0.55,0.6,0.65,0.7,0.75,0.8,0.85]","[0.0,0.1,0.2,0.3,0.4]","[""linear"",""exponential""]","[{""acute_trimp_col"":""decayedTrimpBefore"",""fatigue_state"":""decayed"",""label"":""decayed TRIMP""},{""acute_trimp_col"":""cumTrimpBefore"",""fatigue_state"":""cumulative"",""label"":""cumulative TRIMP""}]"
