activityId,athleteId,startDate,sportType,category,source,distanceKm,timeSec,ascentM,distanceEqKm,trimp,avgHr,hrSpeedShift
11277623453,8c83ae21-a810-466d-a5c5-95ef9a470c8a,2024-04-27,Run,RUN,strava,6.0556,1918.0,72.0,6.7756,0.9213458047489302,160.3,45
11288935369,8c83ae21-a810-466d-a5c5-95ef9a470c8a,2024-04-29,Ride,RIDE,strava,2.4537,601.0,5.0,0.8361099999999999,0.07677835303599645,109.0,36
11290153541,8c83ae21-a810-466d-a5c5-95ef9a470c8a,2024-04-29,Swim,OTHER,strava,1.4,1949.0,0.0,1.4,0.3771413391780405,123.2,
11292532819,8c83ae21-a810-466d-a5c5-95ef9a470c8a,2024-04-29,WeightTraining,OTHER,strava,0.0,2406.0,0.0,0.0,0.38870007033657433,116.8,
11292659274,8c83ae21-a810-466d-a5c5-95ef9a470c8a,2024-04-29,Ride,RIDE,strava,2.4645,492.0,2.0,0.7793500000000001,0.056204442992837896,105.5,-10
11296561858,8c83ae21-a810-466d-a5c5-95ef9a470c8a,2024-04-30,Ride,RIDE,strava,2.4091,513.0,4.0,0.8027299999999999,0.08727927835494914,118.6,-19
11297452009,8c83ae21-a810-466d-a5c5-95ef9a470c8a,2024-04-30,Run,RUN,strava,8.8907,2894.0,21.0,9.100700000000002,1.1277818082904583,151.1,-23
11302257945,8c83ae21-a810-466d-a5c5-95ef9a470c8a,2024-04-30,Run,RUN,strava,0.0042,938.0,0.0,0.0042,0.07617869262663345,95.7,
11310062778,8c83ae21-a810-466d-a5c5-95ef9a470c8a,2024-05-01,WeightTraining,OTHER,strava,0.0,6527.0,0.0,0.0,0.9146099811382906,112.0,
11314663333,8c83ae21-a810-466d-a5c5-95ef9a470c8a,2024-05-02,Badminton,OTHER,strava,0.1444,3576.0,0.0,0.1444,0.9730341130908916,136.2,
11321845493,8c83ae21-a810-466d-a5c5-95ef9a470c8a,2024-05-03,Swim,OTHER,strava,0.45,700.0,0.0,0.45,0.13769868250115133,123.8,
11321884516,8c83ae21-a810-466d-a5c5-95ef9a470c8a,2024-05-03,Swim,OTHER,strava,0.35,545.0,0.0,0.35,0.19384321903665522,147.2,
11345784109,8c83ae21-a810-466d-a5c5-95ef9a470c8a,2024-05-06,Run,RUN,strava,8.478399999999999,2821.0,10.0,8.578399999999998,1.2162750097798722,155.5,57
11360791173,8c83ae21-a810-466d-a5c5-95ef9a470c8a,2024-05-08,Hike,HIKE,strava,6.739199999999999,6457.0,690.0,13.639199999999999,1.2841145749080787,124.2,-13
11368462849,8c83ae21-a810-466d-a5c5-95ef9a470c8a,2024-05-09,Ride,RIDE,strava,69.6371,15597.0,1952.0,59.931129999999996,4.652554572591039,139.9,14
11376307068,8c83ae21-a810-466d-a5c5-95ef9a470c8a,2024-05-10,Hike,HIKE,strava,4.408600000000001,4089.0,207.0,6.4786,0.6799331956493953,117.8,-6
11387382620,8c83ae21-a810-466d-a5c5-95ef9a470c8a,2024-05-11,TrailRun,TRAIL_RUN,strava,4.9177,3148.0,517.0,10.0877,2.1154919244985355,175.8,48
11394415793,8c83ae21-a810-466d-a5c5-95ef9a470c8a,2024-05-12,Ride,RIDE,strava,5.8529,1070.0,22.0,2.19587,0.20422122962458514,122.7,-19
11394769089,8c83ae21-a810-466d-a5c5-95ef9a470c8a,2024-05-12,Run,RUN,strava,4.6288,1617.0,7.0,4.6988,0.5805876376782275,147.6,37
11399837206,8c83ae21-a810-466d-a5c5-95ef9a470c8a,2024-05-13,Swim,OTHER,strava,1.4,1557.0,0.0,1.4,0.5408136834940546,146.2,
11402649903,8c83ae21-a810-466d-a5c5-95ef9a470c8a,2024-05-13,WeightTraining,OTHER,strava,0.0,1969.0,0.0,0.0,0.32273329247797755,117.3,
11407738827,8c83ae21-a810-466d-a5c5-95ef9a470c8a,2024-05-14,Badminton,OTHER,strava,0.1389,2675.0,0.0,0.1389,0.7187740068720829,135.7,
11415865449,8c83ae21-a810-466d-a5c5-95ef9a470c8a,2024-05-15,TableTennis,OTHER,strava,0.1181,2600.0,0.0,0.1181,0.4563826869503674,119.7,
11419310335,8c83ae21-a810-466d-a5c5-95ef9a470c8a,2024-05-15,Ride,RIDE,strava,7.1821,2051.0,34.0,2.83463,0.16163211209115474,94.9,-37
11423962144,8c83ae21-a810-466d-a5c5-95ef9a470c8a,2024-05-16,Soccer,OTHER,strava,6.877800000000001,4139.0,0.0,6.877800000000001,2.36484891539404,168.2,-16
11430975244,8c83ae21-a810-466d-a5c5-95ef9a470c8a,2024-05-17,Swim,OTHER,strava,1.0,1417.0,0.0,1.0,0.33414575188861817,130.6,
11433686061,8c83ae21-a810-466d-a5c5-95ef9a470c8a,2024-05-17,WeightTraining,OTHER,strava,0.0,4646.0,0.0,0.0,0.8017766157332216,119.1,
11450736281,8c83ae21-a810-466d-a5c5-95ef9a470c8a,2024-05-19,Run,RUN,strava,9.8176,3457.0,68.0,10.4976,1.3192783209688348,150.2,59
11456544533,8c83ae21-a810-466d-a5c5-95ef9a470c8a,2024-05-20,WeightTraining,OTHER,strava,0.0,6135.0,0.0,0.0,0.8544734580440797,111.8,
11462693706,8c83ae21-a810-466d-a5c5-95ef9a470c8a,2024-05-21,Run,RUN,strava,10.1278,3174.0,25.0,10.3778,1.5383359385137516,160.7,-57
11465359500,8c83ae21-a810-466d-a5c5-95ef9a470c8a,2024-05-21,WeightTraining,OTHER,strava,0.0,3008.0,0.0,0.0,0.4489382575647233,114.1,
11465451642,8c83ae21-a810-466d-a5c5-95ef9a470c8a,2024-05-21,Rowing,OTHER,strava,0.0,350.0,0.0,0.0,0.10440431495844482,139.9,
11470433931,8c83ae21-a810-466d-a5c5-95ef9a470c8a,2024-05-22,TableTennis,OTHER,strava,0.2009,2788.0,0.0,0.2009,0.7797977860169752,137.3,
11478219965,8c83ae21-a810-466d-a5c5-95ef9a470c8a,2024-05-23,Swim,OTHER,strava,0.85,1244.0,0.0,0.85,0.33510636759590473,135.8,
11485691806,8c83ae21-a810-466d-a5c5-95ef9a470c8a,2024-05-24,WeightTraining,OTHER,strava,0.0,3527.0,0.0,0.0,0.5063233332474758,112.8,
11503292064,8c83ae21-a810-466d-a5c5-95ef9a470c8a,2024-05-25,Hike,HIKE,strava,2.064,1335.0,25.0,2.314,0.16008005714113605,107.0,19
11508804849,8c83ae21-a810-466d-a5c5-95ef9a470c8a,2024-05-27,WeightTraining,OTHER,strava,0.0,3676.0,0.0,0.0,0.6060065520843194,117.5,
11516128212,8c83ae21-a810-466d-a5c5-95ef9a470c8a,2024-05-28,Badminton,OTHER,strava,0.1536,3293.0,0.0,0.1536,0.5523041051670723,118.1,
11524625801,8c83ae21-a810-466d-a5c5-95ef9a470c8a,2024-05-29,TableTennis,OTHER,strava,0.9637,7184.0,0.0,0.9637,0.6166709583319514,97.2,
11531867370,8c83ae21-a810-466d-a5c5-95ef9a470c8a,2024-05-30,Run,RUN,strava,7.9253,2683.0,26.0,8.1853,0.892722060883018,144.4,-42
11539494778,8c83ae21-a810-466d-a5c5-95ef9a470c8a,2024-05-31,Swim,OTHER,strava,0.95,1331.0,0.0,0.95,0.4503521088106555,145.1,
11562663514,8c83ae21-a810-466d-a5c5-95ef9a470c8a,2024-06-03,Run,RUN,strava,9.8917,3229.0,21.0,10.101700000000001,1.5895354861874247,161.4,60
11570064360,8c83ae21-a810-466d-a5c5-95ef9a470c8a,2024-06-04,Run,RUN,strava,1.1990999999999998,466.0,3.0,1.2290999999999999,0.12116433445936348,134.4,-41
11570411417,8c83ae21-a810-466d-a5c5-95ef9a470c8a,2024-06-04,WeightTraining,OTHER,strava,0.0,2536.0,0.0,0.0,0.629757295901834,132.6,
11570474652,8c83ae21-a810-466d-a5c5-95ef9a470c8a,2024-06-04,Run,RUN,strava,0.6628,175.0,0.0,0.6628,0.04931456197910023,137.6,16
11587123521,8c83ae21-a810-466d-a5c5-95ef9a470c8a,2024-06-06,Run,RUN,strava,6.7052,1887.0,14.0,6.845199999999999,1.182428480305831,172.5,-60
11595133846,8c83ae21-a810-466d-a5c5-95ef9a470c8a,2024-06-07,Soccer,OTHER,strava,6.2014,4255.0,0.0,6.2014,1.9195702222730056,157.5,-16
11604265977,8c83ae21-a810-466d-a5c5-95ef9a470c8a,2024-06-08,Ride,RIDE,strava,62.8764,13629.0,1799.0,54.84292000000001,4.644612290557624,145.4,2
11612618245,8c83ae21-a810-466d-a5c5-95ef9a470c8a,2024-06-09,Ride,RIDE,strava,17.1128,2799.0,48.0,6.09384,0.5401346500848089,123.1,41
11613695924,8c83ae21-a810-466d-a5c5-95ef9a470c8a,2024-06-09,Ride,RIDE,strava,5.5315,1222.0,17.0,1.9994500000000002,0.3081595120248061,133.2,-5
11626182984,8c83ae21-a810-466d-a5c5-95ef9a470c8a,2024-06-11,Soccer,OTHER,strava,6.8413,4554.0,0.0,6.8413,2.212095474676636,160.8,-17
11637384443,8c83ae21-a810-466d-a5c5-95ef9a470c8a,2024-06-12,Run,RUN,strava,11.4913,3410.0,28.0,11.7713,1.9441180553027337,168.1,-38
11642838374,8c83ae21-a810-466d-a5c5-95ef9a470c8a,2024-06-13,Soccer,OTHER,strava,5.3845,3622.0,0.0,5.3845,1.3159045522106814,148.1,-23
11660716565,8c83ae21-a810-466d-a5c5-95ef9a470c8a,2024-06-15,Ride,RIDE,strava,5.4853000000000005,1051.0,1.0,1.6655900000000001,0.29031262869287605,136.8,48
11661845135,8c83ae21-a810-466d-a5c5-95ef9a470c8a,2024-06-16,Ride,RIDE,strava,5.5547,1239.0,4.0,1.7464100000000002,0.2685749286346546,127.4,22
11672310227,8c83ae21-a810-466d-a5c5-95ef9a470c8a,2024-06-17,Run,RUN,strava,1.1741,411.0,3.0,1.2041,0.0773677649118043,122.2,-35
11672312918,8c83ae21-a810-466d-a5c5-95ef9a470c8a,2024-06-17,WeightTraining,OTHER,strava,0.0,2215.0,0.0,0.0,0.37150124292288644,118.1,
11672313164,8c83ae21-a810-466d-a5c5-95ef9a470c8a,2024-06-17,Run,RUN,strava,0.8881,339.0,3.0,0.9181,0.13395678764113966,151.7,-20
11679863383,8c83ae21-a810-466d-a5c5-95ef9a470c8a,2024-06-18,Run,RUN,strava,1.5169,493.0,1.0,1.5269,0.149242023625397,140.5,-35
11680459307,8c83ae21-a810-466d-a5c5-95ef9a470c8a,2024-06-18,Run,RUN,strava,5.4707,4437.0,13.0,5.6007,1.5302057927021926,145.9,-45
11688912715,8c83ae21-a810-466d-a5c5-95ef9a470c8a,2024-06-19,Run,RUN,strava,1.4369,482.0,5.0,1.4869,0.12374080550211539,133.9,60
11688912722,8c83ae21-a810-466d-a5c5-95ef9a470c8a,2024-06-19,Run,RUN,strava,2.182,798.0,2.0,2.202,0.24394826747116222,140.9,-49
11696413113,8c83ae21-a810-466d-a5c5-95ef9a470c8a,2024-06-20,Run,RUN,strava,1.228,389.0,5.0,1.278,0.07568771985335034,123.4,-29
11696587435,8c83ae21-a810-466d-a5c5-95ef9a470c8a,2024-06-20,WeightTraining,OTHER,strava,0.0,1280.0,0.0,0.0,0.25386277001878793,124.1,
11696652992,8c83ae21-a810-466d-a5c5-95ef9a470c8a,2024-06-20,Run,RUN,strava,1.1884,397.0,0.0,1.1884,0.11131738832519805,137.4,-55
11704501213,8c83ae21-a810-466d-a5c5-95ef9a470c8a,2024-06-21,Run,RUN,strava,12.5421,3874.0,32.0,12.8621,2.0420534037197147,164.5,-60
11723246393,8c83ae21-a810-466d-a5c5-95ef9a470c8a,2024-06-23,Run,RUN,strava,1.1825,383.0,11.0,1.2925000000000002,0.1150929635882515,140.2,-60
11723330241,8c83ae21-a810-466d-a5c5-95ef9a470c8a,2024-06-23,WeightTraining,OTHER,strava,0.0,1028.0,0.0,0.0,0.21871400244263225,126.7,
11723360414,8c83ae21-a810-466d-a5c5-95ef9a470c8a,2024-06-23,Run,RUN,strava,1.2222,332.0,7.0,1.2922,0.07158451449902181,127.2,60
11730667820,8c83ae21-a810-466d-a5c5-95ef9a470c8a,2024-06-24,Run,RUN,strava,10.2281,3369.0,100.0,11.2281,1.6255897534719734,160.5,6
11742827387,8c83ae21-a810-466d-a5c5-95ef9a470c8a,2024-06-26,Run,RUN,strava,0.9358,284.0,2.0,0.9558,0.1640286974112124,168.7,-60
11742983267,8c83ae21-a810-466d-a5c5-95ef9a470c8a,2024-06-26,Run,RUN,strava,0.7793,271.0,0.0,0.7793,0.1376040333447132,162.8,
11759480552,8c83ae21-a810-466d-a5c5-95ef9a470c8a,2024-06-28,Run,RUN,strava,17.893,5536.0,42.0,18.313000000000002,2.8736049179543057,163.8,-57
11781458952,8c83ae21-a810-466d-a5c5-95ef9a470c8a,2024-07-01,Run,RUN,strava,5.9995,1960.0,17.0,6.1695,0.8782534222496218,157.2,55
11797598418,8c83ae21-a810-466d-a5c5-95ef9a470c8a,2024-07-03,Run,RUN,strava,5.477600000000001,2261.0,15.0,5.627600000000001,0.7030908010193395,141.6,-33
11815743705,8c83ae21-a810-466d-a5c5-95ef9a470c8a,2024-07-05,Run,RUN,strava,10.9599,3211.0,29.0,11.249899999999998,1.7224885889479815,165.3,-60
11839815612,8c83ae21-a810-466d-a5c5-95ef9a470c8a,2024-07-08,Run,RUN,strava,6.0935,1711.0,82.6,6.919499999999999,0.9178380491093109,165.3,60
11903275439,8c83ae21-a810-466d-a5c5-95ef9a470c8a,2024-07-16,Run,RUN,strava,2.7093000000000003,1051.0,98.0,3.6893000000000002,0.3096766009780131,139.4,-5
11911590069,8c83ae21-a810-466d-a5c5-95ef9a470c8a,2024-07-17,Hike,HIKE,strava,9.9482,11963.0,1256.0,22.508200000000002,3.118397763768578,134.5,-13
11919983420,8c83ae21-a810-466d-a5c5-95ef9a470c8a,2024-07-18,Hike,HIKE,strava,12.3152,13768.0,685.0,19.165200000000002,3.0646542352608894,128.4,-16
11926344565,8c83ae21-a810-466d-a5c5-95ef9a470c8a,2024-07-19,TrailRun,TRAIL_RUN,strava,8.6405,3910.0,386.0,12.500499999999999,1.8244380666791837,159.0,-43
11958807397,8c83ae21-a810-466d-a5c5-95ef9a470c8a,2024-07-23,Run,RUN,strava,7.6709,2686.0,123.9,8.9099,1.056477080733344,151.5,-31
11961109472,8c83ae21-a810-466d-a5c5-95ef9a470c8a,2024-07-23,Ride,RIDE,strava,16.0734,2257.0,210.0,9.02202,0.9232515660720286,153.2,32
11963129459,8c83ae21-a810-466d-a5c5-95ef9a470c8a,2024-07-23,Ride,RIDE,strava,14.5267,2078.0,225.0,8.85801,0.7801644758838154,149.5,60
11984215977,8c83ae21-a810-466d-a5c5-95ef9a470c8a,2024-07-26,Run,RUN,strava,7.678100000000001,2814.0,123.6,8.914100000000001,0.9498610073309761,145.0,60
11995841787,8c83ae21-a810-466d-a5c5-95ef9a470c8a,2024-07-27,WeightTraining,OTHER,strava,0.0,1427.0,0.0,0.0,0.30117492575516713,126.4,
12000338229,8c83ae21-a810-466d-a5c5-95ef9a470c8a,2024-07-28,Run,RUN,strava,25.0739,9824.0,668.0,31.753899999999998,5.492673549429162,167.2,-57
12020856512,8c83ae21-a810-466d-a5c5-95ef9a470c8a,2024-07-30,Run,RUN,strava,6.3055,1925.0,83.0,7.1355,0.843267107563006,156.2,-36
12033703768,8c83ae21-a810-466d-a5c5-95ef9a470c8a,2024-08-01,Run,RUN,strava,11.5574,4341.0,180.0,13.3574,1.660499241078959,150.3,-49
12063923301,8c83ae21-a810-466d-a5c5-95ef9a470c8a,2024-08-04,Run,RUN,strava,10.0088,3335.0,156.7,11.575800000000001,0.9850803884938952,139.5,-43
12079748173,8c83ae21-a810-466d-a5c5-95ef9a470c8a,2024-08-06,Run,RUN,strava,6.960100000000001,1788.0,91.0,7.870100000000001,1.3874745131975001,182.7,-60
12088123954,8c83ae21-a810-466d-a5c5-95ef9a470c8a,2024-08-07,Rowing,OTHER,strava,11.9373,7563.0,31.2,12.2493,1.9268053918652124,133.6,39
12122982163,8c83ae21-a810-466d-a5c5-95ef9a470c8a,2024-08-11,Run,RUN,strava,14.1426,5150.0,219.2,16.3346,2.8174461506897,166.2,60
12134752423,8c83ae21-a810-466d-a5c5-95ef9a470c8a,2024-08-13,Run,RUN,strava,7.6996,2879.0,131.0,9.0096,1.2300274125530444,155.1,60
12147822484,8c83ae21-a810-466d-a5c5-95ef9a470c8a,2024-08-14,Run,RUN,strava,7.1006,2076.0,81.0,7.9106000000000005,1.3775461238430955,175.2,-52
12161668479,8c83ae21-a810-466d-a5c5-95ef9a470c8a,2024-08-16,Run,RUN,strava,8.7262,2940.0,101.0,9.7362,1.332324893078079,157.7,-33
12177245147,8c83ae21-a810-466d-a5c5-95ef9a470c8a,2024-08-18,Run,RUN,strava,23.8238,8181.0,529.0,29.113799999999998,5.428566878208268,175.2,11
12198517476,8c83ae21-a810-466d-a5c5-95ef9a470c8a,2024-08-20,Run,RUN,strava,8.6279,3215.0,192.0,10.5479,1.4438610187859742,157.3,-47
12215183637,8c83ae21-a810-466d-a5c5-95ef9a470c8a,2024-08-22,Run,RUN,strava,7.1715,2398.0,79.0,7.9615,1.4182309687437042,169.8,-33
12231235107,8c83ae21-a810-466d-a5c5-95ef9a470c8a,2024-08-24,Run,RUN,strava,13.0791,4474.0,188.0,14.959100000000001,2.63466074759003,169.6,60
12351986883,8c83ae21-a810-466d-a5c5-95ef9a470c8a,2024-09-07,Run,RUN,strava,6.0436000000000005,2360.0,81.0,6.8536,1.2743107776964042,165.6,60
12362811052,8c83ae21-a810-466d-a5c5-95ef9a470c8a,2024-09-09,WeightTraining,OTHER,strava,0.0,784.0,0.0,0.0,0.06754404233988197,97.3,
12368406803,8c83ae21-a810-466d-a5c5-95ef9a470c8a,2024-09-09,Run,RUN,strava,6.0494,2107.0,77.0,6.8194,1.0441363150863623,161.7,12
12380016976,8c83ae21-a810-466d-a5c5-95ef9a470c8a,2024-09-11,WeightTraining,OTHER,strava,0.0,1230.0,0.0,0.0,0.10869147040067631,98.0,
12385954488,8c83ae21-a810-466d-a5c5-95ef9a470c8a,2024-09-11,Run,RUN,strava,6.033,2041.0,82.0,6.853000000000001,1.1788118711841007,168.7,-58
12415493314,8c83ae21-a810-466d-a5c5-95ef9a470c8a,2024-09-15,Run,RUN,strava,11.0044,3761.0,47.0,11.474400000000001,2.089143665563706,166.9,-53
12435526893,8c83ae21-a810-466d-a5c5-95ef9a470c8a,2024-09-17,Run,RUN,strava,7.2481,2374.0,45.0,7.6981,1.194825603303821,162.4,-60
12453142102,8c83ae21-a810-466d-a5c5-95ef9a470c8a,2024-09-19,Run,RUN,strava,7.6567,2902.0,131.0,8.9667,1.4285636360842078,161.4,60
12458603152,8c83ae21-a810-466d-a5c5-95ef9a470c8a,2024-09-20,WeightTraining,OTHER,strava,0.0,2146.0,0.0,0.0,0.38096565633792423,120.1,
12469144311,8c83ae21-a810-466d-a5c5-95ef9a470c8a,2024-09-21,Run,RUN,strava,18.4761,6714.0,292.0,21.396099999999997,4.2702687370742405,173.2,-60
12476075258,8c83ae21-a810-466d-a5c5-95ef9a470c8a,2024-09-22,WeightTraining,OTHER,strava,0.0,1688.0,0.0,0.0,0.16014920672845778,100.0,
12482030863,8c83ae21-a810-466d-a5c5-95ef9a470c8a,2024-09-23,Run,RUN,strava,6.110600000000001,2244.0,80.0,6.9106000000000005,0.9074337706760868,152.7,-56
12523538735,8c83ae21-a810-466d-a5c5-95ef9a470c8a,2024-09-28,RockClimbing,OTHER,strava,0.0,8991.0,0.0,0.0,1.3141679459600875,113.4,
12532587467,8c83ae21-a810-466d-a5c5-95ef9a470c8a,2024-09-29,Run,RUN,strava,8.5641,2807.0,22.0,8.7841,1.5830949670180647,167.6,-60
12562417319,8c83ae21-a810-466d-a5c5-95ef9a470c8a,2024-10-03,Ride,RIDE,strava,9.1032,2059.0,202.0,6.77096,0.9019672594660932,156.2,-59
12565350131,8c83ae21-a810-466d-a5c5-95ef9a470c8a,2024-10-03,Ride,RIDE,strava,10.8717,1664.0,23.0,3.72151,0.4771409444965395,138.3,31
12588932008,8c83ae21-a810-466d-a5c5-95ef9a470c8a,2024-10-06,Run,RUN,strava,42.6418,17378.0,172.0,44.3618,7.323632443901889,154.5,-54
12611748005,8c83ae21-a810-466d-a5c5-95ef9a470c8a,2024-10-09,Ride,RIDE,strava,8.776200000000001,1450.0,49.0,3.6128600000000004,0.5157296653268809,147.2,-35
12612896154,8c83ae21-a810-466d-a5c5-95ef9a470c8a,2024-10-09,Ride,RIDE,strava,6.194,1115.0,47.0,2.7982,0.3919114106341481,146.7,-60
12667047393,8c83ae21-a810-466d-a5c5-95ef9a470c8a,2024-10-16,Ride,RIDE,strava,7.9291,1291.0,45.0,3.27873,0.4926781349062092,150.2,-9
12667174926,8c83ae21-a810-466d-a5c5-95ef9a470c8a,2024-10-16,Ride,RIDE,strava,6.9155,1348.0,23.0,2.5346499999999996,0.30323854739407063,128.8,7
12675143104,8c83ae21-a810-466d-a5c5-95ef9a470c8a,2024-10-17,Ride,RIDE,strava,6.8725,1113.0,30.0,2.66175,0.3028487046616785,136.2,35
12676298001,8c83ae21-a810-466d-a5c5-95ef9a470c8a,2024-10-17,Ride,RIDE,strava,5.6136,862.0,15.0,1.98408,0.3117004636614059,147.9,-23
12694954961,8c83ae21-a810-466d-a5c5-95ef9a470c8a,2024-10-19,WeightTraining,OTHER,strava,0.0,2022.0,0.0,0.0,0.426752417573194,126.4,
12700527569,8c83ae21-a810-466d-a5c5-95ef9a470c8a,2024-10-20,Ride,RIDE,strava,5.6393,1015.0,37.0,2.4317900000000003,0.3171688465249315,141.8,45
12702589695,8c83ae21-a810-466d-a5c5-95ef9a470c8a,2024-10-20,Hike,HIKE,strava,7.8529,6818.0,741.0,15.2629,2.565741209866186,149.6,-15
12727285748,8c83ae21-a810-466d-a5c5-95ef9a470c8a,2024-10-23,Workout,OTHER,strava,3.0413,5236.0,0.0,3.0413,1.1965920375224224,129.4,11
12750458937,8c83ae21-a810-466d-a5c5-95ef9a470c8a,2024-10-26,RockClimbing,OTHER,strava,0.0,5903.0,0.0,0.0,1.2525475634151482,126.6,
12758706947,8c83ae21-a810-466d-a5c5-95ef9a470c8a,2024-10-27,Hike,HIKE,strava,12.5579,11639.0,628.0,18.8379,1.5819479643873329,111.0,-10
12868603307,8c83ae21-a810-466d-a5c5-95ef9a470c8a,2024-11-10,Hike,HIKE,strava,15.0835,14651.0,945.0,24.533500000000004,3.54567810669907,131.6,35
12876158873,8c83ae21-a810-466d-a5c5-95ef9a470c8a,2024-11-11,Hike,HIKE,strava,8.071399999999999,6923.0,357.0,11.641399999999999,0.6660603909546737,100.4,13
12905151445,8c83ae21-a810-466d-a5c5-95ef9a470c8a,2024-11-15,Run,RUN,strava,3.8107,1199.0,12.0,3.9307000000000003,0.44179461497641626,148.7,11
12915148977,8c83ae21-a810-466d-a5c5-95ef9a470c8a,2024-11-16,Hike,HIKE,strava,4.8333,3218.0,245.0,7.2833000000000006,0.8581623164012343,135.4,24
12921242907,8c83ae21-a810-466d-a5c5-95ef9a470c8a,2024-11-17,Ride,RIDE,strava,4.292,665.0,17.0,1.6276,0.09632967879368447,113.1,31
12923277981,8c83ae21-a810-466d-a5c5-95ef9a470c8a,2024-11-17,Run,RUN,strava,3.6425,2108.0,273.0,6.3725000000000005,1.0194076871620268,160.6,60
12938200797,8c83ae21-a810-466d-a5c5-95ef9a470c8a,2024-11-19,Run,RUN,strava,4.0067,1308.0,8.0,4.0867,0.29038246494972164,128.3,-60
12959795575,8c83ae21-a810-466d-a5c5-95ef9a470c8a,2024-11-22,Run,RUN,strava,6.1064,2094.0,35.0,6.4563999999999995,0.5974674773465947,138.1,16
12966303917,8c83ae21-a810-466d-a5c5-95ef9a470c8a,2024-11-23,BackcountrySki,BACKCOUNTRY_SKI,strava,4.0116,2708.0,299.0,9.22752,1.2244258565532815,157.6,60
12978793266,8c83ae21-a810-466d-a5c5-95ef9a470c8a,2024-11-25,Run,RUN,strava,3.2808,1046.0,19.0,3.4708,0.30142433846073563,138.5,-46
13010557236,8c83ae21-a810-466d-a5c5-95ef9a470c8a,2024-11-29,Run,RUN,strava,6.2764,1981.0,4.0,6.3164,0.8619098922709801,155.9,-49
13024493247,8c83ae21-a810-466d-a5c5-95ef9a470c8a,2024-12-01,Run,RUN,strava,7.1749,3462.0,414.0,11.3149,1.8288870072713366,164.6,-49
13044399748,8c83ae21-a810-466d-a5c5-95ef9a470c8a,2024-12-04,Run,RUN,strava,5.7359,1758.0,8.0,5.8159,1.0088004465971951,168.4,21
13060251926,8c83ae21-a810-466d-a5c5-95ef9a470c8a,2024-12-06,Ride,RIDE,strava,6.0862,1180.0,21.0,2.24586,0.3935673071216981,144.5,60
13066363809,8c83ae21-a810-466d-a5c5-95ef9a470c8a,2024-12-07,Run,RUN,strava,4.1147,1923.0,203.0,6.1447,1.0136470561055788,164.5,-60
13066888232,8c83ae21-a810-466d-a5c5-95ef9a470c8a,2024-12-07,Ride,RIDE,strava,1.9963,463.0,13.0,0.8588899999999999,0.16860834388718535,148.2,-6
13077335077,8c83ae21-a810-466d-a5c5-95ef9a470c8a,2024-12-09,Ride,RIDE,strava,7.8523,1746.0,14.0,2.6356899999999994,0.343459856638586,123.8,25
13087666459,8c83ae21-a810-466d-a5c5-95ef9a470c8a,2024-12-10,Run,RUN,strava,8.7151,3619.0,16.0,8.8751,1.1642514133918853,143.0,-60
13122705480,8c83ae21-a810-466d-a5c5-95ef9a470c8a,2024-12-15,RockClimbing,OTHER,strava,0.0,5787.0,0.0,0.0,1.0565475110160438,121.1,
13126281603,8c83ae21-a810-466d-a5c5-95ef9a470c8a,2024-12-16,Run,RUN,strava,5.844399999999999,2118.0,92.0,6.764399999999999,0.9111007566801878,155.4,-60
13169655589,8c83ae21-a810-466d-a5c5-95ef9a470c8a,2024-12-22,Run,RUN,strava,6.067699999999999,1961.0,80.0,6.867699999999999,0.9826075787363225,162.2,60
13180970159,8c83ae21-a810-466d-a5c5-95ef9a470c8a,2024-12-24,Run,RUN,strava,6.030600000000001,1911.0,71.0,6.740600000000001,1.1721758189554963,171.5,60
13194703589,8c83ae21-a810-466d-a5c5-95ef9a470c8a,2024-12-26,Run,RUN,strava,6.0724,1956.0,76.0,6.8324,0.9354174369531187,160.1,-11
13217766463,8c83ae21-a810-466d-a5c5-95ef9a470c8a,2024-12-29,Run,RUN,strava,6.0781,2166.0,76.0,6.8381,0.9793598247025139,157.6,-53
13236479741,8c83ae21-a810-466d-a5c5-95ef9a470c8a,2025-01-01,Run,RUN,strava,5.3447,1948.0,78.0,6.1247,0.7608921296753004,151.2,-8
13246730796,8c83ae21-a810-466d-a5c5-95ef9a470c8a,2025-01-02,Run,RUN,strava,5.082,1799.0,72.0,5.802,0.5787478012412274,143.0,-60
13262903269,8c83ae21-a810-466d-a5c5-95ef9a470c8a,2025-01-04,NordicSki,OTHER,strava,10.5089,4039.0,215.0,12.658900000000001,1.216715906121506,140.3,-2
13273167232,8c83ae21-a810-466d-a5c5-95ef9a470c8a,2025-01-05,Ride,RIDE,strava,7.921699999999999,1775.0,155.0,5.476509999999999,0.6742334064420603,150.0,-37
13275740254,8c83ae21-a810-466d-a5c5-95ef9a470c8a,2025-01-05,Ride,RIDE,strava,8.7102,1766.0,33.0,3.27306,0.45222015771517415,133.8,-44
13292339084,8c83ae21-a810-466d-a5c5-95ef9a470c8a,2025-01-07,Run,RUN,strava,5.734100000000001,1757.0,15.0,5.884100000000001,0.8016209251588664,158.0,-60
13326284925,8c83ae21-a810-466d-a5c5-95ef9a470c8a,2025-01-11,AlpineSki,OTHER,strava,31.6074,9592.0,189.6,33.5034,2.0190144634167844,126.3,-18
13335999906,8c83ae21-a810-466d-a5c5-95ef9a470c8a,2025-01-12,AlpineSki,OTHER,strava,34.2521,9119.0,137.2,35.6241,3.3208196283093803,148.2,60
13364128072,8c83ae21-a810-466d-a5c5-95ef9a470c8a,2025-01-15,Run,RUN,strava,7.9306,3613.0,218.0,10.1106,1.0080295775647905,137.2,15
13400802596,8c83ae21-a810-466d-a5c5-95ef9a470c8a,2025-01-19,Run,RUN,strava,8.1267,2900.0,37.0,8.496699999999999,0.7559436190695374,134.5,-36
13404250842,8c83ae21-a810-466d-a5c5-95ef9a470c8a,2025-01-20,WeightTraining,OTHER,strava,0.0,2583.0,0.0,0.0,0.14950917783359505,87.3,
13433837750,8c83ae21-a810-466d-a5c5-95ef9a470c8a,2025-01-23,Run,RUN,strava,5.73,1679.0,12.0,5.8500000000000005,0.9739288827736273,168.9,-60
13438814254,8c83ae21-a810-466d-a5c5-95ef9a470c8a,2025-01-24,WeightTraining,OTHER,strava,0.0,1946.0,0.0,0.0,0.22668004226844568,106.1,
13519772665,8c83ae21-a810-466d-a5c5-95ef9a470c8a,2025-02-02,AlpineSki,OTHER,strava,34.477599999999995,7994.0,133.2,35.809599999999996,1.002168111029557,108.4,-56
13530123045,8c83ae21-a810-466d-a5c5-95ef9a470c8a,2025-02-03,Run,RUN,strava,5.7657,2078.0,9.0,5.8557,0.7948669483902504,150.3,3
13535704184,8c83ae21-a810-466d-a5c5-95ef9a470c8a,2025-02-04,WeightTraining,OTHER,strava,0.0,1941.0,0.0,0.0,0.12137436868903,89.1,
13558121261,8c83ae21-a810-466d-a5c5-95ef9a470c8a,2025-02-06,Run,RUN,strava,6.16,2037.0,39.0,6.55,0.7864707034211571,150.7,-52
13562782634,8c83ae21-a810-466d-a5c5-95ef9a470c8a,2025-02-07,WeightTraining,OTHER,strava,0.0,1936.0,0.0,0.0,0.16557938812134518,97.1,
13582743727,8c83ae21-a810-466d-a5c5-95ef9a470c8a,2025-02-09,AlpineSki,OTHER,strava,45.6908,10999.0,277.0,48.460800000000006,1.7108519835408582,115.5,-24
13588788008,8c83ae21-a810-466d-a5c5-95ef9a470c8a,2025-02-10,WeightTraining,OTHER,strava,0.0,2073.0,0.0,0.0,0.20646178391373501,101.4,
13602011720,8c83ae21-a810-466d-a5c5-95ef9a470c8a,2025-02-11,Run,RUN,strava,7.2295,2276.0,17.0,7.3995,1.3782451016191626,170.9,-60
13610671343,8c83ae21-a810-466d-a5c5-95ef9a470c8a,2025-02-12,RockClimbing,OTHER,strava,0.0,4317.0,0.0,0.0,1.0556006023184092,132.0,
13623565980,8c83ae21-a810-466d-a5c5-95ef9a470c8a,2025-02-14,WeightTraining,OTHER,strava,0.0,1913.0,0.0,0.0,0.14848328591697707,94.5,
13626651040,8c83ae21-a810-466d-a5c5-95ef9a470c8a,2025-02-14,Run,RUN,strava,9.1582,2805.0,76.0,9.9182,1.5312095726589188,166.1,-52
13634712913,8c83ae21-a810-466d-a5c5-95ef9a470c8a,2025-02-15,AlpineSki,OTHER,strava,25.8318,7954.0,120.0,27.0318,1.2627929490689762,116.2,-17
13642673798,8c83ae21-a810-466d-a5c5-95ef9a470c8a,2025-02-16,BackcountrySki,BACKCOUNTRY_SKI,strava,8.2505,5904.0,491.0,17.131400000000003,1.6761992969516024,137.9,10
13653694319,8c83ae21-a810-466d-a5c5-95ef9a470c8a,2025-02-17,Run,RUN,strava,6.2881,2046.0,8.0,6.3681,0.9147203859934356,157.1,-54
13658311034,8c83ae21-a810-466d-a5c5-95ef9a470c8a,2025-02-18,WeightTraining,OTHER,strava,0.0,1460.0,0.0,0.0,0.13041583908918486,98.3,
13672671446,8c83ae21-a810-466d-a5c5-95ef9a470c8a,2025-02-19,RockClimbing,OTHER,strava,0.0,4730.0,0.0,0.0,0.8830158992905545,121.9,
13685238645,8c83ae21-a810-466d-a5c5-95ef9a470c8a,2025-02-21,WeightTraining,OTHER,strava,0.0,1460.0,0.0,0.0,0.14391580232872653,101.1,
13688400233,8c83ae21-a810-466d-a5c5-95ef9a470c8a,2025-02-21,Run,RUN,strava,7.6674,2363.0,15.0,7.8174,1.3326873555624108,167.6,-53
13696739223,8c83ae21-a810-466d-a5c5-95ef9a470c8a,2025-02-22,TrailRun,TRAIL_RUN,strava,12.0928,5809.0,782.0,19.9128,3.53277642876688,171.1,60
13708574738,8c83ae21-a810-466d-a5c5-95ef9a470c8a,2025-02-23,RockClimbing,OTHER,strava,0.0,4123.0,0.0,0.0,0.9226086218583963,128.6,
13725623458,8c83ae21-a810-466d-a5c5-95ef9a470c8a,2025-02-25,Run,RUN,strava,7.1904,2081.0,21.0,7.4004,1.1635030187664988,167.2,-54
13740930426,8c83ae21-a810-466d-a5c5-95ef9a470c8a,2025-02-27,RockClimbing,OTHER,strava,0.0,4723.0,0.0,0.0,1.1849454922369047,133.0,
13751014592,8c83ae21-a810-466d-a5c5-95ef9a470c8a,2025-02-28,Workout,OTHER,strava,0.3093,259.0,1.0,0.31930000000000003,0.05629233506444095,127.5,-41
13751014615,8c83ae21-a810-466d-a5c5-95ef9a470c8a,2025-02-28,BackcountrySki,BACKCOUNTRY_SKI,strava,5.6199,6546.0,811.0,16.59548,2.035573809585403,141.6,-50
13751014625,8c83ae21-a810-466d-a5c5-95ef9a470c8a,2025-02-28,BackcountrySki,BACKCOUNTRY_SKI,strava,5.3448,4084.0,8.0,8.041760000000002,1.1681578326180433,138.2,-10
13760467731,8c83ae21-a810-466d-a5c5-95ef9a470c8a,2025-03-01,AlpineSki,OTHER,strava,34.156099999999995,8510.0,94.2,35.098099999999995,1.1495833470186163,110.8,24
13771987212,8c83ae21-a810-466d-a5c5-95ef9a470c8a,2025-03-02,RockClimbing,OTHER,strava,0.0,4928.0,0.0,0.0,0.735494592180504,114.1,
13780278040,8c83ae21-a810-466d-a5c5-95ef9a470c8a,2025-03-03,Run,RUN,strava,9.0048,3092.0,19.0,9.194799999999999,0.9851344856065345,142.6,-60
13785727209,8c83ae21-a810-466d-a5c5-95ef9a470c8a,2025-03-04,RockClimbing,OTHER,strava,0.0,4590.0,0.0,0.0,0.6315443818521093,111.4,
13798314040,8c83ae21-a810-466d-a5c5-95ef9a470c8a,2025-03-05,Run,RUN,strava,10.0805,3877.0,15.0,10.230500000000001,1.0496476864755941,136.0,0
13824163131,8c83ae21-a810-466d-a5c5-95ef9a470c8a,2025-03-08,TrailRun,TRAIL_RUN,strava,7.1022,3241.0,409.0,11.1922,1.7461986109611551,165.5,1
13845021507,8c83ae21-a810-466d-a5c5-95ef9a470c8a,2025-03-10,Run,RUN,strava,8.0999,2393.0,18.0,8.2799,1.2043882345012817,162.4,-48
13850033704,8c83ae21-a810-466d-a5c5-95ef9a470c8a,2025-03-11,WeightTraining,OTHER,strava,0.0,1976.0,0.0,0.0,0.15928190348345003,95.5,
13851472164,8c83ae21-a810-466d-a5c5-95ef9a470c8a,2025-03-11,RockClimbing,OTHER,strava,0.0,6335.0,0.0,0.0,0.9066949129109447,112.7,
13910406111,8c83ae21-a810-466d-a5c5-95ef9a470c8a,2025-03-17,Run,RUN,strava,7.9807,2366.0,14.0,8.1207,1.3228486988955006,167.2,-15
13914396472,8c83ae21-a810-466d-a5c5-95ef9a470c8a,2025-03-18,WeightTraining,OTHER,strava,0.0,2285.0,0.0,0.0,0.219074552362021,100.3,
13919272607,8c83ae21-a810-466d-a5c5-95ef9a470c8a,2025-03-18,Run,RUN,strava,7.1769,2428.0,13.0,7.3069,0.896745202034853,148.8,-14
13925768136,8c83ae21-a810-466d-a5c5-95ef9a470c8a,2025-03-19,RockClimbing,OTHER,strava,0.0,4377.0,0.0,0.0,0.7880159186246863,120.6,
13947675380,8c83ae21-a810-466d-a5c5-95ef9a470c8a,2025-03-21,Run,RUN,strava,21.6646,8133.0,68.0,22.3446,2.4201007215937125,139.8,-40
13973509890,8c83ae21-a810-466d-a5c5-95ef9a470c8a,2025-03-24,Run,RUN,strava,6.0148,1718.0,20.0,6.2148,1.069666008884579,172.2,-55
13991899601,8c83ae21-a810-466d-a5c5-95ef9a470c8a,2025-03-26,Soccer,OTHER,strava,7.1352,4437.0,18.8,7.3232,1.921734243035695,155.7,0
14000167958,8c83ae21-a810-466d-a5c5-95ef9a470c8a,2025-03-27,WeightTraining,OTHER,strava,0.0,2655.0,0.0,0.0,0.23292623001974314,97.8,
14005436609,8c83ae21-a810-466d-a5c5-95ef9a470c8a,2025-03-27,RockClimbing,OTHER,strava,0.0,4233.0,0.0,0.0,0.6938192113048649,117.3,
14009635950,8c83ae21-a810-466d-a5c5-95ef9a470c8a,2025-03-28,Ride,RIDE,strava,10.034,2054.0,24.0,3.4902,0.25026023536023917,107.5,32
14012191832,8c83ae21-a810-466d-a5c5-95ef9a470c8a,2025-03-28,Workout,OTHER,strava,1.5246,2740.0,0.0,1.5246,0.6596831561866519,131.4,23
14033234239,8c83ae21-a810-466d-a5c5-95ef9a470c8a,2025-03-30,Run,RUN,strava,6.047,1966.0,25.0,6.297,0.8153664656433148,153.8,-32
14042015569,8c83ae21-a810-466d-a5c5-95ef9a470c8a,2025-03-31,RockClimbing,OTHER,strava,0.0,6153.0,0.0,0.0,1.1108688435318976,120.7,
14051954372,8c83ae21-a810-466d-a5c5-95ef9a470c8a,2025-04-01,Run,RUN,strava,7.0115,2258.0,29.0,7.3015,0.8617097045842143,150.2,-42
14057473910,8c83ae21-a810-466d-a5c5-95ef9a470c8a,2025-04-02,Soccer,OTHER,strava,5.6162,3834.0,14.7,5.7632,2.443707060438382,173.3,-18
14070838784,8c83ae21-a810-466d-a5c5-95ef9a470c8a,2025-04-03,RockClimbing,OTHER,strava,0.0,3102.0,0.0,0.0,0.5871680819483795,122.4,
14075611075,8c83ae21-a810-466d-a5c5-95ef9a470c8a,2025-04-04,WeightTraining,OTHER,strava,0.0,2190.0,0.0,0.0,0.21512988825081691,101.0,
14079071589,8c83ae21-a810-466d-a5c5-95ef9a470c8a,2025-04-04,Workout,OTHER,strava,1.2471,2605.0,0.0,1.2471,0.4419388914578391,118.5,-59
14087416092,8c83ae21-a810-466d-a5c5-95ef9a470c8a,2025-04-05,TrailRun,TRAIL_RUN,strava,23.7965,15517.0,1532.0,39.1165,6.781986688558372,156.1,-49
14113974012,8c83ae21-a810-466d-a5c5-95ef9a470c8a,2025-04-08,WeightTraining,OTHER,strava,0.0,2036.0,0.0,0.0,0.204873005161204,101.7,
14145355041,8c83ae21-a810-466d-a5c5-95ef9a470c8a,2025-04-11,Ride,RIDE,strava,5.9752,878.0,36.0,2.5125599999999997,0.40329476749659554,158.3,-14
14145770448,8c83ae21-a810-466d-a5c5-95ef9a470c8a,2025-04-11,Ride,RIDE,strava,5.9845,820.0,11.0,2.0153499999999998,0.29234430652711246,147.3,-42
14147064009,8c83ae21-a810-466d-a5c5-95ef9a470c8a,2025-04-11,Workout,OTHER,strava,2.3072,4640.0,0.0,2.3072,1.091323063962889,130.5,-51
14155390870,8c83ae21-a810-466d-a5c5-95ef9a470c8a,2025-04-12,TrailRun,TRAIL_RUN,strava,12.5501,5996.0,785.0,20.400100000000002,3.2446911802972114,165.7,-38
14165126725,8c83ae21-a810-466d-a5c5-95ef9a470c8a,2025-04-13,RockClimbing,OTHER,strava,0.0,2823.0,0.0,0.0,0.44949243726983085,116.3,
14181915846,8c83ae21-a810-466d-a5c5-95ef9a470c8a,2025-04-15,WeightTraining,OTHER,strava,0.0,2012.0,0.0,0.0,0.20664009004199288,102.3,
14187054560,8c83ae21-a810-466d-a5c5-95ef9a470c8a,2025-04-15,Run,RUN,strava,8.4322,2903.0,41.0,8.8422,0.9339104319084398,143.0,-51
14205519121,8c83ae21-a810-466d-a5c5-95ef9a470c8a,2025-04-17,RockClimbing,OTHER,strava,0.0,3593.0,0.0,0.0,0.6895523228021027,122.9,
14215446428,8c83ae21-a810-466d-a5c5-95ef9a470c8a,2025-04-18,Run,RUN,strava,6.0766,1725.0,79.0,6.8666,0.8435238131109387,161.1,-60
14224884220,8c83ae21-a810-466d-a5c5-95ef9a470c8a,2025-04-19,Run,RUN,strava,6.018,2760.0,85.0,6.867999999999999,0.5429262338616824,123.8,20
14243922808,8c83ae21-a810-466d-a5c5-95ef9a470c8a,2025-04-21,Run,RUN,strava,11.4596,3758.0,171.0,13.169599999999999,2.0380580803980144,165.8,-54
14255253662,8c83ae21-a810-466d-a5c5-95ef9a470c8a,2025-04-22,RockClimbing,OTHER,strava,0.0,4372.0,0.0,0.0,1.0336564717874275,130.7,
14261379407,8c83ae21-a810-466d-a5c5-95ef9a470c8a,2025-04-23,Workout,OTHER,strava,0.1128,3994.0,0.0,0.1128,0.5529022689151017,111.6,
14275324938,8c83ae21-a810-466d-a5c5-95ef9a470c8a,2025-04-24,RockClimbing,OTHER,strava,0.0,5908.0,0.0,0.0,1.339567304576204,129.1,
14283547293,8c83ae21-a810-466d-a5c5-95ef9a470c8a,2025-04-25,Run,RUN,strava,6.3695,1893.0,51.0,6.8795,1.0288642504587384,165.9,-60
14297933588,8c83ae21-a810-466d-a5c5-95ef9a470c8a,2025-04-27,Ride,RIDE,strava,10.2044,1896.0,77.0,4.601319999999999,0.6569994917512573,146.1,-34
14300194854,8c83ae21-a810-466d-a5c5-95ef9a470c8a,2025-04-27,TrailRun,TRAIL_RUN,strava,23.5397,10836.0,1174.0,35.2797,6.353709153161288,169.4,60
14300887864,8c83ae21-a810-466d-a5c5-95ef9a470c8a,2025-04-27,Ride,RIDE,strava,8.608799999999999,1843.0,31.0,3.2026399999999997,0.4380050324335112,130.9,43
14335418358,8c83ae21-a810-466d-a5c5-95ef9a470c8a,2025-04-30,Ride,RIDE,strava,21.6833,3555.0,91.0,8.32499,0.7244819835973952,125.1,-7
14345639474,8c83ae21-a810-466d-a5c5-95ef9a470c8a,2025-05-01,Workout,OTHER,strava,1.5275999999999998,3019.0,0.0,1.5275999999999998,0.7516268155779113,132.7,35
14345953945,8c83ae21-a810-466d-a5c5-95ef9a470c8a,2025-05-01,Workout,OTHER,strava,0.5672999999999999,1071.0,0.0,0.5672999999999999,0.18273488577627905,118.7,-53
14347510613,8c83ae21-a810-466d-a5c5-95ef9a470c8a,2025-05-01,TrailRun,TRAIL_RUN,strava,3.8259,1580.0,213.0,5.9559,0.9732981153955208,171.7,-60
14355034379,8c83ae21-a810-466d-a5c5-95ef9a470c8a,2025-05-02,Ride,RIDE,strava,46.2874,9037.0,336.0,20.60622,1.5243930759861086,118.3,-21
14357082189,8c83ae21-a810-466d-a5c5-95ef9a470c8a,2025-05-02,Ride,RIDE,strava,8.6119,1721.0,65.0,3.8835699999999997,0.3038007861057466,119.9,60
14364040304,8c83ae21-a810-466d-a5c5-95ef9a470c8a,2025-05-03,Ride,RIDE,strava,62.7871,11132.0,992.0,38.67613,3.3124998441880256,139.8,36
14375022600,8c83ae21-a810-466d-a5c5-95ef9a470c8a,2025-05-04,RockClimbing,OTHER,strava,0.0,7222.0,0.0,0.0,1.0181523662239655,112.2,
14388179928,8c83ae21-a810-466d-a5c5-95ef9a470c8a,2025-05-05,TrailRun,TRAIL_RUN,strava,8.0502,3356.0,383.0,11.8802,1.788493977225125,165.0,-53
14392295931,8c83ae21-a810-466d-a5c5-95ef9a470c8a,2025-05-06,WeightTraining,OTHER,strava,0.0,2262.0,0.0,0.0,0.20350882144841093,98.5,
14396720113,8c83ae21-a810-466d-a5c5-95ef9a470c8a,2025-05-06,Soccer,OTHER,strava,8.2189,5458.0,8.6,8.3049,2.337201722638631,155.2,-13
14398528241,8c83ae21-a810-466d-a5c5-95ef9a470c8a,2025-05-06,Ride,RIDE,strava,5.856,1298.0,22.0,2.1968,0.4226423051842172,143.5,-33
14407914943,8c83ae21-a810-466d-a5c5-95ef9a470c8a,2025-05-07,Run,RUN,strava,8.7523,2925.0,38.0,9.1323,1.055194255367833,147.8,-60
14438190232,8c83ae21-a810-466d-a5c5-95ef9a470c8a,2025-05-10,Hike,HIKE,strava,10.9922,9931.0,651.0,17.502200000000002,1.5132362913811506,114.8,-60
14453764458,8c83ae21-a810-466d-a5c5-95ef9a470c8a,2025-05-12,WeightTraining,OTHER,strava,0.0,1994.0,0.0,0.0,0.08570732087118697,81.0,
14463621310,8c83ae21-a810-466d-a5c5-95ef9a470c8a,2025-05-13,Ride,RIDE,strava,7.4668,1106.0,42.0,3.08004,0.29568837846778234,135.5,-60
14469476673,8c83ae21-a810-466d-a5c5-95ef9a470c8a,2025-05-13,Ride,RIDE,strava,22.9018,4490.0,605.0,18.97054,1.631256609449464,148.1,-14
14474795216,8c83ae21-a810-466d-a5c5-95ef9a470c8a,2025-05-14,Ride,RIDE,strava,7.5995,1159.0,36.0,2.9998499999999995,0.24592624529868823,126.6,10
14511853016,8c83ae21-a810-466d-a5c5-95ef9a470c8a,2025-05-17,TrailRun,TRAIL_RUN,strava,7.8612,3409.0,384.0,11.7012,1.633926561250474,160.2,38
14516895853,8c83ae21-a810-466d-a5c5-95ef9a470c8a,2025-05-18,RockClimbing,OTHER,strava,0.0,4748.0,0.0,0.0,0.7648398338992584,116.7,
14519888424,8c83ae21-a810-466d-a5c5-95ef9a470c8a,2025-05-18,RockClimbing,OTHER,strava,0.0,4078.0,0.0,0.0,0.4523139609953435,104.6,
14521109778,8c83ae21-a810-466d-a5c5-95ef9a470c8a,2025-05-18,Workout,OTHER,strava,0.051,65.0,52.0,0.5710000000000001,0.007304963386952404,105.0,0
14521109818,8c83ae21-a810-466d-a5c5-95ef9a470c8a,2025-05-18,Swim,OTHER,strava,0.6515,1297.0,0.0,0.6515,0.23350620206904685,120.6,-14
14531574734,8c83ae21-a810-466d-a5c5-95ef9a470c8a,2025-05-19,Run,RUN,strava,12.6444,4250.0,57.0,13.2144,1.4243185799094908,144.7,-10
14594815814,8c83ae21-a810-466d-a5c5-95ef9a470c8a,2025-05-25,Run,RUN,strava,6.0766,2179.0,32.0,6.3966,0.6842156949541537,142.0,-31
14608132650,8c83ae21-a810-466d-a5c5-95ef9a470c8a,2025-05-27,Ride,RIDE,strava,5.476100000000001,1217.0,43.0,2.5028300000000003,0.32128047177154795,135.0,-8
14628125298,8c83ae21-a810-466d-a5c5-95ef9a470c8a,2025-05-28,Hike,HIKE,strava,12.8388,14212.0,1502.0,27.858800000000002,4.187558375927233,139.4,-30
14632993493,8c83ae21-a810-466d-a5c5-95ef9a470c8a,2025-05-29,Hike,HIKE,strava,14.7031,24131.0,1781.0,32.513099999999994,4.223801236602376,119.6,17
14643792080,8c83ae21-a810-466d-a5c5-95ef9a470c8a,2025-05-30,Hike,HIKE,strava,18.627,26936.0,2144.0,40.067,4.7414976372571696,119.8,-15
14655321460,8c83ae21-a810-466d-a5c5-95ef9a470c8a,2025-05-31,Hike,HIKE,strava,9.9039,13619.0,983.0,19.7339,1.9374924436833996,112.5,-60
14655321499,8c83ae21-a810-466d-a5c5-95ef9a470c8a,2025-05-31,Hike,HIKE,strava,26.1848,21066.0,903.0,35.2148,3.1815879795174613,114.5,34
14661980452,8c83ae21-a810-466d-a5c5-95ef9a470c8a,2025-06-01,Hike,HIKE,strava,10.9143,10720.0,483.0,15.7443,1.289558436146102,107.1,18
14665294766,8c83ae21-a810-466d-a5c5-95ef9a470c8a,2025-06-01,Hike,HIKE,strava,12.3471,13991.0,764.0,19.987099999999998,1.787364288397049,109.0,18
14707359985,8c83ae21-a810-466d-a5c5-95ef9a470c8a,2025-06-05,Run,RUN,strava,7.9393,2740.0,40.0,8.3393,0.8053514952677523,139.3,-38
14736619046,8c83ae21-a810-466d-a5c5-95ef9a470c8a,2025-06-08,TrailRun,TRAIL_RUN,strava,15.5594,7519.0,414.0,19.6994,3.0616206099962935,153.0,-36
14754501117,8c83ae21-a810-466d-a5c5-95ef9a470c8a,2025-06-10,Workout,OTHER,strava,2.2251,4423.0,0.0,2.2251,0.5632748591841343,108.9,21
14765648151,8c83ae21-a810-466d-a5c5-95ef9a470c8a,2025-06-11,TrailRun,TRAIL_RUN,strava,8.793299999999999,3295.0,145.0,10.243299999999998,1.7947758277252555,166.0,-37
14786517714,8c83ae21-a810-466d-a5c5-95ef9a470c8a,2025-06-13,WeightTraining,OTHER,strava,0.0,1545.0,0.0,0.0,0.6422336548066276,153.9,
14792493901,8c83ae21-a810-466d-a5c5-95ef9a470c8a,2025-06-14,TrailRun,TRAIL_RUN,strava,5.5924,2369.0,72.0,6.312399999999999,0.6945900970961246,139.2,-18
14814572227,8c83ae21-a810-466d-a5c5-95ef9a470c8a,2025-06-16,Run,RUN,strava,1.3209000000000002,425.0,20.0,1.5209000000000001,0.15151991496832046,147.3,-15
14818168652,8c83ae21-a810-466d-a5c5-95ef9a470c8a,2025-06-16,Ride,RIDE,strava,5.0339,888.0,41.0,2.33017,0.28087394198673327,142.3,-12
14819521206,8c83ae21-a810-466d-a5c5-95ef9a470c8a,2025-06-16,Hike,HIKE,strava,1.3403,1617.0,176.0,3.1003,0.3627937230137498,128.7,57
14819521358,8c83ae21-a810-466d-a5c5-95ef9a470c8a,2025-06-16,TrailRun,TRAIL_RUN,strava,1.4466,710.0,9.0,1.5366000000000002,0.2555293307268558,147.7,-30
14830689763,8c83ae21-a810-466d-a5c5-95ef9a470c8a,2025-06-17,Soccer,OTHER,strava,6.8472,5158.0,17.3,7.0202,2.544763327072803,161.5,-14
14841186838,8c83ae21-a810-466d-a5c5-95ef9a470c8a,2025-06-18,Ride,RIDE,strava,23.7612,4921.0,620.0,19.52836,1.6730243559042761,145.3,7
14852373707,8c83ae21-a810-466d-a5c5-95ef9a470c8a,2025-06-19,TrailRun,TRAIL_RUN,strava,3.6613,2322.0,266.0,6.321300000000001,1.2026463678497563,163.7,32
14868762381,8c83ae21-a810-466d-a5c5-95ef9a470c8a,2025-06-21,Ride,RIDE,strava,42.147400000000005,6863.0,992.0,32.48422,3.431273239652755,162.1,-13
14872155418,8c83ae21-a810-466d-a5c5-95ef9a470c8a,2025-06-21,Ride,RIDE,strava,45.6062,6362.0,410.0,21.88186,2.2308837843692655,146.6,-29
14882763820,8c83ae21-a810-466d-a5c5-95ef9a470c8a,2025-06-22,Kayaking,OTHER,strava,16.7112,9941.0,41.6,17.127200000000002,1.855826861489937,121.9,54
14893241615,8c83ae21-a810-466d-a5c5-95ef9a470c8a,2025-06-23,TrailRun,TRAIL_RUN,strava,6.875,2746.0,407.0,10.945,1.5962985030947028,169.0,-36
14902357184,8c83ae21-a810-466d-a5c5-95ef9a470c8a,2025-06-24,Swim,OTHER,strava,1.15,1629.0,0.0,1.15,0.39525339865036585,131.7,
14915118140,8c83ae21-a810-466d-a5c5-95ef9a470c8a,2025-06-25,RockClimbing,OTHER,strava,0.0,4763.0,0.0,0.0,0.8990844747216649,122.3,
14925548309,8c83ae21-a810-466d-a5c5-95ef9a470c8a,2025-06-26,TrailRun,TRAIL_RUN,strava,3.388,1547.0,144.0,4.827999999999999,0.5580805172834318,147.8,-60
14932635599,8c83ae21-a810-466d-a5c5-95ef9a470c8a,2025-06-27,Ride,RIDE,strava,5.3708,886.0,27.0,2.15124,0.35993636716613914,152.9,-5
14953411411,8c83ae21-a810-466d-a5c5-95ef9a470c8a,2025-06-29,TrailRun,TRAIL_RUN,strava,47.1356,33087.0,3054.0,77.6756,11.879964853345404,147.6,-29
14986649884,8c83ae21-a810-466d-a5c5-95ef9a470c8a,2025-07-02,Ride,RIDE,strava,24.5149,5020.0,799.0,23.33447,1.7854916689247875,147.2,28
15006965127,8c83ae21-a810-466d-a5c5-95ef9a470c8a,2025-07-04,TrailRun,TRAIL_RUN,strava,0.0208,5.0,0.0,0.0208,0.0007529141235893374,114.4,0
15007483824,8c83ae21-a810-466d-a5c5-95ef9a470c8a,2025-07-04,TrailRun,TRAIL_RUN,strava,8.25,3314.0,426.0,12.51,1.6901730226180534,163.0,-60
15018253166,8c83ae21-a810-466d-a5c5-95ef9a470c8a,2025-07-05,TrailRun,TRAIL_RUN,strava,25.3985,30983.0,2078.0,46.1785,7.713697789682155,132.7,-27
15036444458,8c83ae21-a810-466d-a5c5-95ef9a470c8a,2025-07-07,WeightTraining,OTHER,strava,0.0,2411.0,0.0,0.0,0.24761891505529068,102.3,
15036680180,8c83ae21-a810-466d-a5c5-95ef9a470c8a,2025-07-07,Ride,RIDE,strava,5.0462,836.0,42.0,2.35386,0.27352479071260194,143.7,-5
15048233949,8c83ae21-a810-466d-a5c5-95ef9a470c8a,2025-07-08,Ride,RIDE,strava,21.896,3909.0,625.0,19.0688,1.5518144567030023,151.9,-35
15050065881,8c83ae21-a810-466d-a5c5-95ef9a470c8a,2025-07-08,Rowing,OTHER,strava,5.0007,2915.0,53.3,5.5337000000000005,0.5321990659429354,121.1,31
15059995436,8c83ae21-a810-466d-a5c5-95ef9a470c8a,2025-07-09,TrailRun,TRAIL_RUN,strava,15.6098,7678.0,792.0,23.5298,2.8026431729595216,148.3,60
15081799268,8c83ae21-a810-466d-a5c5-95ef9a470c8a,2025-07-11,Ride,RIDE,strava,28.6126,3970.0,233.0,13.24378,0.9782830908415711,132.3,-5
15087396899,8c83ae21-a810-466d-a5c5-95ef9a470c8a,2025-07-12,TrailRun,TRAIL_RUN,strava,26.897,11532.0,1266.0,39.557,6.7037561317145355,169.0,-25
15099779829,8c83ae21-a810-466d-a5c5-95ef9a470c8a,2025-07-13,Ride,RIDE,strava,60.1253,11544.0,1670.0,51.43759,3.1332554390030642,136.1,2
15114097922,8c83ae21-a810-466d-a5c5-95ef9a470c8a,2025-07-14,TrailRun,TRAIL_RUN,strava,32.4822,33819.0,2566.0,58.1422,8.72645666635599,134.1,60
15125369234,8c83ae21-a810-466d-a5c5-95ef9a470c8a,2025-07-15,Ride,RIDE,strava,8.1419,1553.0,25.0,2.94257,0.19530632723293412,108.5,-33
15134578766,8c83ae21-a810-466d-a5c5-95ef9a470c8a,2025-07-16,Swim,OTHER,strava,0.95,1343.0,0.0,0.95,0.2888013260596456,127.1,
15147155296,8c83ae21-a810-466d-a5c5-95ef9a470c8a,2025-07-17,Ride,RIDE,strava,34.651300000000006,4714.0,211.0,14.615390000000001,1.117415975506704,130.8,1
15157142623,8c83ae21-a810-466d-a5c5-95ef9a470c8a,2025-07-18,TrailRun,TRAIL_RUN,strava,6.4896,2796.0,355.0,10.0396,1.2670681636211933,157.7,-21
15168061040,8c83ae21-a810-466d-a5c5-95ef9a470c8a,2025-07-19,Ride,RIDE,strava,65.1794,10517.0,1039.0,40.33382,2.6116551581228666,132.6,-49
15179557231,8c83ae21-a810-466d-a5c5-95ef9a470c8a,2025-07-20,TrailRun,TRAIL_RUN,strava,25.9166,33543.0,2063.0,46.5466,4.420731326464845,110.0,60
15190270824,8c83ae21-a810-466d-a5c5-95ef9a470c8a,2025-07-21,Run,RUN,strava,5.5522,1874.0,25.0,5.8022,0.5360254109515703,138.2,-45
15196644330,8c83ae21-a810-466d-a5c5-95ef9a470c8a,2025-07-22,RockClimbing,OTHER,strava,0.0,4198.0,0.0,0.0,0.5584249137247442,110.3,
15224440864,8c83ae21-a810-466d-a5c5-95ef9a470c8a,2025-07-24,TrailRun,TRAIL_RUN,strava,14.8051,6297.0,892.0,23.725099999999998,3.513063389545404,167.1,60
15244528478,8c83ae21-a810-466d-a5c5-95ef9a470c8a,2025-07-26,Run,RUN,strava,6.0934,1960.0,93.0,7.0234,0.7549838287120346,150.6,-60
15250276952,8c83ae21-a810-466d-a5c5-95ef9a470c8a,2025-07-27,TrailRun,TRAIL_RUN,strava,24.583,7979.0,659.0,31.173,4.588529879417853,168.5,-57
15288943529,8c83ae21-a810-466d-a5c5-95ef9a470c8a,2025-07-30,Run,RUN,strava,7.6708,2703.0,132.0,8.9908,0.8843750111198123,143.7,-60
15299920524,8c83ae21-a810-466d-a5c5-95ef9a470c8a,2025-07-31,Hike,HIKE,strava,3.661,3414.0,93.0,4.591,0.3284602303508965,100.4,-15
15310799882,8c83ae21-a810-466d-a5c5-95ef9a470c8a,2025-08-01,Run,RUN,strava,15.6164,5452.0,469.0,20.3064,2.762223180889021,162.7,-20
15322584217,8c83ae21-a810-466d-a5c5-95ef9a470c8a,2025-08-02,Ride,RIDE,strava,45.4511,6464.0,617.0,25.97533,2.079502938979041,143.0,-5
15329205386,8c83ae21-a810-466d-a5c5-95ef9a470c8a,2025-08-03,TrailRun,TRAIL_RUN,strava,25.8671,10390.0,466.0,30.5271,3.286351641038467,142.3,-10
15344475059,8c83ae21-a810-466d-a5c5-95ef9a470c8a,2025-08-04,Ride,RIDE,strava,10.9414,1447.0,119.0,5.662419999999999,0.40674635215473265,137.5,-51
15345566855,8c83ae21-a810-466d-a5c5-95ef9a470c8a,2025-08-04,Ride,RIDE,strava,10.9385,1672.0,176.0,6.80155,0.43694775942869285,134.6,11
15354722042,8c83ae21-a810-466d-a5c5-95ef9a470c8a,2025-08-05,Run,RUN,strava,7.6055,2618.0,175.0,9.3555,0.9898160458038873,149.8,-26
15367390310,8c83ae21-a810-466d-a5c5-95ef9a470c8a,2025-08-06,Run,RUN,strava,11.8779,3783.0,180.0,13.677900000000001,1.813183978061174,160.2,-60
15424641872,8c83ae21-a810-466d-a5c5-95ef9a470c8a,2025-08-11,Run,RUN,strava,13.2005,5476.0,247.0,15.6705,1.6986997053336166,141.5,-60
15434616056,8c83ae21-a810-466d-a5c5-95ef9a470c8a,2025-08-12,Hike,HIKE,strava,39.4763,24817.0,631.0,45.786300000000004,3.4250405058534237,111.5,-5
15469601324,8c83ae21-a810-466d-a5c5-95ef9a470c8a,2025-08-15,TrailRun,TRAIL_RUN,strava,6.8162,4629.0,300.0,9.8162,1.7747919385111304,150.4,-19
15493651485,8c83ae21-a810-466d-a5c5-95ef9a470c8a,2025-08-17,TrailRun,TRAIL_RUN,strava,13.1127,4622.0,208.0,15.1927,1.699071037455226,148.6,-30
15501822571,8c83ae21-a810-466d-a5c5-95ef9a470c8a,2025-08-18,Hike,HIKE,strava,3.9606,3815.0,126.0,5.2206,0.5362088969143597,112.1,46
15516236744,8c83ae21-a810-466d-a5c5-95ef9a470c8a,2025-08-19,TrailRun,TRAIL_RUN,strava,3.9874,1610.0,201.0,5.997400000000001,0.9318908904353626,168.8,-60
15534565534,8c83ae21-a810-466d-a5c5-95ef9a470c8a,2025-08-21,RockClimbing,OTHER,strava,0.0,3604.0,0.0,0.0,0.5873197353455538,117.1,
15549297075,8c83ae21-a810-466d-a5c5-95ef9a470c8a,2025-08-22,TrailRun,TRAIL_RUN,strava,1.8636,820.0,50.0,2.3636,0.17727677773080683,127.3,-18
15563904138,8c83ae21-a810-466d-a5c5-95ef9a470c8a,2025-08-23,TrailRun,TRAIL_RUN,strava,58.1366,42256.0,5009.0,108.2266,17.24560761328335,153.1,-36
15619187070,8c83ae21-a810-466d-a5c5-95ef9a470c8a,2025-08-28,TrailRun,TRAIL_RUN,strava,4.2365,4338.0,207.0,6.3065,0.4500799395524182,102.6,-37
15652573322,8c83ae21-a810-466d-a5c5-95ef9a470c8a,2025-08-31,TrailRun,TRAIL_RUN,strava,6.7653,3132.0,410.0,10.8653,1.758743218193837,167.4,34
15656127039,8c83ae21-a810-466d-a5c5-95ef9a470c8a,2025-09-01,Ride,RIDE,strava,7.8754,1240.0,42.0,3.2026199999999996,0.30792549168701666,132.6,30
15661041895,8c83ae21-a810-466d-a5c5-95ef9a470c8a,2025-09-01,Ride,RIDE,strava,8.1573,1579.0,18.0,2.8071899999999994,0.37526312870999134,130.9,-21
15661705494,8c83ae21-a810-466d-a5c5-95ef9a470c8a,2025-09-01,Ride,RIDE,strava,4.338100000000001,752.0,13.0,1.56143,0.22267077791212167,139.6,-8
15664189614,8c83ae21-a810-466d-a5c5-95ef9a470c8a,2025-09-01,Ride,RIDE,strava,3.7689,744.0,10.0,1.3306699999999998,0.19246630346431887,134.2,-8
15667704542,8c83ae21-a810-466d-a5c5-95ef9a470c8a,2025-09-02,Ride,RIDE,strava,7.9905,1279.0,42.0,3.2371499999999997,0.3759286724260785,139.3,-57
15672998121,8c83ae21-a810-466d-a5c5-95ef9a470c8a,2025-09-02,Ride,RIDE,strava,7.896,1124.0,33.0,3.0288,0.28562832795245213,133.5,13
15674257200,8c83ae21-a810-466d-a5c5-95ef9a470c8a,2025-09-02,Ride,RIDE,strava,4.7235,1137.0,17.0,1.75705,0.15171319224820234,110.4,32
15676219266,8c83ae21-a810-466d-a5c5-95ef9a470c8a,2025-09-02,Ride,RIDE,strava,4.0291,1013.0,15.0,1.50873,0.06334478901699504,89.1,0
15679747194,8c83ae21-a810-466d-a5c5-95ef9a470c8a,2025-09-03,Ride,RIDE,strava,8.0095,1228.0,59.0,3.5828499999999996,0.3400541458324866,136.9,47
15684802869,8c83ae21-a810-466d-a5c5-95ef9a470c8a,2025-09-03,Ride,RIDE,strava,7.9863,1224.0,30.0,2.99589,0.3288894894995998,135.7,26
15685313296,8c83ae21-a810-466d-a5c5-95ef9a470c8a,2025-09-03,Ride,RIDE,strava,4.184,666.0,8.0,1.4152,0.2168565294704843,143.5,60
15688321169,8c83ae21-a810-466d-a5c5-95ef9a470c8a,2025-09-04,Ride,RIDE,strava,3.7043,619.0,23.0,1.5712899999999999,0.17793482647788425,138.4,52
15691416818,8c83ae21-a810-466d-a5c5-95ef9a470c8a,2025-09-04,Ride,RIDE,strava,7.975899999999999,1248.0,50.0,3.3927699999999996,0.2965980903293662,130.9,0
15696431525,8c83ae21-a810-466d-a5c5-95ef9a470c8a,2025-09-04,Ride,RIDE,strava,7.7213,1216.0,51.0,3.33639,0.19702014847479887,116.9,-40
15702735241,8c83ae21-a810-466d-a5c5-95ef9a470c8a,2025-09-05,Ride,RIDE,strava,8.0921,1238.0,45.0,3.32763,0.1908768705524385,115.2,60
15705981550,8c83ae21-a810-466d-a5c5-95ef9a470c8a,2025-09-05,Ride,RIDE,strava,5.9387,830.0,26.0,2.30161,0.2506444896929972,140.4,52
15708552246,8c83ae21-a810-466d-a5c5-95ef9a470c8a,2025-09-05,Ride,RIDE,strava,2.7372,654.0,11.0,1.04116,0.09965326095693004,114.8,-25
15710960399,8c83ae21-a810-466d-a5c5-95ef9a470c8a,2025-09-06,Ride,RIDE,strava,4.5777,768.0,39.0,2.1533100000000003,0.15148849310772905,123.9,48
15713867433,8c83ae21-a810-466d-a5c5-95ef9a470c8a,2025-09-06,Ride,RIDE,strava,4.7091,907.0,23.0,1.87273,0.16652011369880235,121.3,-36
15717135978,8c83ae21-a810-466d-a5c5-95ef9a470c8a,2025-09-06,TrailRun,TRAIL_RUN,strava,24.5168,14017.0,1503.0,39.546800000000005,4.697570243433255,144.7,-26
15717774126,8c83ae21-a810-466d-a5c5-95ef9a470c8a,2025-09-06,Ride,RIDE,strava,4.0205,830.0,34.0,1.8861500000000002,0.1847518169136068,128.4,53
15732700414,8c83ae21-a810-466d-a5c5-95ef9a470c8a,2025-09-07,Ride,RIDE,strava,24.4258,4187.0,319.0,13.70774,1.1681759870644277,137.2,60
15737489461,8c83ae21-a810-466d-a5c5-95ef9a470c8a,2025-09-08,Ride,RIDE,strava,1.9656,388.0,10.0,0.7896799999999999,0.08101456671389082,126.0,-29
15743521199,8c83ae21-a810-466d-a5c5-95ef9a470c8a,2025-09-08,Ride,RIDE,strava,3.0878,935.0,23.0,1.38634,0.18242224589920178,123.5,-41
15756279445,8c83ae21-a810-466d-a5c5-95ef9a470c8a,2025-09-09,TrailRun,TRAIL_RUN,strava,17.1704,8201.0,673.0,23.9004,2.9031270028564915,147.0,-17
15756378830,8c83ae21-a810-466d-a5c5-95ef9a470c8a,2025-09-09,TrailRun,TRAIL_RUN,strava,1.5728,522.0,13.0,1.7027999999999999,0.25525764083704927,161.1,-12
15767637771,8c83ae21-a810-466d-a5c5-95ef9a470c8a,2025-09-10,TrailRun,TRAIL_RUN,strava,5.973,2447.0,259.0,8.562999999999999,1.0241925607690692,154.2,13
15779360557,8c83ae21-a810-466d-a5c5-95ef9a470c8a,2025-09-11,RockClimbing,OTHER,strava,0.0,7241.0,0.0,0.0,0.8137729213064979,105.0,
15784612193,8c83ae21-a810-466d-a5c5-95ef9a470c8a,2025-09-12,Run,RUN,strava,7.0013000000000005,2247.0,23.0,7.231300000000001,0.7038554879370023,141.9,-22
15807838232,8c83ae21-a810-466d-a5c5-95ef9a470c8a,2025-09-14,Ride,RIDE,strava,37.0641,7348.0,993.0,30.97923,2.5705269002540976,146.5,58
15809536896,8c83ae21-a810-466d-a5c5-95ef9a470c8a,2025-09-14,TrailRun,TRAIL_RUN,strava,8.9125,6794.0,1090.0,19.8125,3.5733892584565163,164.4,60
15811152907,8c83ae21-a810-466d-a5c5-95ef9a470c8a,2025-09-14,Ride,RIDE,strava,36.9654,4612.0,153.0,14.14962,1.1961206027458793,134.3,-60
15822816751,8c83ae21-a810-466d-a5c5-95ef9a470c8a,2025-09-15,TrailRun,TRAIL_RUN,strava,9.4635,4617.0,414.0,13.6035,1.146525802515287,132.6,60
15834130241,8c83ae21-a810-466d-a5c5-95ef9a470c8a,2025-09-16,TrailRun,TRAIL_RUN,strava,5.4931,2882.0,484.0,10.3331,1.1980047852121045,153.9,60
15844273490,8c83ae21-a810-466d-a5c5-95ef9a470c8a,2025-09-17,Ride,RIDE,strava,4.5019,906.0,15.0,1.65057,0.22905695097593085,133.3,16
15878133895,8c83ae21-a810-466d-a5c5-95ef9a470c8a,2025-09-20,Run,RUN,strava,7.8261,2556.0,126.0,9.0861,1.0288479409656328,152.5,-60
15887112510,8c83ae21-a810-466d-a5c5-95ef9a470c8a,2025-09-21,Run,RUN,strava,9.4653,3356.0,146.0,10.9253,1.1823994949176873,146.8,60
15913800933,8c83ae21-a810-466d-a5c5-95ef9a470c8a,2025-09-23,TrailRun,TRAIL_RUN,strava,6.3037,3009.0,504.0,11.3437,1.6000620614036134,164.9,-16
15923504065,8c83ae21-a810-466d-a5c5-95ef9a470c8a,2025-09-24,Run,RUN,strava,10.7626,4057.0,61.0,11.3726,1.0901181853757158,135.7,-48
15933419088,8c83ae21-a810-466d-a5c5-95ef9a470c8a,2025-09-25,Run,RUN,strava,0.4617,109.0,0.0,0.4617,0.032996715162613134,140.5,
15933419187,8c83ae21-a810-466d-a5c5-95ef9a470c8a,2025-09-25,Workout,OTHER,strava,2.5451,5101.0,0.0,2.5451,1.0061755251855806,123.9,-50
15935642477,8c83ae21-a810-466d-a5c5-95ef9a470c8a,2025-09-25,Run,RUN,strava,6.6805,2337.0,28.0,6.960500000000001,0.7231920152537452,141.4,-4
15948870654,8c83ae21-a810-466d-a5c5-95ef9a470c8a,2025-09-27,Ride,RIDE,strava,4.952100000000001,1000.0,21.0,1.9056300000000002,0.20545197328070477,125.4,28
15949484867,8c83ae21-a810-466d-a5c5-95ef9a470c8a,2025-09-27,TrailRun,TRAIL_RUN,strava,8.9376,4101.0,224.0,11.1776,1.085380328009138,135.1,-32
15960119070,8c83ae21-a810-466d-a5c5-95ef9a470c8a,2025-09-28,Ride,RIDE,strava,4.9126,676.0,34.0,2.1537800000000002,0.23424665423198837,146.1,55
15960516710,8c83ae21-a810-466d-a5c5-95ef9a470c8a,2025-09-28,TrailRun,TRAIL_RUN,strava,4.2782,2451.0,180.0,6.0782,0.3913980122928654,116.4,-56
15961811819,8c83ae21-a810-466d-a5c5-95ef9a470c8a,2025-09-28,TrailRun,TRAIL_RUN,strava,1.971,2785.0,983.0,11.801,2.3032037079241525,185.8,-32
15963034740,8c83ae21-a810-466d-a5c5-95ef9a470c8a,2025-09-28,TrailRun,TRAIL_RUN,strava,5.5478000000000005,2381.0,2.0,5.5678,1.0961338285276638,158.4,-60
15978624323,8c83ae21-a810-466d-a5c5-95ef9a470c8a,2025-09-29,Ride,RIDE,strava,37.1219,7091.0,791.0,26.95657,1.8578124955305202,134.7,5
15990827122,8c83ae21-a810-466d-a5c5-95ef9a470c8a,2025-09-30,TrailRun,TRAIL_RUN,strava,6.527399999999999,2518.0,226.0,8.7874,1.0395209219443784,153.6,-35
16008382879,8c83ae21-a810-466d-a5c5-95ef9a470c8a,2025-10-02,RockClimbing,OTHER,strava,0.0,3867.0,0.0,0.0,0.6356596793703837,117.4,
16012724495,8c83ae21-a810-466d-a5c5-95ef9a470c8a,2025-10-02,TrailRun,TRAIL_RUN,strava,4.0844000000000005,2179.0,336.0,7.4444,0.8550768041985991,151.4,-13
16013586495,8c83ae21-a810-466d-a5c5-95ef9a470c8a,2025-10-02,Ride,RIDE,strava,4.7942,2204.0,11.0,1.6582599999999998,0.3192640782876399,113.1,-34
16013804965,8c83ae21-a810-466d-a5c5-95ef9a470c8a,2025-10-02,Ride,RIDE,strava,4.269399999999999,938.0,12.0,1.5208199999999996,0.1338468551716273,112.6,57
16026353914,8c83ae21-a810-466d-a5c5-95ef9a470c8a,2025-10-04,Ride,RIDE,strava,6.5625,1026.0,35.0,2.66875,0.31364777246292286,140.9,50
16043688171,8c83ae21-a810-466d-a5c5-95ef9a470c8a,2025-10-05,TrailRun,TRAIL_RUN,strava,15.2895,7974.0,81.0,16.0995,1.8950906829217675,130.9,-32
16043688538,8c83ae21-a810-466d-a5c5-95ef9a470c8a,2025-10-05,TrailRun,TRAIL_RUN,strava,25.0307,18442.0,965.0,34.6807,3.1645592592365124,118.9,-38
16043688740,8c83ae21-a810-466d-a5c5-95ef9a470c8a,2025-10-04,TrailRun,TRAIL_RUN,strava,35.2072,28210.0,1946.0,54.6672,8.048976855753311,138.1,58
16045637766,8c83ae21-a810-466d-a5c5-95ef9a470c8a,2025-10-05,Ride,RIDE,strava,6.8038,1330.0,24.0,2.52114,0.2545456456100133,122.8,-28
16066268370,8c83ae21-a810-466d-a5c5-95ef9a470c8a,2025-10-07,Run,RUN,strava,8.600700000000002,2952.0,34.0,8.940700000000001,0.893635808807651,140.5,31
16078947736,8c83ae21-a810-466d-a5c5-95ef9a470c8a,2025-10-08,Run,RUN,strava,9.619,2945.0,43.0,10.049,1.5489595770024198,164.4,-31
16087398023,8c83ae21-a810-466d-a5c5-95ef9a470c8a,2025-10-09,Ride,RIDE,strava,8.6431,1532.0,59.0,3.7729299999999997,0.34281746511934597,128.6,-47
16088525011,8c83ae21-a810-466d-a5c5-95ef9a470c8a,2025-10-09,TrailRun,TRAIL_RUN,strava,9.735,4443.0,361.0,13.344999999999999,1.378254709787666,141.5,-60
16088881787,8c83ae21-a810-466d-a5c5-95ef9a470c8a,2025-10-09,Ride,RIDE,strava,8.492,1611.0,33.0,3.2076000000000002,0.25502102867940796,116.1,-22
16106633286,8c83ae21-a810-466d-a5c5-95ef9a470c8a,2025-10-11,TrailRun,TRAIL_RUN,strava,15.7441,15404.0,990.0,25.6441,2.673452223920102,119.3,6
16117997649,8c83ae21-a810-466d-a5c5-95ef9a470c8a,2025-10-12,RockClimbing,OTHER,strava,0.0,6622.0,0.0,0.0,1.1558158066422242,119.5,
16120387579,8c83ae21-a810-466d-a5c5-95ef9a470c8a,2025-10-12,Ride,RIDE,strava,4.304600000000001,885.0,16.0,1.6113800000000003,0.1289691845254405,113.3,-12
16121104478,8c83ae21-a810-466d-a5c5-95ef9a470c8a,2025-10-12,TrailRun,TRAIL_RUN,strava,12.7087,5582.0,629.0,18.9987,2.288633512624904,153.3,-19
16121204770,8c83ae21-a810-466d-a5c5-95ef9a470c8a,2025-10-12,Ride,RIDE,strava,4.223,823.0,8.0,1.4268999999999998,0.15881772669517605,123.1,31
16141308183,8c83ae21-a810-466d-a5c5-95ef9a470c8a,2025-10-14,TrailRun,TRAIL_RUN,strava,9.1629,3663.0,375.0,12.9129,1.3688177776155595,149.3,-59
16156667074,8c83ae21-a810-466d-a5c5-95ef9a470c8a,2025-10-16,Ride,RIDE,strava,9.4275,1454.0,90.0,4.62825,0.28445923323810285,123.6,30
16160546961,8c83ae21-a810-466d-a5c5-95ef9a470c8a,2025-10-16,Ride,RIDE,strava,7.6022,1383.0,22.0,2.7206599999999996,0.2138609833054436,115.3,-3
16163570178,8c83ae21-a810-466d-a5c5-95ef9a470c8a,2025-10-16,Run,RUN,strava,9.9654,3062.0,68.0,10.6454,1.4643395664368348,160.1,-31
16181950274,8c83ae21-a810-466d-a5c5-95ef9a470c8a,2025-10-18,Ride,RIDE,strava,4.264,790.0,18.0,1.6392000000000002,0.17631322653786435,128.5,-42
16183294756,8c83ae21-a810-466d-a5c5-95ef9a470c8a,2025-10-18,TrailRun,TRAIL_RUN,strava,1.53,486.0,15.0,1.68,0.1951753904198511,152.4,-14
16183294852,8c83ae21-a810-466d-a5c5-95ef9a470c8a,2025-10-18,TrailRun,TRAIL_RUN,strava,9.9302,3140.0,459.0,14.520199999999999,2.6234528689770644,186.3,-60
16184648957,8c83ae21-a810-466d-a5c5-95ef9a470c8a,2025-10-18,Ride,RIDE,strava,3.9333,749.0,17.0,1.51999,0.15099444666670717,124.7,55
16203448438,8c83ae21-a810-466d-a5c5-95ef9a470c8a,2025-10-20,RockClimbing,OTHER,strava,0.0,3888.0,0.0,0.0,0.6805411797235936,119.6,
16213470764,8c83ae21-a810-466d-a5c5-95ef9a470c8a,2025-10-21,TrailRun,TRAIL_RUN,strava,13.2147,6317.0,721.0,20.4247,2.5840408253774942,153.2,60
16235724470,8c83ae21-a810-466d-a5c5-95ef9a470c8a,2025-10-23,Run,RUN,strava,11.1995,3841.0,66.0,11.8595,1.701761362428034,156.7,-17
16251238864,8c83ae21-a810-466d-a5c5-95ef9a470c8a,2025-10-25,TrailRun,TRAIL_RUN,strava,6.6543,4467.0,621.0,12.8643,0.7841005625412658,119.7,-55
16262137158,8c83ae21-a810-466d-a5c5-95ef9a470c8a,2025-10-26,TrailRun,TRAIL_RUN,strava,13.1888,10091.0,994.0,23.1288,2.4611127173615244,131.9,60
16285738312,8c83ae21-a810-466d-a5c5-95ef9a470c8a,2025-10-28,Run,RUN,strava,12.9174,3949.0,61.0,13.5274,2.1045180917944037,165.0,-40
16311456575,8c83ae21-a810-466d-a5c5-95ef9a470c8a,2025-10-31,TrailRun,TRAIL_RUN,strava,7.694100000000001,3292.0,205.0,9.7441,1.0901116042437096,144.2,-33
16321232652,8c83ae21-a810-466d-a5c5-95ef9a470c8a,2025-11-01,Ride,RIDE,strava,5.2461,840.0,49.0,2.55383,0.36216625601385766,155.5,0
16325125849,8c83ae21-a810-466d-a5c5-95ef9a470c8a,2025-11-01,TrailRun,TRAIL_RUN,strava,28.9476,10638.0,1008.0,39.0276,6.925827802782824,174.3,23
16330076599,8c83ae21-a810-466d-a5c5-95ef9a470c8a,2025-11-02,Ride,RIDE,strava,3.7897,823.0,24.0,1.6169099999999998,0.020612821859709193,72.0,0
16331794635,8c83ae21-a810-466d-a5c5-95ef9a470c8a,2025-11-02,Ride,RIDE,strava,5.5313,1248.0,17.0,1.99939,0.03125735319674007,72.0,0
16335274846,8c83ae21-a810-466d-a5c5-95ef9a470c8a,2025-11-02,TrailRun,TRAIL_RUN,strava,16.8845,8540.0,549.0,22.374499999999998,1.797579599414026,126.3,-33
16366491741,8c83ae21-a810-466d-a5c5-95ef9a470c8a,2025-11-05,RockClimbing,OTHER,strava,0.0,4526.0,0.0,0.0,0.6595644397312359,113.3,
16378488734,8c83ae21-a810-466d-a5c5-95ef9a470c8a,2025-11-06,VirtualRide,RIDE,strava,10.1755,1699.0,0.0,3.05265,0.5626062015826436,144.2,
16376778409,8c83ae21-a810-466d-a5c5-95ef9a470c8a,2025-11-06,Ride,RIDE,strava,5.967,1434.0,19.0,2.1700999999999997,0.2439736552845947,118.6,-6
16396694839,8c83ae21-a810-466d-a5c5-95ef9a470c8a,2025-11-08,VirtualRide,RIDE,strava,12.1889,1650.0,61.0,4.87667,0.47430123374557187,138.4,-44
16396716569,8c83ae21-a810-466d-a5c5-95ef9a470c8a,2025-11-08,VirtualRide,RIDE,strava,20.2234,2186.0,216.0,10.38702,0.9685108925456084,156.7,60
16397575076,8c83ae21-a810-466d-a5c5-95ef9a470c8a,2025-11-08,Ride,RIDE,strava,4.1998,773.0,8.0,1.4199399999999998,0.16140273213875672,126.0,38
16398518428,8c83ae21-a810-466d-a5c5-95ef9a470c8a,2025-11-08,Ride,RIDE,strava,4.1732,1110.0,26.0,1.7719599999999998,0.21244035084745472,122.8,60
16404120127,8c83ae21-a810-466d-a5c5-95ef9a470c8a,2025-11-09,NordicSki,OTHER,strava,0.1202999999999999,145.0,14.0,0.2602999999999999,0.056374994017419286,151.0,42
16404120255,8c83ae21-a810-466d-a5c5-95ef9a470c8a,2025-11-09,BackcountrySki,BACKCOUNTRY_SKI,strava,11.9594,11222.0,1299.0,33.045280000000005,4.1739295980628315,149.1,60
16404579440,8c83ae21-a810-466d-a5c5-95ef9a470c8a,2025-11-09,Run,RUN,strava,0.9047,535.0,24.0,1.1446999999999998,0.1238764125029341,129.9,-30
16414813899,8c83ae21-a810-466d-a5c5-95ef9a470c8a,2025-11-10,Ride,RIDE,strava,22.6223,4656.0,614.0,19.06669,1.318597312612272,137.8,17
16426874393,8c83ae21-a810-466d-a5c5-95ef9a470c8a,2025-11-11,TrailRun,TRAIL_RUN,strava,7.8382,3910.0,389.0,11.7282,0.9961402991131797,133.6,-32
16438893386,8c83ae21-a810-466d-a5c5-95ef9a470c8a,2025-11-12,RockClimbing,OTHER,strava,0.0,3892.0,0.0,0.0,0.5470314618062091,112.1,
16467690730,8c83ae21-a810-466d-a5c5-95ef9a470c8a,2025-11-13,VirtualRide,RIDE,strava,20.8661,2521.0,228.0,10.81983,0.9915780791246315,151.5,-20
16461770519,8c83ae21-a810-466d-a5c5-95ef9a470c8a,2025-11-15,Ride,RIDE,strava,5.4209,932.0,27.0,2.16627,0.21187589931328535,129.2,-39
16466621478,8c83ae21-a810-466d-a5c5-95ef9a470c8a,2025-11-15,Run,RUN,strava,1.7589,545.0,6.0,1.8189,0.21189221889305865,151.0,-14
16466621813,8c83ae21-a810-466d-a5c5-95ef9a470c8a,2025-11-15,Run,RUN,strava,21.2865,7487.0,291.0,24.1965,3.0276099113421844,152.7,-27
16478039988,8c83ae21-a810-466d-a5c5-95ef9a470c8a,2025-11-16,Ride,RIDE,strava,5.5671,1240.0,29.0,2.25013,0.1945793804265854,115.8,60
16484864217,8c83ae21-a810-466d-a5c5-95ef9a470c8a,2025-11-17,Ride,RIDE,strava,3.3761,643.0,24.0,1.4928299999999999,0.16173489414754635,133.1,28
16485158763,8c83ae21-a810-466d-a5c5-95ef9a470c8a,2025-11-17,Ride,RIDE,strava,3.8117,699.0,34.0,1.8235100000000002,0.13563185497661473,123.3,-43
16518015882,8c83ae21-a810-466d-a5c5-95ef9a470c8a,2025-11-20,Ride,RIDE,strava,3.8153,907.0,24.0,1.62459,0.1516872650109293,118.0,16
16519518039,8c83ae21-a810-466d-a5c5-95ef9a470c8a,2025-11-20,Ride,RIDE,strava,3.9727,709.0,24.0,1.67181,0.1693770930778864,131.1,33
16526400622,8c83ae21-a810-466d-a5c5-95ef9a470c8a,2025-11-21,RockClimbing,OTHER,strava,0.0,4635.0,0.0,0.0,0.7998783069142235,119.1,
16527097296,8c83ae21-a810-466d-a5c5-95ef9a470c8a,2025-11-21,Ride,RIDE,strava,3.9737,940.0,7.0,1.3321100000000001,0.16406929299965126,119.5,20
16527617681,8c83ae21-a810-466d-a5c5-95ef9a470c8a,2025-11-21,Ride,RIDE,strava,4.2597,595.0,29.0,1.85791,0.13490902948930963,129.1,-49
16545926334,8c83ae21-a810-466d-a5c5-95ef9a470c8a,2025-11-23,AlpineSki,OTHER,strava,25.2835,5171.0,64.4,25.9275,1.0144220591335391,123.7,-60
16545930721,8c83ae21-a810-466d-a5c5-95ef9a470c8a,2025-11-23,AlpineSki,OTHER,strava,16.8936,3199.0,45.6,17.3496,0.49467916528858574,115.3,-46
16550558423,8c83ae21-a810-466d-a5c5-95ef9a470c8a,2025-11-24,Ride,RIDE,strava,3.8684,868.0,23.0,1.62052,0.17545971672737523,124.8,-56
16561413081,8c83ae21-a810-466d-a5c5-95ef9a470c8a,2025-11-25,RockClimbing,OTHER,strava,0.0,4211.0,0.0,0.0,0.4701511176807944,104.8,
16565910655,8c83ae21-a810-466d-a5c5-95ef9a470c8a,2025-11-25,Ride,RIDE,strava,4.3762,1154.0,20.0,1.71286,0.13926459708405567,107.2,12
16567654034,8c83ae21-a810-466d-a5c5-95ef9a470c8a,2025-11-26,Ride,RIDE,strava,4.5671,695.0,21.0,1.7901299999999998,0.27782358192167933,152.2,-28
16577125679,8c83ae21-a810-466d-a5c5-95ef9a470c8a,2025-11-26,Swim,OTHER,strava,1.2,1803.0,0.0,1.2,0.3595437574262597,124.3,
16594060905,8c83ae21-a810-466d-a5c5-95ef9a470c8a,2025-11-28,RockClimbing,OTHER,strava,0.0,4661.0,0.0,0.0,0.9093797734076786,123.5,
16603605724,8c83ae21-a810-466d-a5c5-95ef9a470c8a,2025-11-29,AlpineSki,OTHER,strava,15.5808,3393.0,169.4,17.2748,0.5170084318453573,114.8,-30
16608538805,8c83ae21-a810-466d-a5c5-95ef9a470c8a,2025-11-30,BackcountrySki,BACKCOUNTRY_SKI,strava,8.7211,6873.0,654.0,20.010919999999995,2.61680319841725,150.1,60
16631599099,8c83ae21-a810-466d-a5c5-95ef9a470c8a,2025-12-02,RockClimbing,OTHER,strava,0.0,4145.0,0.0,0.0,0.9177795740276941,128.2,
16650755786,8c83ae21-a810-466d-a5c5-95ef9a470c8a,2025-12-04,Run,RUN,strava,9.4308,4466.0,394.0,13.3708,1.547552600295947,146.1,60
16667690617,8c83ae21-a810-466d-a5c5-95ef9a470c8a,2025-12-06,RockClimbing,OTHER,strava,0.0,3702.0,0.0,0.0,0.9748348808863402,134.9,
16668337240,8c83ae21-a810-466d-a5c5-95ef9a470c8a,2025-12-06,RockClimbing,OTHER,strava,0.0,4384.0,0.0,0.0,0.8837912605965879,124.7,
16674063955,8c83ae21-a810-466d-a5c5-95ef9a470c8a,2025-12-07,Swim,OTHER,strava,0.775,1157.0,0.0,0.775,0.20309029569291348,119.7,
16683982192,8c83ae21-a810-466d-a5c5-95ef9a470c8a,2025-12-08,TableTennis,OTHER,strava,0.0058,314.0,0.0,0.0058,0.030845107265185624,101.0,
16685252892,8c83ae21-a810-466d-a5c5-95ef9a470c8a,2025-12-08,Ride,RIDE,strava,4.259600000000001,706.0,9.0,1.45788,0.1098155741776385,115.5,-57
16688494366,8c83ae21-a810-466d-a5c5-95ef9a470c8a,2025-12-08,Hike,HIKE,strava,3.1214,2224.0,23.0,3.3514,0.25822519315633913,106.0,0
16697558761,8c83ae21-a810-466d-a5c5-95ef9a470c8a,2025-12-09,Ride,RIDE,strava,4.0801,883.0,5.0,1.32403,0.2378608702469324,135.8,-5
16711894520,8c83ae21-a810-466d-a5c5-95ef9a470c8a,2025-12-11,Ride,RIDE,strava,2.4788,581.0,21.0,1.16364,0.09523008782615792,117.3,-58
16715586254,8c83ae21-a810-466d-a5c5-95ef9a470c8a,2025-12-11,Run,RUN,strava,2.5064,749.0,9.0,2.5964,0.22673889593391958,140.5,-6
16716357302,8c83ae21-a810-466d-a5c5-95ef9a470c8a,2025-12-11,RockClimbing,OTHER,strava,0.0,4655.0,0.0,0.0,0.9460885691596063,125.0,
16731721786,8c83ae21-a810-466d-a5c5-95ef9a470c8a,2025-12-13,AlpineSki,OTHER,strava,51.987300000000005,7621.0,132.8,53.31530000000001,1.1072690929341695,113.2,3
16741000576,8c83ae21-a810-466d-a5c5-95ef9a470c8a,2025-12-14,BackcountrySki,BACKCOUNTRY_SKI,strava,5.700699999999999,4379.0,403.0,12.560439999999998,1.068002436758113,131.9,60
16751618854,8c83ae21-a810-466d-a5c5-95ef9a470c8a,2025-12-15,Ride,RIDE,strava,3.7413,721.0,16.0,1.44239,0.1305351753597927,120.8,-56
16753497266,8c83ae21-a810-466d-a5c5-95ef9a470c8a,2025-12-16,Ride,RIDE,strava,3.8112,740.0,20.0,1.5433599999999998,0.11989712982841379,116.9,46
16761316464,8c83ae21-a810-466d-a5c5-95ef9a470c8a,2025-12-16,RockClimbing,OTHER,strava,0.0,6721.0,0.0,0.0,0.8372765198587128,108.2,
16779222234,8c83ae21-a810-466d-a5c5-95ef9a470c8a,2025-12-18,Ride,RIDE,strava,3.8335,758.0,15.0,1.45005,0.21627523774055335,138.1,40
16780414465,8c83ae21-a810-466d-a5c5-95ef9a470c8a,2025-12-18,Run,RUN,strava,3.9121,1282.0,19.0,4.1021,0.4635730793664992,147.9,-31
16793681904,8c83ae21-a810-466d-a5c5-95ef9a470c8a,2025-12-20,AlpineSki,OTHER,strava,13.4312,4531.0,76.2,14.193200000000001,0.4574945194977802,101.8,30
16796349732,8c83ae21-a810-466d-a5c5-95ef9a470c8a,2025-12-20,Ride,RIDE,strava,4.8057,1291.0,7.0,1.5817099999999997,0.2616746132861688,124.9,-39
16802915744,8c83ae21-a810-466d-a5c5-95ef9a470c8a,2025-12-21,AlpineSki,OTHER,strava,35.1341,6601.0,183.8,36.9721,1.1521504288198914,119.5,-7
16807960990,8c83ae21-a810-466d-a5c5-95ef9a470c8a,2025-12-22,Ride,RIDE,strava,5.8237,1619.0,9.0,1.9271099999999999,0.2817841478253857,119.4,-54
16838678059,8c83ae21-a810-466d-a5c5-95ef9a470c8a,2025-12-25,Run,RUN,strava,2.913,941.0,23.0,3.143,0.30566167928309207,143.4,-60
16846549534,8c83ae21-a810-466d-a5c5-95ef9a470c8a,2025-12-26,Hike,HIKE,strava,5.6526000000000005,4801.0,64.0,6.2926,0.28032884365575944,87.5,0
16866742496,8c83ae21-a810-466d-a5c5-95ef9a470c8a,2025-12-28,Run,RUN,strava,4.4975,1563.0,39.0,4.887499999999999,0.45040749618941656,138.5,6
16884509375,8c83ae21-a810-466d-a5c5-95ef9a470c8a,2025-12-30,Ride,RIDE,strava,5.0032,1021.0,12.0,1.7409599999999998,0.2729636839200775,135.5,34
16885163489,8c83ae21-a810-466d-a5c5-95ef9a470c8a,2025-12-30,TrailRun,TRAIL_RUN,strava,3.9029,1912.0,209.0,5.9929,0.631620150584594,144.1,60
16894367237,8c83ae21-a810-466d-a5c5-95ef9a470c8a,2025-12-31,Hike,HIKE,strava,6.3024,7370.0,901.0,15.3124,2.0104276900752804,136.3,-20
16899521938,8c83ae21-a810-466d-a5c5-95ef9a470c8a,2026-01-01,TrailRun,TRAIL_RUN,strava,0.7695,666.0,17.0,0.9395,0.11042702283998716,117.7,12
16903523958,8c83ae21-a810-466d-a5c5-95ef9a470c8a,2026-01-01,Hike,HIKE,strava,5.7275,4859.0,19.0,5.9175,0.9584408698052805,123.9,48
16915764121,8c83ae21-a810-466d-a5c5-95ef9a470c8a,2026-01-02,RockClimbing,OTHER,strava,0.0,2907.0,0.0,0.0,0.5563640539761718,122.8,
16923796142,8c83ae21-a810-466d-a5c5-95ef9a470c8a,2026-01-03,Ride,RIDE,strava,5.3917,1026.0,12.0,1.85751,0.24766017004081708,131.5,33
16924384180,8c83ae21-a810-466d-a5c5-95ef9a470c8a,2026-01-03,Ride,RIDE,strava,6.9642,2428.0,18.0,2.4492599999999998,0.46341041638176894,122.7,-9
16936247026,8c83ae21-a810-466d-a5c5-95ef9a470c8a,2026-01-04,TrailRun,TRAIL_RUN,strava,3.799,2155.0,190.0,5.699,0.5392804296351787,132.9,-34
16948574113,8c83ae21-a810-466d-a5c5-95ef9a470c8a,2026-01-05,RockClimbing,OTHER,strava,0.0,3689.0,0.0,0.0,0.5788736567690916,115.8,
16971271184,8c83ae21-a810-466d-a5c5-95ef9a470c8a,2026-01-07,TrailRun,TRAIL_RUN,strava,6.5751,3283.0,394.0,10.5151,1.4414186577164407,156.3,-60
16982338145,8c83ae21-a810-466d-a5c5-95ef9a470c8a,2026-01-08,Ride,RIDE,strava,5.0011,1612.0,17.0,1.84033,0.19578189758208897,107.4,-56
16983081359,8c83ae21-a810-466d-a5c5-95ef9a470c8a,2026-01-08,RockClimbing,OTHER,strava,0.0,4177.0,0.0,0.0,0.6728593062757374,116.7,
17002230352,8c83ae21-a810-466d-a5c5-95ef9a470c8a,2026-01-10,BackcountrySki,BACKCOUNTRY_SKI,strava,13.5569,8927.0,1049.0,31.185880000000004,2.6629066275258193,139.9,-10
17009772290,8c83ae21-a810-466d-a5c5-95ef9a470c8a,2026-01-11,AlpineSki,OTHER,strava,21.1012,2946.0,138.0,22.481199999999998,0.4502233801614486,114.9,-40
17013641119,8c83ae21-a810-466d-a5c5-95ef9a470c8a,2026-01-11,BackcountrySki,BACKCOUNTRY_SKI,strava,8.2675,6680.0,868.0,22.1522,1.6545675601429986,132.5,60
17026424153,8c83ae21-a810-466d-a5c5-95ef9a470c8a,2026-01-12,RockClimbing,OTHER,strava,0.0,3693.0,0.0,0.0,0.5253806883414932,112.5,
17036080446,8c83ae21-a810-466d-a5c5-95ef9a470c8a,2026-01-13,AlpineSki,OTHER,strava,26.0116,4661.0,174.8,27.759600000000002,0.5589012332096144,107.0,27
17051061450,8c83ae21-a810-466d-a5c5-95ef9a470c8a,2026-01-14,Run,RUN,strava,5.9615,1946.0,11.0,6.0715,0.8015373481152909,153.5,-42
17061559990,8c83ae21-a810-466d-a5c5-95ef9a470c8a,2026-01-15,Ride,RIDE,strava,4.1013,1168.0,34.0,1.91039,0.15972741052602324,111.2,40
17064132745,8c83ae21-a810-466d-a5c5-95ef9a470c8a,2026-01-15,Ride,RIDE,strava,3.9789,1019.0,21.0,1.61367,0.2274217441039035,128.5,58
17073653803,8c83ae21-a810-466d-a5c5-95ef9a470c8a,2026-01-16,TrailRun,TRAIL_RUN,strava,3.8875,1604.0,201.0,5.897500000000001,0.910525602006237,167.9,-18
17094333155,8c83ae21-a810-466d-a5c5-95ef9a470c8a,2026-01-18,AlpineSki,OTHER,strava,24.6683,6756.0,97.4,25.6423,0.7869734663749327,106.1,-29
17109249278,8c83ae21-a810-466d-a5c5-95ef9a470c8a,2026-01-19,Ride,RIDE,strava,15.5,2040.0,0.0,4.6499999999999995,0.0,,
17109255582,8c83ae21-a810-466d-a5c5-95ef9a470c8a,2026-01-19,RockClimbing,OTHER,strava,0.0,7200.0,0.0,0.0,0.0,,
17120007169,8c83ae21-a810-466d-a5c5-95ef9a470c8a,2026-01-20,BackcountrySki,BACKCOUNTRY_SKI,strava,7.5127,4717.0,543.0,16.695640000000004,2.276018660471148,160.5,37
17125741920,8c83ae21-a810-466d-a5c5-95ef9a470c8a,2026-01-21,Ride,RIDE,strava,6.755199999999999,2177.0,33.0,2.68656,0.2535881048398799,106.1,-7
17126188343,8c83ae21-a810-466d-a5c5-95ef9a470c8a,2026-01-21,Ride,RIDE,strava,6.225,1349.0,14.0,2.1475,0.13343339134726262,101.2,0
17130385460,8c83ae21-a810-466d-a5c5-95ef9a470c8a,2026-01-21,TrailRun,TRAIL_RUN,strava,8.2445,3921.0,396.0,12.2045,1.1957211636874658,140.8,32
17138231625,8c83ae21-a810-466d-a5c5-95ef9a470c8a,2026-01-22,RockClimbing,OTHER,strava,0.0,4322.0,0.0,0.0,0.7715869215918437,120.3,
