dailyId,athleteId,date,distanceKm,timeSec,distanceEqKm,trimp,ascentM,acuteDistanceKm,chronicDistanceKm,acuteTimeSec,chronicTimeSec,acuteDistanceEqKm,chronicDistanceEqKm,acuteTrimp,chronicTrimp,acuteAscentM,chronicAscentM
8c83ae21-a810-466d-a5c5-95ef9a470c8a-2025-04-25,8c83ae21-a810-466d-a5c5-95ef9a470c8a,2025-04-25,6.3695,1893.0,6.8795,1.0288642504587384,51.0,6.3695,6.3695,1893.0,1893.0,6.8795,6.8795,1.0288642504587384,1.0288642504587384,51.0,51.0
8c83ae21-a810-466d-a5c5-95ef9a470c8a-2025-04-26,8c83ae21-a810-466d-a5c5-95ef9a470c8a,2025-04-26,0.0,0.0,0.0,0.0,0.0,3.18475,3.18475,946.5,946.5,3.43975,3.43975,0.5144321252293692,0.5144321252293692,25.5,25.5
8c83ae21-a810-466d-a5c5-95ef9a470c8a-2025-04-27,8c83ae21-a810-466d-a5c5-95ef9a470c8a,2025-04-27,23.5397,10836.0,35.2797,6.353709153161288,1174.0,9.969733333333332,9.969733333333332,4243.0,4243.0,14.053066666666666,14.053066666666666,2.4608578012066755,2.4608578012066755,408.3333333333333,408.3333333333333
8c83ae21-a810-466d-a5c5-95ef9a470c8a-2025-04-28,8c83ae21-a810-466d-a5c5-95ef9a470c8a,2025-04-28,0.0,0.0,0.0,0.0,0.0,7.4773000000000005,7.4773000000000005,3182.25,3182.25,10.5398,10.5398,1.8456433509050068,1.8456433509050068,306.25,306.25
8c83ae21-a810-466d-a5c5-95ef9a470c8a-2025-04-29,8c83ae21-a810-466d-a5c5-95ef9a470c8a,2025-04-29,0.0,0.0,0.0,0.0,0.0,5.98184,5.98184,2545.8,2545.8,8.43184,8.43184,1.4765146807240055,1.4765146807240055,245.0,245.0
8c83ae21-a810-466d-a5c5-95ef9a470c8a-2025-04-30,8c83ae21-a810-466d-a5c5-95ef9a470c8a,2025-04-30,0.0,0.0,0.0,0.0,0.0,4.984866666666667,4.984866666666667,2121.5,2121.5,7.026533333333333,7.026533333333333,1.2304289006033378,1.2304289006033378,204.16666666666666,204.16666666666666
8c83ae21-a810-466d-a5c5-95ef9a470c8a-2025-05-01,8c83ae21-a810-466d-a5c5-95ef9a470c8a,2025-05-01,3.8259,1580.0,5.9559,0.9732981153955208,213.0,4.8193,4.8193,2044.142857142857,2044.142857142857,6.873585714285714,6.873585714285714,1.1936959312879354,1.1936959312879354,205.42857142857142,205.42857142857142
8c83ae21-a810-466d-a5c5-95ef9a470c8a-2025-05-02,8c83ae21-a810-466d-a5c5-95ef9a470c8a,2025-05-02,0.0,0.0,0.0,0.0,0.0,3.9093714285714287,4.2168875,1773.7142857142858,1788.625,5.8908,6.0143875,1.0467153240795442,1.0444839398769434,198.14285714285714,179.75
8c83ae21-a810-466d-a5c5-95ef9a470c8a-2025-05-03,8c83ae21-a810-466d-a5c5-95ef9a470c8a,2025-05-03,0.0,0.0,0.0,0.0,0.0,3.9093714285714287,3.7483444444444447,1773.7142857142858,1589.888888888889,5.8908,5.346122222222222,1.0467153240795442,0.9284301687795052,198.14285714285714,159.77777777777777
8c83ae21-a810-466d-a5c5-95ef9a470c8a-2025-05-04,8c83ae21-a810-466d-a5c5-95ef9a470c8a,2025-05-04,0.0,0.0,0.0,0.0,0.0,0.5465571428571433,3.3735100000000005,225.71428571428572,1430.9,0.8508428571428571,4.81151,0.13904258791364582,0.8355871519015547,30.428571428571427,143.8
8c83ae21-a810-466d-a5c5-95ef9a470c8a-2025-05-05,8c83ae21-a810-466d-a5c5-95ef9a470c8a,2025-05-05,8.0502,3356.0,11.8802,1.788493977225125,383.0,1.696585714285715,3.798663636363637,705.1428571428571,1605.909090909091,2.548014285714286,5.454118181818182,0.3945417275172351,0.9222150451127884,85.14285714285714,165.54545454545453
8c83ae21-a810-466d-a5c5-95ef9a470c8a-2025-05-06,8c83ae21-a810-466d-a5c5-95ef9a470c8a,2025-05-06,0.0,0.0,0.0,0.0,0.0,1.696585714285715,3.482108333333334,705.1428571428571,1472.0833333333333,2.548014285714286,4.999608333333334,0.39454172751723515,0.8453637913533893,85.14285714285714,151.75
8c83ae21-a810-466d-a5c5-95ef9a470c8a-2025-05-07,8c83ae21-a810-466d-a5c5-95ef9a470c8a,2025-05-07,8.7523,2925.0,9.1323,1.055194255367833,38.0,2.9469142857142865,3.8875076923076928,1123.0,1583.8461538461538,3.8526285714285717,5.317507692307692,0.5452837639983541,0.8615045962775774,90.57142857142857,143.0
8c83ae21-a810-466d-a5c5-95ef9a470c8a-2025-05-08,8c83ae21-a810-466d-a5c5-95ef9a470c8a,2025-05-08,0.0,0.0,0.0,0.0,0.0,2.400357142857143,3.609828571428572,897.2857142857143,1470.7142857142858,3.0017857142857145,4.937685714285714,0.4062411760847083,0.7999685536863218,60.142857142857146,132.78571428571428
8c83ae21-a810-466d-a5c5-95ef9a470c8a-2025-05-09,8c83ae21-a810-466d-a5c5-95ef9a470c8a,2025-05-09,0.0,0.0,0.0,0.0,0.0,2.400357142857143,3.369173333333334,897.2857142857143,1372.6666666666667,3.0017857142857145,4.608506666666667,0.4062411760847083,0.7466373167739004,60.142857142857146,123.93333333333334
8c83ae21-a810-466d-a5c5-95ef9a470c8a-2025-05-10,8c83ae21-a810-466d-a5c5-95ef9a470c8a,2025-05-10,10.9922,9931.0,17.502200000000002,1.5132362913811506,651.0,3.9706714285714293,3.8456125,2316.0,1907.5625,5.5021,5.4143625,0.6224177891391584,0.7945497526868535,153.14285714285714,156.875
8c83ae21-a810-466d-a5c5-95ef9a470c8a-2025-05-11,8c83ae21-a810-466d-a5c5-95ef9a470c8a,2025-05-11,0.0,0.0,0.0,0.0,0.0,3.9706714285714293,3.6194,2316.0,1795.3529411764705,5.5021,5.095870588235294,0.6224177891391584,0.7478115319405679,153.14285714285714,147.64705882352942
8c83ae21-a810-466d-a5c5-95ef9a470c8a-2025-05-12,8c83ae21-a810-466d-a5c5-95ef9a470c8a,2025-05-12,0.0,0.0,0.0,0.0,0.0,2.8206428571428575,3.4183222222222223,1836.5714285714287,1695.611111111111,3.804928571428572,4.812766666666667,0.36691864953556913,0.7062664468327586,98.42857142857143,139.44444444444446
8c83ae21-a810-466d-a5c5-95ef9a470c8a-2025-05-13,8c83ae21-a810-466d-a5c5-95ef9a470c8a,2025-05-13,0.0,0.0,0.0,0.0,0.0,2.8206428571428575,3.2384105263157896,1836.5714285714287,1606.3684210526317,3.804928571428572,4.559463157894737,0.36691864953556913,0.6690945285784029,98.42857142857143,132.10526315789474
8c83ae21-a810-466d-a5c5-95ef9a470c8a-2025-05-14,8c83ae21-a810-466d-a5c5-95ef9a470c8a,2025-05-14,0.0,0.0,0.0,0.0,0.0,1.5703142857142862,3.07649,1418.7142857142858,1526.05,2.500314285714286,4.3314900000000005,0.2161766130544501,0.6356398021494828,93.0,125.5
8c83ae21-a810-466d-a5c5-95ef9a470c8a-2025-05-15,8c83ae21-a810-466d-a5c5-95ef9a470c8a,2025-05-15,0.0,0.0,0.0,0.0,0.0,1.5703142857142862,2.9299904761904765,1418.7142857142858,1453.3809523809523,2.500314285714286,4.125228571428572,0.2161766130544501,0.6053712401423645,93.0,119.52380952380952
8c83ae21-a810-466d-a5c5-95ef9a470c8a-2025-05-16,8c83ae21-a810-466d-a5c5-95ef9a470c8a,2025-05-16,0.0,0.0,0.0,0.0,0.0,1.5703142857142862,2.796809090909091,1418.7142857142858,1387.3181818181818,2.500314285714286,3.937718181818182,0.2161766130544501,0.5778543655904389,93.0,114.0909090909091
8c83ae21-a810-466d-a5c5-95ef9a470c8a-2025-05-17,8c83ae21-a810-466d-a5c5-95ef9a470c8a,2025-05-17,7.8612,3409.0,11.7012,1.633926561250474,384.0,1.123028571428572,3.0170000000000003,487.0,1475.2173913043478,1.6716,4.2752608695652174,0.2334180801786392,0.6237705480104404,54.857142857142854,125.82608695652173
8c83ae21-a810-466d-a5c5-95ef9a470c8a-2025-05-18,8c83ae21-a810-466d-a5c5-95ef9a470c8a,2025-05-18,0.0,0.0,0.0,0.0,0.0,1.123028571428572,2.891291666666667,487.0,1413.75,1.6716,4.097125,0.2334180801786392,0.5977801085100054,54.857142857142854,120.58333333333333
8c83ae21-a810-466d-a5c5-95ef9a470c8a-2025-05-19,8c83ae21-a810-466d-a5c5-95ef9a470c8a,2025-05-19,12.6444,4250.0,13.2144,1.4243185799094908,57.0,2.9293714285714287,3.2814160000000006,1094.142857142857,1527.2,3.559371428571428,4.461816,0.4368921630228521,0.6308416473659848,63.0,118.04
8c83ae21-a810-466d-a5c5-95ef9a470c8a-2025-05-20,8c83ae21-a810-466d-a5c5-95ef9a470c8a,2025-05-20,0.0,0.0,0.0,0.0,0.0,2.9293714285714287,3.155207692307693,1094.142857142857,1468.4615384615386,3.559371428571428,4.290207692307693,0.4368921630228521,0.6065785070826777,63.0,113.5
8c83ae21-a810-466d-a5c5-95ef9a470c8a-2025-05-21,8c83ae21-a810-466d-a5c5-95ef9a470c8a,2025-05-21,0.0,0.0,0.0,0.0,0.0,2.9293714285714287,3.0383481481481485,1094.142857142857,1414.0740740740741,3.559371428571428,4.131311111111111,0.4368921630228521,0.5841126364499859,63.0,109.29629629629629
8c83ae21-a810-466d-a5c5-95ef9a470c8a-2025-05-22,8c83ae21-a810-466d-a5c5-95ef9a470c8a,2025-05-22,0.0,0.0,0.0,0.0,0.0,2.9293714285714287,2.9298357142857148,1094.142857142857,1363.5714285714287,3.559371428571428,3.983764285714286,0.4368921630228521,0.5632514708624864,63.0,105.39285714285714
8c83ae21-a810-466d-a5c5-95ef9a470c8a-2025-05-23,8c83ae21-a810-466d-a5c5-95ef9a470c8a,2025-05-23,0.0,0.0,0.0,0.0,0.0,2.9293714285714287,2.702353571428571,1094.142857142857,1295.9642857142858,3.559371428571428,3.7380678571428567,0.4368921630228521,0.5265063190603886,63.0,103.57142857142857
8c83ae21-a810-466d-a5c5-95ef9a470c8a-2025-05-24,8c83ae21-a810-466d-a5c5-95ef9a470c8a,2025-05-24,0.0,0.0,0.0,0.0,0.0,1.8063428571428575,2.702353571428571,607.1428571428571,1295.9642857142858,1.8877714285714284,3.7380678571428567,0.203474082844213,0.5265063190603886,8.142857142857142,103.57142857142857
8c83ae21-a810-466d-a5c5-95ef9a470c8a-2025-05-25,8c83ae21-a810-466d-a5c5-95ef9a470c8a,2025-05-25,6.0766,2179.0,6.3966,0.6842156949541537,32.0,2.674428571428572,2.0786714285714285,918.4285714285714,986.7857142857143,2.8015714285714286,2.7065285714285716,0.30121918212337784,0.3240244098387053,12.714285714285714,62.785714285714285
8c83ae21-a810-466d-a5c5-95ef9a470c8a-2025-05-26,8c83ae21-a810-466d-a5c5-95ef9a470c8a,2025-05-26,0.0,0.0,0.0,0.0,0.0,0.8680857142857148,2.0786714285714285,311.2857142857143,986.7857142857143,0.9138000000000001,2.7065285714285716,0.09774509927916485,0.3240244098387053,4.571428571428571,62.785714285714285
8c83ae21-a810-466d-a5c5-95ef9a470c8a-2025-05-27,8c83ae21-a810-466d-a5c5-95ef9a470c8a,2025-05-27,0.0,0.0,0.0,0.0,0.0,0.8680857142857148,2.0786714285714285,311.2857142857143,986.7857142857143,0.9138000000000001,2.7065285714285716,0.09774509927916485,0.3240244098387053,4.571428571428571,62.785714285714285
8c83ae21-a810-466d-a5c5-95ef9a470c8a-2025-05-28,8c83ae21-a810-466d-a5c5-95ef9a470c8a,2025-05-28,12.8388,14212.0,27.858800000000002,4.187558375927233,1502.0,2.702200000000001,2.5372,2341.5714285714284,1494.357142857143,4.893628571428572,3.7014857142857145,0.6959677244116266,0.47358006612182074,219.14285714285714,116.42857142857143
8c83ae21-a810-466d-a5c5-95ef9a470c8a-2025-05-29,8c83ae21-a810-466d-a5c5-95ef9a470c8a,2025-05-29,14.7031,24131.0,32.513099999999994,4.223801236602376,1781.0,4.802642857142858,2.925671428571429,5788.857142857143,2299.75,9.53835714285714,4.649957142857143,1.299367901069109,0.5896694633077798,473.57142857142856,172.42857142857142
8c83ae21-a810-466d-a5c5-95ef9a470c8a-2025-05-30,8c83ae21-a810-466d-a5c5-95ef9a470c8a,2025-05-30,18.627,26936.0,40.067,4.7414976372571696,2144.0,7.463642857142857,3.5909214285714284,9636.857142857143,3261.75,15.262214285714284,6.080921428571429,1.9767247063915616,0.759008664638393,779.8571428571429,249.0
8c83ae21-a810-466d-a5c5-95ef9a470c8a-2025-05-31,8c83ae21-a810-466d-a5c5-95ef9a470c8a,2025-05-31,36.0887,34685.0,54.948699999999995,5.119080423200861,1886.0,12.61917142857143,4.879803571428572,14591.857142857143,4500.5,23.11202857142857,8.043375,2.7080219097059706,0.9418329654669952,1049.2857142857142,316.35714285714283
8c83ae21-a810-466d-a5c5-95ef9a470c8a-2025-06-01,8c83ae21-a810-466d-a5c5-95ef9a470c8a,2025-06-01,23.261400000000002,24711.0,35.7314,3.0769227245431514,1247.0,15.074142857142858,5.710567857142857,17810.714285714286,5383.035714285715,27.30271428571428,9.319496428571428,3.0498371996472557,1.051723062772108,1222.857142857143,360.89285714285717
8c83ae21-a810-466d-a5c5-95ef9a470c8a-2025-06-02,8c83ae21-a810-466d-a5c5-95ef9a470c8a,2025-06-02,0.0,0.0,0.0,0.0,0.0,15.074142857142858,5.4230607142857155,17810.714285714286,5263.178571428572,27.30271428571428,8.89520357142857,3.0498371996472557,0.9878482778712103,1222.857142857143,347.2142857142857
8c83ae21-a810-466d-a5c5-95ef9a470c8a-2025-06-03,8c83ae21-a810-466d-a5c5-95ef9a470c8a,2025-06-03,0.0,0.0,0.0,0.0,0.0,15.074142857142858,5.4230607142857155,17810.714285714286,5263.178571428572,27.30271428571428,8.89520357142857,3.0498371996472557,0.9878482778712103,1222.857142857143,347.2142857142857
8c83ae21-a810-466d-a5c5-95ef9a470c8a-2025-06-04,8c83ae21-a810-466d-a5c5-95ef9a470c8a,2025-06-04,0.0,0.0,0.0,0.0,0.0,13.24002857142857,5.110478571428572,15780.42857142857,5158.714285714285,23.322885714285714,8.56905,2.4516145745147937,0.9501627687509308,1008.2857142857143,345.85714285714283
8c83ae21-a810-466d-a5c5-95ef9a470c8a-2025-06-05,8c83ae21-a810-466d-a5c5-95ef9a470c8a,2025-06-05,7.9393,2740.0,8.3393,0.8053514952677523,40.0,12.27377142857143,5.394025,12724.57142857143,5256.571428571428,19.869485714285712,8.866882142857143,1.9632646114669907,0.9789253221533505,759.5714285714286,347.2857142857143
8c83ae21-a810-466d-a5c5-95ef9a470c8a-2025-06-06,8c83ae21-a810-466d-a5c5-95ef9a470c8a,2025-06-06,0.0,0.0,0.0,0.0,0.0,9.61277142857143,5.394025,8876.57142857143,5256.571428571428,14.14562857142857,8.866882142857143,1.285907806144538,0.9789253221533505,453.2857142857143,347.2857142857143
8c83ae21-a810-466d-a5c5-95ef9a470c8a-2025-06-07,8c83ae21-a810-466d-a5c5-95ef9a470c8a,2025-06-07,0.0,0.0,0.0,0.0,0.0,4.457242857142857,5.001446428571429,3921.5714285714284,4901.892857142857,6.295814285714286,8.241803571428571,0.5546106028301291,0.9248811688897379,183.85714285714286,324.0357142857143
8c83ae21-a810-466d-a5c5-95ef9a470c8a-2025-06-08,8c83ae21-a810-466d-a5c5-95ef9a470c8a,2025-06-08,15.5594,7519.0,19.6994,3.0616206099962935,414.0,3.356957142857143,5.557139285714285,1465.5714285714287,5170.428571428572,4.005528571428571,8.945353571428571,0.5524245864662923,1.0342247621038914,64.85714285714286,338.82142857142856
8c83ae21-a810-466d-a5c5-95ef9a470c8a-2025-06-09,8c83ae21-a810-466d-a5c5-95ef9a470c8a,2025-06-09,0.0,0.0,0.0,0.0,0.0,3.356957142857143,5.557139285714285,1465.5714285714287,5170.428571428572,4.005528571428571,8.945353571428571,0.5524245864662923,1.0342247621038914,64.85714285714286,338.82142857142856
8c83ae21-a810-466d-a5c5-95ef9a470c8a-2025-06-10,8c83ae21-a810-466d-a5c5-95ef9a470c8a,2025-06-10,0.0,0.0,0.0,0.0,0.0,3.356957142857143,5.557139285714285,1465.5714285714287,5170.428571428572,4.005528571428571,8.945353571428571,0.5524245864662923,1.0342247621038914,64.85714285714286,338.82142857142856
8c83ae21-a810-466d-a5c5-95ef9a470c8a-2025-06-11,8c83ae21-a810-466d-a5c5-95ef9a470c8a,2025-06-11,8.793299999999999,3295.0,10.243299999999998,1.7947758277252555,145.0,4.613142857142857,5.871185714285715,1936.2857142857142,5288.107142857143,5.468857142857142,9.311185714285713,0.808821133284186,1.0983238988083648,85.57142857142857,344.0
8c83ae21-a810-466d-a5c5-95ef9a470c8a-2025-06-12,8c83ae21-a810-466d-a5c5-95ef9a470c8a,2025-06-12,0.0,0.0,0.0,0.0,0.0,3.478957142857143,5.871185714285715,1544.857142857143,5288.107142857143,4.2775285714285705,9.311185714285713,0.6937709196745071,1.0983238988083648,79.85714285714286,344.0
8c83ae21-a810-466d-a5c5-95ef9a470c8a-2025-06-13,8c83ae21-a810-466d-a5c5-95ef9a470c8a,2025-06-13,0.0,0.0,0.0,0.0,0.0,3.478957142857143,5.871185714285715,1544.857142857143,5288.107142857143,4.2775285714285705,9.311185714285713,0.6937709196745071,1.0983238988083648,79.85714285714286,344.0
8c83ae21-a810-466d-a5c5-95ef9a470c8a-2025-06-14,8c83ae21-a810-466d-a5c5-95ef9a470c8a,2025-06-14,5.5924,2369.0,6.312399999999999,0.6945900970961246,72.0,4.277871428571428,5.790157142857143,1883.2857142857142,5250.964285714285,5.179299999999999,9.118728571428571,0.7929980764025248,1.0647761679457093,90.14285714285714,332.85714285714283
8c83ae21-a810-466d-a5c5-95ef9a470c8a-2025-06-15,8c83ae21-a810-466d-a5c5-95ef9a470c8a,2025-06-15,0.0,0.0,0.0,0.0,0.0,2.0551,5.790157142857143,809.1428571428571,5250.964285714285,2.3650999999999995,9.118728571428571,0.35562370354591144,1.0647761679457093,31.0,332.85714285714283
8c83ae21-a810-466d-a5c5-95ef9a470c8a-2025-06-16,8c83ae21-a810-466d-a5c5-95ef9a470c8a,2025-06-16,4.1078,2752.0,6.1578,0.7698429687089261,205.0,2.641928571428571,5.485278571428572,1202.2857142857142,5197.464285714285,3.244785714285714,8.866707142857143,0.4656012705043295,1.0414020389742606,60.285714285714285,338.14285714285717
8c83ae21-a810-466d-a5c5-95ef9a470c8a-2025-06-17,8c83ae21-a810-466d-a5c5-95ef9a470c8a,2025-06-17,0.0,0.0,0.0,0.0,0.0,2.641928571428571,5.485278571428572,1202.2857142857142,5197.464285714285,3.244785714285714,8.866707142857143,0.4656012705043295,1.0414020389742606,60.285714285714285,338.14285714285717
8c83ae21-a810-466d-a5c5-95ef9a470c8a-2025-06-18,8c83ae21-a810-466d-a5c5-95ef9a470c8a,2025-06-18,0.0,0.0,0.0,0.0,0.0,1.385742857142857,5.485278571428572,731.5714285714286,5197.464285714285,1.7814571428571426,8.866707142857143,0.20920472368643583,1.0414020389742606,39.57142857142857,338.14285714285717
8c83ae21-a810-466d-a5c5-95ef9a470c8a-2025-06-19,8c83ae21-a810-466d-a5c5-95ef9a470c8a,2025-06-19,3.6613,2322.0,6.321300000000001,1.2026463678497563,266.0,1.9087857142857143,5.616039285714286,1063.2857142857142,5280.392857142857,2.6845,9.092467857142855,0.3810113476649724,1.0843536949688948,77.57142857142857,347.64285714285717
8c83ae21-a810-466d-a5c5-95ef9a470c8a-2025-06-20,8c83ae21-a810-466d-a5c5-95ef9a470c8a,2025-06-20,0.0,0.0,0.0,0.0,0.0,1.9087857142857143,5.616039285714286,1063.2857142857142,5280.392857142857,2.6845,9.092467857142855,0.3810113476649724,1.0843536949688948,77.57142857142857,347.64285714285717
8c83ae21-a810-466d-a5c5-95ef9a470c8a-2025-06-21,8c83ae21-a810-466d-a5c5-95ef9a470c8a,2025-06-21,0.0,0.0,0.0,0.0,0.0,1.1098714285714286,5.616039285714286,724.8571428571429,5280.392857142857,1.7827285714285712,9.092467857142855,0.2817841909369546,1.0843536949688948,67.28571428571429,347.64285714285717
8c83ae21-a810-466d-a5c5-95ef9a470c8a-2025-06-22,8c83ae21-a810-466d-a5c5-95ef9a470c8a,2025-06-22,0.0,0.0,0.0,0.0,0.0,1.1098714285714286,5.399017857142857,724.8571428571429,5202.571428571428,1.7827285714285712,8.864017857142857,0.2817841909369546,1.0599174201491035,67.28571428571429,346.5
8c83ae21-a810-466d-a5c5-95ef9a470c8a-2025-06-23,8c83ae21-a810-466d-a5c5-95ef9a470c8a,2025-06-23,6.875,2746.0,10.945,1.5962985030947028,407.0,1.5051857142857143,5.644553571428571,724.0,5300.642857142857,2.466614285714286,9.254910714285714,0.39984926727777986,1.1169280809739144,96.14285714285714,361.0357142857143
8c83ae21-a810-466d-a5c5-95ef9a470c8a-2025-06-24,8c83ae21-a810-466d-a5c5-95ef9a470c8a,2025-06-24,0.0,0.0,0.0,0.0,0.0,1.5051857142857143,5.644553571428571,724.0,5300.642857142857,2.466614285714286,9.254910714285714,0.39984926727777986,1.1169280809739144,96.14285714285714,361.0357142857143
8c83ae21-a810-466d-a5c5-95ef9a470c8a-2025-06-25,8c83ae21-a810-466d-a5c5-95ef9a470c8a,2025-06-25,0.0,0.0,0.0,0.0,0.0,1.5051857142857143,5.186025,724.0,4793.071428571428,2.466614285714286,8.259953571428571,0.39984926727777986,0.967372424690799,96.14285714285714,307.39285714285717
8c83ae21-a810-466d-a5c5-95ef9a470c8a-2025-06-26,8c83ae21-a810-466d-a5c5-95ef9a470c8a,2025-06-26,3.388,1547.0,4.827999999999999,0.5580805172834318,144.0,1.466142857142857,4.781914285714286,613.2857142857143,3986.5,2.253285714285714,7.271199999999999,0.30776843148259064,0.8364538275722653,78.71428571428571,248.92857142857142
8c83ae21-a810-466d-a5c5-95ef9a470c8a-2025-06-27,8c83ae21-a810-466d-a5c5-95ef9a470c8a,2025-06-27,0.0,0.0,0.0,0.0,0.0,1.466142857142857,4.116664285714285,613.2857142857143,3024.5,2.253285714285714,5.840235714285713,0.30776843148259064,0.6671146262416521,78.71428571428571,172.35714285714286
8c83ae21-a810-466d-a5c5-95ef9a470c8a-2025-06-28,8c83ae21-a810-466d-a5c5-95ef9a470c8a,2025-06-28,0.0,0.0,0.0,0.0,0.0,1.466142857142857,2.8277821428571426,613.2857142857143,1785.75,2.253285714285714,3.877782142857143,0.30776843148259064,0.4842903254130498,78.71428571428571,105.0
8c83ae21-a810-466d-a5c5-95ef9a470c8a-2025-06-29,8c83ae21-a810-466d-a5c5-95ef9a470c8a,2025-06-29,47.1356,33087.0,77.6756,11.879964853345404,3054.0,8.1998,3.6804321428571427,5340.0,2084.8928571428573,13.3498,5.375789285714285,2.0049062676747913,0.7986846871559875,515.0,169.53571428571428
8c83ae21-a810-466d-a5c5-95ef9a470c8a-2025-06-30,8c83ae21-a810-466d-a5c5-95ef9a470c8a,2025-06-30,0.0,0.0,0.0,0.0,0.0,7.217657142857142,3.6804321428571427,4947.714285714285,2084.8928571428573,11.786228571428571,5.375789285714285,1.7768636243755478,0.7986846871559875,456.85714285714283,169.53571428571428
8c83ae21-a810-466d-a5c5-95ef9a470c8a-2025-07-01,8c83ae21-a810-466d-a5c5-95ef9a470c8a,2025-07-01,0.0,0.0,0.0,0.0,0.0,7.217657142857142,3.6804321428571427,4947.714285714285,2084.8928571428573,11.786228571428571,5.375789285714285,1.7768636243755478,0.7986846871559875,456.85714285714283,169.53571428571428
8c83ae21-a810-466d-a5c5-95ef9a470c8a-2025-07-02,8c83ae21-a810-466d-a5c5-95ef9a470c8a,2025-07-02,0.0,0.0,0.0,0.0,0.0,7.217657142857142,3.6804321428571427,4947.714285714285,2084.8928571428573,11.786228571428571,5.375789285714285,1.7768636243755478,0.7986846871559875,456.85714285714283,169.53571428571428
8c83ae21-a810-466d-a5c5-95ef9a470c8a-2025-07-03,8c83ae21-a810-466d-a5c5-95ef9a470c8a,2025-07-03,0.0,0.0,0.0,0.0,0.0,6.733657142857142,3.396885714285714,4726.714285714285,1987.0357142857142,11.096514285714287,5.0779571428571435,1.6971378361922003,0.7699221337535676,436.2857142857143,168.10714285714286
8c83ae21-a810-466d-a5c5-95ef9a470c8a-2025-07-04,8c83ae21-a810-466d-a5c5-95ef9a470c8a,2025-07-04,8.2708,3319.0,12.5308,1.6909259367416427,426.0,7.9152,3.692271428571428,5200.857142857143,2105.5714285714284,12.886628571428572,5.525485714285715,1.9386986842981493,0.8303123457800549,497.14285714285717,183.32142857142858
8c83ae21-a810-466d-a5c5-95ef9a470c8a-2025-07-05,8c83ae21-a810-466d-a5c5-95ef9a470c8a,2025-07-05,25.3985,30983.0,46.1785,7.713697789682155,2078.0,11.543557142857143,4.599360714285714,9627.0,3212.1071428571427,19.483557142857144,7.174717857142858,3.0406555113955998,1.1058015525544176,794.0,257.5357142857143
8c83ae21-a810-466d-a5c5-95ef9a470c8a-2025-07-06,8c83ae21-a810-466d-a5c5-95ef9a470c8a,2025-07-06,0.0,0.0,0.0,0.0,0.0,4.8099,4.043667857142857,4900.285714285715,2943.5714285714284,8.387042857142857,6.4711678571428575,1.3435176752033995,0.9964579593402643,357.7142857142857,242.75
8c83ae21-a810-466d-a5c5-95ef9a470c8a-2025-07-07,8c83ae21-a810-466d-a5c5-95ef9a470c8a,2025-07-07,0.0,0.0,0.0,0.0,0.0,4.8099,4.043667857142857,4900.285714285715,2943.5714285714284,8.387042857142857,6.4711678571428575,1.3435176752033995,0.9964579593402643,357.7142857142857,242.75
8c83ae21-a810-466d-a5c5-95ef9a470c8a-2025-07-08,8c83ae21-a810-466d-a5c5-95ef9a470c8a,2025-07-08,0.0,0.0,0.0,0.0,0.0,4.8099,4.043667857142857,4900.285714285715,2943.5714285714284,8.387042857142857,6.4711678571428575,1.3435176752033995,0.9964579593402643,357.7142857142857,242.75
8c83ae21-a810-466d-a5c5-95ef9a470c8a-2025-07-09,8c83ae21-a810-466d-a5c5-95ef9a470c8a,2025-07-09,15.6098,7678.0,23.5298,2.8026431729595216,792.0,7.039871428571429,4.287114285714286,5997.142857142857,3100.1071428571427,11.748442857142859,6.945685714285715,1.7438952713404738,1.0324532216700595,470.85714285714283,265.85714285714283
8c83ae21-a810-466d-a5c5-95ef9a470c8a-2025-07-10,8c83ae21-a810-466d-a5c5-95ef9a470c8a,2025-07-10,0.0,0.0,0.0,0.0,0.0,7.039871428571429,4.287114285714286,5997.142857142857,3100.1071428571427,11.748442857142859,6.945685714285715,1.7438952713404738,1.0324532216700595,470.85714285714283,265.85714285714283
8c83ae21-a810-466d-a5c5-95ef9a470c8a-2025-07-11,8c83ae21-a810-466d-a5c5-95ef9a470c8a,2025-07-11,0.0,0.0,0.0,0.0,0.0,5.858328571428571,4.287114285714286,5523.0,3100.1071428571427,9.958328571428572,6.945685714285715,1.5023344232345248,1.0324532216700595,410.0,265.85714285714283
8c83ae21-a810-466d-a5c5-95ef9a470c8a-2025-07-12,8c83ae21-a810-466d-a5c5-95ef9a470c8a,2025-07-12,26.897,11532.0,39.557,6.7037561317145355,1266.0,6.0724,5.047992857142857,2744.285714285714,3427.3571428571427,9.012400000000001,8.132992857142858,1.358057043524865,1.2470662943350028,294.0,308.5
8c83ae21-a810-466d-a5c5-95ef9a470c8a-2025-07-13,8c83ae21-a810-466d-a5c5-95ef9a470c8a,2025-07-13,0.0,0.0,0.0,0.0,0.0,6.0724,5.047992857142857,2744.285714285714,3427.3571428571427,9.012400000000001,8.132992857142858,1.358057043524865,1.2470662943350028,294.0,308.5
8c83ae21-a810-466d-a5c5-95ef9a470c8a-2025-07-14,8c83ae21-a810-466d-a5c5-95ef9a470c8a,2025-07-14,32.4822,33819.0,58.1422,8.72645666635599,2566.0,10.712714285714286,6.061364285714285,7575.571428571428,4536.892857142857,17.318428571428573,9.989578571428572,2.6046937101471492,1.5312310692509692,660.5714285714286,392.82142857142856
8c83ae21-a810-466d-a5c5-95ef9a470c8a-2025-07-15,8c83ae21-a810-466d-a5c5-95ef9a470c8a,2025-07-15,0.0,0.0,0.0,0.0,0.0,10.712714285714286,6.061364285714285,7575.571428571428,4536.892857142857,17.318428571428573,9.989578571428572,2.6046937101471492,1.5312310692509692,660.5714285714286,392.82142857142856
8c83ae21-a810-466d-a5c5-95ef9a470c8a-2025-07-16,8c83ae21-a810-466d-a5c5-95ef9a470c8a,2025-07-16,0.0,0.0,0.0,0.0,0.0,8.482742857142856,6.061364285714285,6478.714285714285,4536.892857142857,13.957028571428575,9.989578571428572,2.2043161140100747,1.5312310692509692,547.4285714285714,392.82142857142856
8c83ae21-a810-466d-a5c5-95ef9a470c8a-2025-07-17,8c83ae21-a810-466d-a5c5-95ef9a470c8a,2025-07-17,0.0,0.0,0.0,0.0,0.0,8.482742857142856,5.930603571428571,6478.714285714285,4453.964285714285,13.957028571428575,9.763817857142858,2.2043161140100747,1.488279413256335,547.4285714285714,383.32142857142856
8c83ae21-a810-466d-a5c5-95ef9a470c8a-2025-07-18,8c83ae21-a810-466d-a5c5-95ef9a470c8a,2025-07-18,6.4896,2796.0,10.0396,1.2670681636211933,355.0,9.409828571428571,6.162374999999999,6878.142857142857,4553.821428571428,15.391257142857144,10.122375000000002,2.3853258516702454,1.533531847671378,598.1428571428571,396.0
8c83ae21-a810-466d-a5c5-95ef9a470c8a-2025-07-19,8c83ae21-a810-466d-a5c5-95ef9a470c8a,2025-07-19,0.0,0.0,0.0,0.0,0.0,5.5674,6.162374999999999,5230.714285714285,4553.821428571428,9.740257142857145,10.122375000000002,1.4276464042824544,1.533531847671378,417.2857142857143,396.0
8c83ae21-a810-466d-a5c5-95ef9a470c8a-2025-07-20,8c83ae21-a810-466d-a5c5-95ef9a470c8a,2025-07-20,25.9166,33543.0,46.5466,4.420731326464845,2063.0,9.269771428571428,7.087967857142857,10022.57142857143,5751.785714285715,16.38977142857143,11.78475357142857,2.0591794509202894,1.6914151093308367,712.0,469.67857142857144
8c83ae21-a810-466d-a5c5-95ef9a470c8a-2025-07-21,8c83ae21-a810-466d-a5c5-95ef9a470c8a,2025-07-21,5.5522,1874.0,5.8022,0.5360254109515703,25.0,5.422628571428571,7.040725,5459.0,5720.642857142857,8.912628571428572,11.601082142857143,0.8891178430053724,1.6535482131828674,349.0,456.0357142857143
8c83ae21-a810-466d-a5c5-95ef9a470c8a-2025-07-22,8c83ae21-a810-466d-a5c5-95ef9a470c8a,2025-07-22,0.0,0.0,0.0,0.0,0.0,5.422628571428571,7.040725,5459.0,5720.642857142857,8.912628571428572,11.601082142857143,0.8891178430053724,1.6535482131828674,349.0,456.0357142857143
8c83ae21-a810-466d-a5c5-95ef9a470c8a-2025-07-23,8c83ae21-a810-466d-a5c5-95ef9a470c8a,2025-07-23,0.0,0.0,0.0,0.0,0.0,5.422628571428571,7.040725,5459.0,5720.642857142857,8.912628571428572,11.601082142857143,0.8891178430053724,1.6535482131828674,349.0,456.0357142857143
8c83ae21-a810-466d-a5c5-95ef9a470c8a-2025-07-24,8c83ae21-a810-466d-a5c5-95ef9a470c8a,2025-07-24,14.8051,6297.0,23.725099999999998,3.513063389545404,892.0,7.537642857142856,7.448478571428572,6358.571428571428,5890.285714285715,12.30192857142857,12.275978571428572,1.3909840415118586,1.7590833157636523,476.42857142857144,482.75
8c83ae21-a810-466d-a5c5-95ef9a470c8a-2025-07-25,8c83ae21-a810-466d-a5c5-95ef9a470c8a,2025-07-25,0.0,0.0,0.0,0.0,0.0,6.610557142857142,7.448478571428572,5959.142857142857,5890.285714285715,10.867699999999997,12.275978571428572,1.2099743038516881,1.7590833157636523,425.7142857142857,482.75
8c83ae21-a810-466d-a5c5-95ef9a470c8a-2025-07-26,8c83ae21-a810-466d-a5c5-95ef9a470c8a,2025-07-26,6.0934,1960.0,7.0234,0.7549838287120346,93.0,7.481042857142856,7.6661,6239.142857142857,5960.285714285715,11.871042857142855,12.526814285714286,1.317829136524836,1.7860470239319393,439.0,486.07142857142856
8c83ae21-a810-466d-a5c5-95ef9a470c8a-2025-07-27,8c83ae21-a810-466d-a5c5-95ef9a470c8a,2025-07-27,24.583,7979.0,31.173,4.588529879417853,659.0,7.290528571428571,6.86065,2587.1428571428573,5063.571428571428,9.674814285714286,10.866007142857143,1.3418003583752658,1.5256386320059552,238.42857142857142,400.5357142857143
8c83ae21-a810-466d-a5c5-95ef9a470c8a-2025-07-28,8c83ae21-a810-466d-a5c5-95ef9a470c8a,2025-07-28,0.0,0.0,0.0,0.0,0.0,6.497357142857142,6.86065,2319.4285714285716,5063.571428571428,8.845928571428571,10.866007142857143,1.2652252996678985,1.5256386320059552,234.85714285714286,400.5357142857143
8c83ae21-a810-466d-a5c5-95ef9a470c8a-2025-07-29,8c83ae21-a810-466d-a5c5-95ef9a470c8a,2025-07-29,0.0,0.0,0.0,0.0,0.0,6.497357142857142,6.86065,2319.4285714285716,5063.571428571428,8.845928571428571,10.866007142857143,1.2652252996678985,1.5256386320059552,234.85714285714286,400.5357142857143
8c83ae21-a810-466d-a5c5-95ef9a470c8a-2025-07-30,8c83ae21-a810-466d-a5c5-95ef9a470c8a,2025-07-30,7.6708,2703.0,8.9908,0.8843750111198123,132.0,7.593185714285714,7.134607142857143,2705.5714285714284,5160.107142857143,10.130328571428569,11.187107142857142,1.391564586970729,1.5572234538316627,253.71428571428572,405.25
8c83ae21-a810-466d-a5c5-95ef9a470c8a-2025-07-31,8c83ae21-a810-466d-a5c5-95ef9a470c8a,2025-07-31,3.661,3414.0,4.591,0.3284602303508965,93.0,6.001171428571429,7.265357142857142,2293.714285714286,5282.035714285715,7.396885714285714,11.351071428571428,0.9366212785143705,1.5689541763441945,139.57142857142858,408.57142857142856
8c83ae21-a810-466d-a5c5-95ef9a470c8a-2025-08-01,8c83ae21-a810-466d-a5c5-95ef9a470c8a,2025-08-01,15.6164,5452.0,20.3064,2.762223180889021,469.0,8.232085714285715,7.5277,3072.5714285714284,5358.214285714285,10.297799999999999,11.628771428571428,1.331224590069945,1.6072147922066011,206.57142857142858,410.10714285714283
8c83ae21-a810-466d-a5c5-95ef9a470c8a-2025-08-02,8c83ae21-a810-466d-a5c5-95ef9a470c8a,2025-08-02,0.0,0.0,0.0,0.0,0.0,7.3616,6.620610714285713,2792.5714285714284,4251.678571428572,9.294457142857143,9.979539285714285,1.2233697573967972,1.3317255854322385,193.28571428571428,335.89285714285717
8c83ae21-a810-466d-a5c5-95ef9a470c8a-2025-08-03,8c83ae21-a810-466d-a5c5-95ef9a470c8a,2025-08-03,25.8671,10390.0,30.5271,3.286351641038467,466.0,7.545042857142858,7.544435714285714,3137.0,4622.75,9.202185714285715,11.069792857142858,1.0373442947711706,1.449095286897898,165.71428571428572,352.5357142857143
8c83ae21-a810-466d-a5c5-95ef9a470c8a-2025-08-04,8c83ae21-a810-466d-a5c5-95ef9a470c8a,2025-08-04,0.0,0.0,0.0,0.0,0.0,7.545042857142858,7.544435714285714,3137.0,4622.75,9.202185714285715,11.069792857142858,1.0373442947711706,1.449095286897898,165.71428571428572,352.5357142857143
8c83ae21-a810-466d-a5c5-95ef9a470c8a-2025-08-05,8c83ae21-a810-466d-a5c5-95ef9a470c8a,2025-08-05,7.6055,2618.0,9.3555,0.9898160458038873,175.0,8.631542857142858,7.816060714285714,3511.0,4716.25,10.538685714285716,11.403917857142858,1.178746587028869,1.4844458599623227,190.71428571428572,358.7857142857143
8c83ae21-a810-466d-a5c5-95ef9a470c8a-2025-08-06,8c83ae21-a810-466d-a5c5-95ef9a470c8a,2025-08-06,11.8779,3783.0,13.677900000000001,1.813183978061174,180.0,9.232557142857143,7.682778571428571,3665.285714285714,4577.142857142857,11.208271428571427,11.052064285714286,1.3114335823062062,1.4491080315730958,197.57142857142858,336.92857142857144
8c83ae21-a810-466d-a5c5-95ef9a470c8a-2025-08-07,8c83ae21-a810-466d-a5c5-95ef9a470c8a,2025-08-07,0.0,0.0,0.0,0.0,0.0,8.709557142857141,7.682778571428571,3177.5714285714284,4577.142857142857,10.552414285714287,11.052064285714286,1.2645106922560783,1.4491080315730958,184.28571428571428,336.92857142857144
8c83ae21-a810-466d-a5c5-95ef9a470c8a-2025-08-08,8c83ae21-a810-466d-a5c5-95ef9a470c8a,2025-08-08,0.0,0.0,0.0,0.0,0.0,6.478642857142857,7.682778571428571,2398.714285714286,4577.142857142857,7.6515,11.052064285714286,0.8699073807005038,1.4491080315730958,117.28571428571429,336.92857142857144
8c83ae21-a810-466d-a5c5-95ef9a470c8a-2025-08-09,8c83ae21-a810-466d-a5c5-95ef9a470c8a,2025-08-09,0.0,0.0,0.0,0.0,0.0,6.478642857142857,6.7221714285714285,2398.714285714286,4165.285714285715,7.6515,9.639314285714287,0.8699073807005038,1.2096881697261481,117.28571428571429,291.7142857142857
8c83ae21-a810-466d-a5c5-95ef9a470c8a-2025-08-10,8c83ae21-a810-466d-a5c5-95ef9a470c8a,2025-08-10,0.0,0.0,0.0,0.0,0.0,2.783342857142857,6.7221714285714285,914.4285714285714,4165.285714285715,3.2904857142857145,9.639314285714287,0.40042857483786565,1.2096881697261481,50.714285714285715,291.7142857142857
8c83ae21-a810-466d-a5c5-95ef9a470c8a-2025-08-11,8c83ae21-a810-466d-a5c5-95ef9a470c8a,2025-08-11,13.2005,5476.0,15.6705,1.6986997053336166,247.0,4.669128571428572,6.033539285714285,1696.7142857142858,3153.035714285714,5.529128571428572,8.122467857142857,0.6430999613140965,0.9586968496896349,86.0,208.89285714285714
8c83ae21-a810-466d-a5c5-95ef9a470c8a-2025-08-12,8c83ae21-a810-466d-a5c5-95ef9a470c8a,2025-08-12,39.4763,24817.0,45.786300000000004,3.4250405058534237,631.0,9.2221,7.443407142857143,4868.0,4039.3571428571427,10.733528571428574,9.757692857142857,0.9909891698926019,1.0810197248986857,151.14285714285714,231.42857142857142
8c83ae21-a810-466d-a5c5-95ef9a470c8a-2025-08-13,8c83ae21-a810-466d-a5c5-95ef9a470c8a,2025-08-13,0.0,0.0,0.0,0.0,0.0,7.525257142857144,7.443407142857143,4327.571428571428,4039.3571428571427,8.779542857142857,9.757692857142857,0.7319628873124342,1.0810197248986857,125.42857142857143,231.42857142857142
8c83ae21-a810-466d-a5c5-95ef9a470c8a-2025-08-14,8c83ae21-a810-466d-a5c5-95ef9a470c8a,2025-08-14,0.0,0.0,0.0,0.0,0.0,7.525257142857143,7.443407142857143,4327.571428571428,4039.3571428571427,8.779542857142857,9.757692857142857,0.7319628873124342,1.0810197248986857,125.42857142857143,231.42857142857142
8c83ae21-a810-466d-a5c5-95ef9a470c8a-2025-08-15,8c83ae21-a810-466d-a5c5-95ef9a470c8a,2025-08-15,6.8162,4629.0,9.8162,1.7747919385111304,300.0,8.499,7.455071428571428,4988.857142857143,4104.821428571428,10.181857142857142,9.749714285714287,0.9855045928140242,1.0991527168590405,168.28571428571428,229.46428571428572
8c83ae21-a810-466d-a5c5-95ef9a470c8a-2025-08-16,8c83ae21-a810-466d-a5c5-95ef9a470c8a,2025-08-16,0.0,0.0,0.0,0.0,0.0,8.499,7.455071428571428,4988.857142857143,4104.821428571428,10.181857142857142,9.749714285714287,0.9855045928140242,1.0991527168590405,168.28571428571428,229.46428571428572
8c83ae21-a810-466d-a5c5-95ef9a470c8a-2025-08-17,8c83ae21-a810-466d-a5c5-95ef9a470c8a,2025-08-17,13.1127,4622.0,15.1927,1.699071037455226,208.0,10.37224285714286,6.997789285714286,5649.142857142857,3071.9285714285716,12.352242857142857,8.629932142857141,1.2282290267361995,1.0019505636801256,198.0,163.21428571428572
8c83ae21-a810-466d-a5c5-95ef9a470c8a-2025-08-18,8c83ae21-a810-466d-a5c5-95ef9a470c8a,2025-08-18,3.9606,3815.0,5.2206,0.5362088969143597,126.0,9.052257142857142,6.940946428571428,5411.857142857143,3141.25,10.859399999999999,8.609160714285713,1.062158911247734,1.0019571167502253,180.71428571428572,166.82142857142858
8c83ae21-a810-466d-a5c5-95ef9a470c8a-2025-08-19,8c83ae21-a810-466d-a5c5-95ef9a470c8a,2025-08-19,3.9874,1610.0,5.997400000000001,0.9318908904353626,201.0,3.9824142857142855,7.083353571428572,2096.5714285714284,3198.75,5.1752714285714285,8.823353571428571,0.7059946804737253,1.035238934265774,119.28571428571429,174.0
8c83ae21-a810-466d-a5c5-95ef9a470c8a-2025-08-20,8c83ae21-a810-466d-a5c5-95ef9a470c8a,2025-08-20,0.0,0.0,0.0,0.0,0.0,3.9824142857142855,7.083353571428572,2096.5714285714284,3198.75,5.1752714285714285,8.823353571428571,0.7059946804737253,1.035238934265774,119.28571428571429,174.0
8c83ae21-a810-466d-a5c5-95ef9a470c8a-2025-08-21,8c83ae21-a810-466d-a5c5-95ef9a470c8a,2025-08-21,0.0,0.0,0.0,0.0,0.0,3.9824142857142855,6.554600000000001,2096.5714285714284,2973.8571428571427,5.1752714285714285,7.9760285714285715,0.7059946804737253,0.9097723846391522,119.28571428571429,142.14285714285714
8c83ae21-a810-466d-a5c5-95ef9a470c8a-2025-08-22,8c83ae21-a810-466d-a5c5-95ef9a470c8a,2025-08-22,1.8636,820.0,2.3636,0.17727677773080683,50.0,3.2748999999999997,6.621157142857143,1552.4285714285713,3003.1428571428573,4.110614285714286,8.060442857142856,0.477778228933679,0.9161036981295382,83.57142857142857,143.92857142857142
8c83ae21-a810-466d-a5c5-95ef9a470c8a-2025-08-23,8c83ae21-a810-466d-a5c5-95ef9a470c8a,2025-08-23,58.1366,42256.0,108.2266,17.24560761328335,5009.0,11.580128571428572,8.479842857142858,7589.0,4442.285714285715,19.57155714285714,11.674842857142858,2.9414364594027296,1.5050545475785138,799.1428571428571,319.5
8c83ae21-a810-466d-a5c5-95ef9a470c8a-2025-08-24,8c83ae21-a810-466d-a5c5-95ef9a470c8a,2025-08-24,0.0,0.0,0.0,0.0,0.0,9.706885714285715,7.601878571428571,6928.714285714285,4157.321428571428,17.40117142857143,10.561521428571428,2.6987120254805537,1.3411784804564475,769.4285714285714,295.9642857142857
8c83ae21-a810-466d-a5c5-95ef9a470c8a-2025-08-25,8c83ae21-a810-466d-a5c5-95ef9a470c8a,2025-08-25,0.0,0.0,0.0,0.0,0.0,9.141085714285714,7.601878571428571,6383.714285714285,4157.321428571428,16.65537142857143,10.561521428571428,2.622110754492788,1.3411784804564475,751.4285714285714,295.9642857142857
8c83ae21-a810-466d-a5c5-95ef9a470c8a-2025-08-26,8c83ae21-a810-466d-a5c5-95ef9a470c8a,2025-08-26,0.0,0.0,0.0,0.0,0.0,8.571457142857144,7.601878571428571,6153.714285714285,4157.321428571428,15.798600000000002,10.561521428571428,2.4889834844305936,1.3411784804564475,722.7142857142857,295.9642857142857
8c83ae21-a810-466d-a5c5-95ef9a470c8a-2025-08-27,8c83ae21-a810-466d-a5c5-95ef9a470c8a,2025-08-27,0.0,0.0,0.0,0.0,0.0,8.571457142857144,7.327921428571429,6153.714285714285,4060.785714285714,15.798600000000002,10.240421428571429,2.4889834844305936,1.3095936586307402,722.7142857142857,291.25
8c83ae21-a810-466d-a5c5-95ef9a470c8a-2025-08-28,8c83ae21-a810-466d-a5c5-95ef9a470c8a,2025-08-28,4.2365,4338.0,6.3065,0.4500799395524182,207.0,9.176671428571428,7.3484750000000005,6773.428571428572,4093.785714285714,16.699528571428573,10.301689285714287,2.553280618652367,1.3139372196736514,752.2857142857143,295.32142857142856
8c83ae21-a810-466d-a5c5-95ef9a470c8a-2025-08-29,8c83ae21-a810-466d-a5c5-95ef9a470c8a,2025-08-29,0.0,0.0,0.0,0.0,0.0,8.910442857142858,6.7907464285714285,6656.285714285715,3899.0714285714284,16.36187142857143,9.576460714285716,2.5279553646908233,1.2152863917847578,745.1428571428571,278.57142857142856
8c83ae21-a810-466d-a5c5-95ef9a470c8a-2025-08-30,8c83ae21-a810-466d-a5c5-95ef9a470c8a,2025-08-30,0.0,0.0,0.0,0.0,0.0,0.6052142857142858,6.7907464285714285,619.7142857142857,3899.0714285714284,0.9009285714285734,9.576460714285716,0.06429713422177352,1.2152863917847578,29.571428571428573,278.57142857142856
8c83ae21-a810-466d-a5c5-95ef9a470c8a-2025-08-31,8c83ae21-a810-466d-a5c5-95ef9a470c8a,2025-08-31,6.7653,3132.0,10.8653,1.758743218193837,410.0,1.5716857142857141,6.1085392857142855,1067.142857142857,3639.8571428571427,2.4531142857142876,8.874253571428572,0.3155461653923216,1.1607289481117353,88.14285714285714,276.57142857142856
8c83ae21-a810-466d-a5c5-95ef9a470c8a-2025-09-01,8c83ae21-a810-466d-a5c5-95ef9a470c8a,2025-09-01,0.0,0.0,0.0,0.0,0.0,1.5716857142857141,6.1085392857142855,1067.142857142857,3639.8571428571427,2.4531142857142876,8.874253571428572,0.3155461653923216,1.1607289481117353,88.14285714285714,276.57142857142856
8c83ae21-a810-466d-a5c5-95ef9a470c8a-2025-09-02,8c83ae21-a810-466d-a5c5-95ef9a470c8a,2025-09-02,0.0,0.0,0.0,0.0,0.0,1.5716857142857141,5.836914285714285,1067.142857142857,3546.3571428571427,2.4531142857142876,8.540128571428571,0.3155461653923216,1.1253783750473108,88.14285714285714,270.32142857142856
8c83ae21-a810-466d-a5c5-95ef9a470c8a-2025-09-03,8c83ae21-a810-466d-a5c5-95ef9a470c8a,2025-09-03,0.0,0.0,0.0,0.0,0.0,1.5716857142857141,5.412703571428572,1067.142857142857,3411.25,2.4531142857142876,8.051632142857143,0.3155461653923216,1.060621804402269,88.14285714285714,263.89285714285717
8c83ae21-a810-466d-a5c5-95ef9a470c8a-2025-09-04,8c83ae21-a810-466d-a5c5-95ef9a470c8a,2025-09-04,0.0,0.0,0.0,0.0,0.0,0.9664714285714285,5.412703571428572,447.42857142857144,3411.25,1.5521857142857163,8.051632142857143,0.25124903117054764,1.060621804402269,58.57142857142857,263.89285714285717
8c83ae21-a810-466d-a5c5-95ef9a470c8a-2025-09-05,8c83ae21-a810-466d-a5c5-95ef9a470c8a,2025-09-05,0.0,0.0,0.0,0.0,0.0,0.9664714285714285,5.412703571428572,447.42857142857144,3411.25,1.5521857142857163,8.051632142857143,0.25124903117054764,1.060621804402269,58.57142857142857,263.89285714285717
8c83ae21-a810-466d-a5c5-95ef9a470c8a-2025-09-06,8c83ae21-a810-466d-a5c5-95ef9a470c8a,2025-09-06,24.5168,14017.0,39.546800000000005,4.697570243433255,1503.0,4.468871428571428,6.288303571428571,2449.8571428571427,3911.8571428571427,7.201728571428574,9.464017857142858,0.9223304945181555,1.228392170239171,273.2857142857143,317.57142857142856
8c83ae21-a810-466d-a5c5-95ef9a470c8a-2025-09-07,8c83ae21-a810-466d-a5c5-95ef9a470c8a,2025-09-07,0.0,0.0,0.0,0.0,0.0,3.5024,6.288303571428571,2002.4285714285713,3911.8571428571427,5.64954285714286,9.464017857142858,0.6710814633476073,1.228392170239171,214.71428571428572,317.57142857142856
8c83ae21-a810-466d-a5c5-95ef9a470c8a-2025-09-08,8c83ae21-a810-466d-a5c5-95ef9a470c8a,2025-09-08,0.0,0.0,0.0,0.0,0.0,3.5024,5.816857142857144,2002.4285714285713,3716.285714285714,5.64954285714286,8.904357142857142,0.6710814633476073,1.1677243236201131,214.71428571428572,308.75
8c83ae21-a810-466d-a5c5-95ef9a470c8a-2025-09-09,8c83ae21-a810-466d-a5c5-95ef9a470c8a,2025-09-09,18.7432,8723.0,25.6032,3.158384643693541,686.0,6.180000000000001,5.076389285714285,3248.5714285714284,3141.5,9.30714285714286,8.183532142857144,1.1222792695895418,1.1582008999715458,312.7142857142857,310.7142857142857
8c83ae21-a810-466d-a5c5-95ef9a470c8a-2025-09-10,8c83ae21-a810-466d-a5c5-95ef9a470c8a,2025-09-10,5.973,2447.0,8.562999999999999,1.0241925607690692,259.0,7.033285714285715,5.289710714285714,3598.1428571428573,3228.8928571428573,10.530428571428574,8.489353571428571,1.2685924925565517,1.1947792057132982,349.7142857142857,319.9642857142857
8c83ae21-a810-466d-a5c5-95ef9a470c8a-2025-09-11,8c83ae21-a810-466d-a5c5-95ef9a470c8a,2025-09-11,0.0,0.0,0.0,0.0,0.0,7.033285714285715,5.289710714285714,3598.1428571428573,3228.8928571428573,10.530428571428574,8.489353571428571,1.2685924925565517,1.1947792057132982,349.7142857142857,319.9642857142857
8c83ae21-a810-466d-a5c5-95ef9a470c8a-2025-09-12,8c83ae21-a810-466d-a5c5-95ef9a470c8a,2025-09-12,7.0013000000000005,2247.0,7.231300000000001,0.7038554879370023,23.0,8.03347142857143,5.29632142857143,3919.1428571428573,3143.8214285714284,11.563471428571432,8.397035714285716,1.369143276547552,1.156531475335651,353.0,310.07142857142856
8c83ae21-a810-466d-a5c5-95ef9a470c8a-2025-09-13,8c83ae21-a810-466d-a5c5-95ef9a470c8a,2025-09-13,0.0,0.0,0.0,0.0,0.0,4.531071428571429,5.29632142857143,1916.7142857142858,3143.8214285714284,5.913928571428573,8.397035714285716,0.6980618131999441,1.156531475335651,138.28571428571428,310.07142857142856
8c83ae21-a810-466d-a5c5-95ef9a470c8a-2025-09-14,8c83ae21-a810-466d-a5c5-95ef9a470c8a,2025-09-14,8.9125,6794.0,19.8125,3.5733892584565163,1090.0,5.804285714285714,5.146314285714285,2887.285714285714,3221.3928571428573,8.744285714285716,8.562028571428572,1.2085459929794464,1.2234714117999828,294.0,341.57142857142856
8c83ae21-a810-466d-a5c5-95ef9a470c8a-2025-09-15,8c83ae21-a810-466d-a5c5-95ef9a470c8a,2025-09-15,9.4635,4617.0,13.6035,1.146525802515287,414.0,7.156214285714286,5.342846428571428,3546.8571428571427,3250.035714285714,10.68764285714286,8.861417857142857,1.3723353933387732,1.245268444142873,353.14285714285717,351.85714285714283
8c83ae21-a810-466d-a5c5-95ef9a470c8a-2025-09-16,8c83ae21-a810-466d-a5c5-95ef9a470c8a,2025-09-16,5.4931,2882.0,10.3331,1.1980047852121045,484.0,5.263342857142858,5.396621428571428,2712.4285714285716,3295.464285714286,8.506200000000002,9.016264285714286,1.092281127841425,1.254772511813471,324.2857142857143,361.9642857142857
8c83ae21-a810-466d-a5c5-95ef9a470c8a-2025-09-17,8c83ae21-a810-466d-a5c5-95ef9a470c8a,2025-09-17,0.0,0.0,0.0,0.0,0.0,4.410057142857143,5.396621428571428,2362.8571428571427,3295.464285714286,7.282914285714289,9.016264285714286,0.9459679048744152,1.254772511813471,287.2857142857143,361.9642857142857
8c83ae21-a810-466d-a5c5-95ef9a470c8a-2025-09-18,8c83ae21-a810-466d-a5c5-95ef9a470c8a,2025-09-18,0.0,0.0,0.0,0.0,0.0,4.410057142857143,5.396621428571428,2362.8571428571427,3295.464285714286,7.282914285714289,9.016264285714286,0.9459679048744152,1.254772511813471,287.2857142857143,361.9642857142857
8c83ae21-a810-466d-a5c5-95ef9a470c8a-2025-09-19,8c83ae21-a810-466d-a5c5-95ef9a470c8a,2025-09-19,0.0,0.0,0.0,0.0,0.0,3.409871428571429,5.330064285714285,2041.857142857143,3266.1785714285716,6.2498714285714305,8.93185,0.8454171208834149,1.248441198323085,284.0,360.17857142857144
8c83ae21-a810-466d-a5c5-95ef9a470c8a-2025-09-20,8c83ae21-a810-466d-a5c5-95ef9a470c8a,2025-09-20,7.8261,2556.0,9.0861,1.0288479409656328,126.0,4.5278857142857145,3.5332607142857144,2407.0,1848.3214285714287,7.547885714285717,5.3911178571428575,0.9923953981642196,0.6692712100260236,302.0,185.78571428571428
8c83ae21-a810-466d-a5c5-95ef9a470c8a-2025-09-21,8c83ae21-a810-466d-a5c5-95ef9a470c8a,2025-09-21,9.4653,3356.0,10.9253,1.1823994949176873,146.0,4.606857142857143,3.8713071428571424,1915.857142857143,1968.1785714285713,6.278285714285716,5.781307142857144,0.6508254319443869,0.711499763415941,167.14285714285714,191.0
8c83ae21-a810-466d-a5c5-95ef9a470c8a-2025-09-22,8c83ae21-a810-466d-a5c5-95ef9a470c8a,2025-09-22,0.0,0.0,0.0,0.0,0.0,3.2549285714285716,3.8713071428571433,1256.2857142857142,1968.1785714285713,4.3349285714285735,5.781307142857143,0.4870360315850602,0.711499763415941,108.0,191.0
8c83ae21-a810-466d-a5c5-95ef9a470c8a-2025-09-23,8c83ae21-a810-466d-a5c5-95ef9a470c8a,2025-09-23,6.3037,3009.0,11.3437,1.6000620614036134,504.0,3.3707285714285717,4.096439285714286,1274.4285714285713,2075.6428571428573,4.479300000000002,6.186439285714285,0.5444727853267043,0.7686448370374988,110.85714285714286,209.0
8c83ae21-a810-466d-a5c5-95ef9a470c8a-2025-09-24,8c83ae21-a810-466d-a5c5-95ef9a470c8a,2025-09-24,10.7626,4057.0,11.3726,1.0901181853757158,61.0,4.908242857142858,4.480817857142857,1854.0,2220.535714285714,6.103957142857145,6.592603571428572,0.7002039546660922,0.8075776293723457,119.57142857142857,211.17857142857142
8c83ae21-a810-466d-a5c5-95ef9a470c8a-2025-09-25,8c83ae21-a810-466d-a5c5-95ef9a470c8a,2025-09-25,7.142200000000001,2446.0,7.4222,0.7561887304163584,28.0,5.9285571428571435,4.584592857142858,2203.4285714285716,2152.964285714286,7.164271428571431,6.63245,0.8082309161541434,0.8185100861889151,123.57142857142857,204.78571428571428
8c83ae21-a810-466d-a5c5-95ef9a470c8a-2025-09-26,8c83ae21-a810-466d-a5c5-95ef9a470c8a,2025-09-26,0.0,0.0,0.0,0.0,0.0,5.9285571428571435,4.584592857142858,2203.4285714285716,2152.964285714286,7.164271428571431,6.6324499999999995,0.8082309161541434,0.8185100861889151,123.57142857142857,204.78571428571428
8c83ae21-a810-466d-a5c5-95ef9a470c8a-2025-09-27,8c83ae21-a810-466d-a5c5-95ef9a470c8a,2025-09-27,8.9376,4101.0,11.1776,1.085380328009138,224.0,6.087342857142857,4.903792857142856,2424.1428571428573,2299.4285714285716,7.463057142857145,7.03165,0.8163069714460729,0.8572736693320985,137.57142857142858,212.78571428571428
8c83ae21-a810-466d-a5c5-95ef9a470c8a-2025-09-28,8c83ae21-a810-466d-a5c5-95ef9a470c8a,2025-09-28,11.797,7617.0,23.447,3.790735548744682,1165.0,6.420442857142858,5.083496428571429,3032.8571428571427,2459.6071428571427,9.25187142857143,7.480996428571428,1.188926407707072,0.9298448239946285,283.14285714285717,239.75
8c83ae21-a810-466d-a5c5-95ef9a470c8a-2025-09-29,8c83ae21-a810-466d-a5c5-95ef9a470c8a,2025-09-29,0.0,0.0,0.0,0.0,0.0,6.420442857142858,5.083496428571429,3032.8571428571427,2459.6071428571427,9.25187142857143,7.480996428571428,1.188926407707072,0.9298448239946285,283.14285714285717,239.75
8c83ae21-a810-466d-a5c5-95ef9a470c8a-2025-09-30,8c83ae21-a810-466d-a5c5-95ef9a470c8a,2025-09-30,6.527399999999999,2518.0,8.7874,1.0395209219443784,226.0,6.4524,5.316617857142858,2962.714285714286,2549.535714285714,8.886685714285717,7.794832142857143,1.1088491020700384,0.9669705712069279,243.42857142857142,247.82142857142858
8c83ae21-a810-466d-a5c5-95ef9a470c8a-2025-10-01,8c83ae21-a810-466d-a5c5-95ef9a470c8a,2025-10-01,0.0,0.0,0.0,0.0,0.0,4.914885714285715,5.316617857142858,2383.1428571428573,2549.535714285714,7.262028571428573,7.794832142857143,0.9531179327306505,0.9669705712069279,234.71428571428572,247.82142857142858
8c83ae21-a810-466d-a5c5-95ef9a470c8a-2025-10-02,8c83ae21-a810-466d-a5c5-95ef9a470c8a,2025-10-02,4.0844000000000005,2179.0,7.4444,0.8550768041985991,336.0,4.478057142857143,5.462489285714286,2345.0,2627.3571428571427,7.265200000000002,8.060703571428572,0.9672448004138278,0.997509028499735,278.7142857142857,259.82142857142856
8c83ae21-a810-466d-a5c5-95ef9a470c8a-2025-10-03,8c83ae21-a810-466d-a5c5-95ef9a470c8a,2025-10-03,0.0,0.0,0.0,0.0,0.0,4.478057142857144,5.462489285714286,2345.0,2627.3571428571427,7.265200000000002,8.060703571428572,0.9672448004138278,0.997509028499735,278.7142857142857,259.82142857142856
8c83ae21-a810-466d-a5c5-95ef9a470c8a-2025-10-04,8c83ae21-a810-466d-a5c5-95ef9a470c8a,2025-10-04,35.2072,28210.0,54.6672,8.048976855753311,1946.0,8.230857142857143,5.844289285714287,5789.142857142857,3134.25,13.478000000000003,8.600717857142858,1.962044304377281,1.1172021217968797,524.7142857142857,275.64285714285717
8c83ae21-a810-466d-a5c5-95ef9a470c8a-2025-10-05,8c83ae21-a810-466d-a5c5-95ef9a470c8a,2025-10-05,40.3202,26416.0,50.7802,5.05964994215828,1046.0,12.3056,7.284296428571429,8474.714285714286,4077.6785714285716,17.38274285714286,10.41429642857143,2.1433177891506525,1.2979039054453898,507.7142857142857,313.0
8c83ae21-a810-466d-a5c5-95ef9a470c8a-2025-10-06,8c83ae21-a810-466d-a5c5-95ef9a470c8a,2025-10-06,0.0,0.0,0.0,0.0,0.0,12.3056,7.284296428571429,8474.714285714286,4077.6785714285716,17.38274285714286,10.41429642857143,2.1433177891506525,1.2979039054453898,507.7142857142857,313.0
8c83ae21-a810-466d-a5c5-95ef9a470c8a-2025-10-07,8c83ae21-a810-466d-a5c5-95ef9a470c8a,2025-10-07,8.600700000000002,2952.0,8.940700000000001,0.893635808807651,34.0,12.601785714285715,6.922064285714286,8536.714285714286,3871.5714285714284,17.404642857142857,9.819207142857142,2.122477058702548,1.2170200184851796,480.2857142857143,289.7142857142857
8c83ae21-a810-466d-a5c5-95ef9a470c8a-2025-10-08,8c83ae21-a810-466d-a5c5-95ef9a470c8a,2025-10-08,9.619,2945.0,10.049,1.5489595770024198,43.0,13.975928571428572,7.052278571428571,8957.42857142857,3889.3571428571427,18.84021428571429,9.872278571428572,2.3437569982743227,1.2357616976363706,486.42857142857144,282.0
8c83ae21-a810-466d-a5c5-95ef9a470c8a-2025-10-09,8c83ae21-a810-466d-a5c5-95ef9a470c8a,2025-10-09,9.735,4443.0,13.344999999999999,1.378254709787666,361.0,14.783157142857144,7.399957142857143,9280.857142857143,4048.035714285714,19.683157142857144,10.348885714285714,2.4184966990727608,1.2849850801287874,490.0,294.89285714285717
8c83ae21-a810-466d-a5c5-95ef9a470c8a-2025-10-10,8c83ae21-a810-466d-a5c5-95ef9a470c8a,2025-10-10,0.0,0.0,0.0,0.0,0.0,14.783157142857144,7.149910714285714,9280.857142857143,3967.785714285714,19.683157142857144,10.090625000000001,2.4184966990727608,1.2598473841310371,490.0,294.07142857142856
8c83ae21-a810-466d-a5c5-95ef9a470c8a-2025-10-11,8c83ae21-a810-466d-a5c5-95ef9a470c8a,2025-10-11,15.7441,15404.0,25.6441,2.673452223920102,990.0,12.002714285714287,7.7122,7451.428571428572,4517.928571428572,15.537000000000003,11.006485714285715,1.6505646088108736,1.3553278206996124,353.42857142857144,329.42857142857144
8c83ae21-a810-466d-a5c5-95ef9a470c8a-2025-10-12,8c83ae21-a810-466d-a5c5-95ef9a470c8a,2025-10-12,12.7087,5582.0,18.9987,2.288633512624904,629.0,8.058214285714286,7.847778571428571,4475.142857142857,4474.642857142857,10.996785714285718,10.97742142857143,1.2547051188775344,1.3094436869199118,293.85714285714283,312.9642857142857
8c83ae21-a810-466d-a5c5-95ef9a470c8a-2025-10-13,8c83ae21-a810-466d-a5c5-95ef9a470c8a,2025-10-13,0.0,0.0,0.0,0.0,0.0,8.058214285714286,7.509796428571429,4475.142857142857,4309.75,10.996785714285718,10.491582142857142,1.2547051188775344,1.2684963368300803,293.85714285714283,298.17857142857144
8c83ae21-a810-466d-a5c5-95ef9a470c8a-2025-10-14,8c83ae21-a810-466d-a5c5-95ef9a470c8a,2025-10-14,9.1629,3663.0,12.9129,1.3688177776155595,375.0,8.138528571428571,7.640860714285715,4576.714285714285,4337.642857142857,11.564242857142858,10.583717857142856,1.322588257278664,1.274596800844489,342.57142857142856,294.2857142857143
8c83ae21-a810-466d-a5c5-95ef9a470c8a-2025-10-15,8c83ae21-a810-466d-a5c5-95ef9a470c8a,2025-10-15,0.0,0.0,0.0,0.0,0.0,6.764385714285714,7.640860714285715,4156.0,4337.642857142857,10.128671428571431,10.583717857142856,1.1013083177068899,1.274596800844489,336.42857142857144,294.2857142857143
8c83ae21-a810-466d-a5c5-95ef9a470c8a-2025-10-16,8c83ae21-a810-466d-a5c5-95ef9a470c8a,2025-10-16,9.9654,3062.0,10.6454,1.4643395664368348,68.0,6.7973,7.996767857142857,3958.714285714286,4447.0,9.743014285714287,10.963910714285714,1.1136061543710567,1.3268946425029475,294.57142857142856,296.7142857142857
8c83ae21-a810-466d-a5c5-95ef9a470c8a-2025-10-17,8c83ae21-a810-466d-a5c5-95ef9a470c8a,2025-10-17,0.0,0.0,0.0,0.0,0.0,6.7973,7.996767857142857,3958.714285714286,4447.0,9.743014285714287,10.963910714285714,1.1136061543710567,1.3268946425029475,294.57142857142856,296.7142857142857
8c83ae21-a810-466d-a5c5-95ef9a470c8a-2025-10-18,8c83ae21-a810-466d-a5c5-95ef9a470c8a,2025-10-18,11.460199999999999,3626.0,16.2002,2.8186282593969154,474.0,6.185314285714286,8.126557142857143,2276.1428571428573,4485.214285714285,8.393885714285716,11.217985714285714,1.1343455880106015,1.3908153681612079,220.85714285714286,309.14285714285717
