rank,runId,experimentGroup,experimentName,status,description,selectedStage,selectedRowCount,meanStage3MaeMin,medianStage3MaeMin,maxStage3MaeMin,meanStage3MapePct,meanStage3R2,meanAbsBiasMin,overrideJson,ctlWeight,tsbWeight,ctlFactorMin,ctlFactorMax,hrrReference,hrrMinFactor,hrrMaxFactor,trimpScale,decayLambda,minFatigueFactor,enabledObjectives,hrrTrimpAlphaGrid,hrrTrimpKappaGrid,fatigueModels,stage3FatigueStates
1,036_high_ref_clip_probe_hrr_reference_0_85_hrr_min_factor_0_3_hrr_max_factor_1_2,high_ref_clip_probe,hrr_reference_0_85_hrr_min_factor_0_3_hrr_max_factor_1_2,success,Check whether the high-reference winner still wants the HRR max cap fixed at 1.0.,Stage 3 HRR speed ratio LOO,4,11.092352761698665,9.61079667521719,20.641786553040742,8.436672043757316,0.9820919178267761,3.67312897776035,"{""fitting.enabled_objectives"":[""activity""],""fitting.fatigue_models"":[""linear"",""exponential""],""fitting.hrr_trimp_alpha_grid"":[0.7,0.8,0.9,1.0,1.1,1.2],""fitting.hrr_trimp_kappa_grid"":[0.2,0.4,0.6,0.8,1.0,1.2],""fitting.stage3_fatigue_states"":[{""acute_trimp_col"":""decayedTrimpBefore"",""fatigue_state"":""decayed"",""label"":""decayed TRIMP""},{""acute_trimp_col"":""cumTrimpBefore"",""fatigue_state"":""cumulative"",""label"":""cumulative TRIMP""}],""fitting.validation_modes"":[""in_sample"",""loo""],""physiology.decay_lambda"":0.25,""physiology.hrr_max_factor"":1.2,""physiology.hrr_min_factor"":0.3,""physiology.hrr_reference"":0.85,""physiology.min_fatigue_factor"":0.5,""physiology.trimp_scale"":1.0,""readiness.ctl_weight"":0.05,""readiness.tsb_weight"":0.1}",0.05,0.1,0.9,1.1,0.85,0.3,1.2,1.0,0.25,0.5,"[""activity""]","[0.7,0.8,0.9,1.0,1.1,1.2]","[0.2,0.4,0.6,0.8,1.0,1.2]","[""linear"",""exponential""]","[{""acute_trimp_col"":""decayedTrimpBefore"",""fatigue_state"":""decayed"",""label"":""decayed TRIMP""},{""acute_trimp_col"":""cumTrimpBefore"",""fatigue_state"":""cumulative"",""label"":""cumulative TRIMP""}]"
2,037_high_ref_clip_probe_hrr_reference_0_85_hrr_min_factor_0_3_hrr_max_factor_1_4,high_ref_clip_probe,hrr_reference_0_85_hrr_min_factor_0_3_hrr_max_factor_1_4,success,Check whether the high-reference winner still wants the HRR max cap fixed at 1.0.,Stage 3 HRR speed ratio LOO,4,11.092352761698665,9.61079667521719,20.641786553040742,8.436672043757316,0.9820919178267761,3.67312897776035,"{""fitting.enabled_objectives"":[""activity""],""fitting.fatigue_models"":[""linear"",""exponential""],""fitting.hrr_trimp_alpha_grid"":[0.7,0.8,0.9,1.0,1.1,1.2],""fitting.hrr_trimp_kappa_grid"":[0.2,0.4,0.6,0.8,1.0,1.2],""fitting.stage3_fatigue_states"":[{""acute_trimp_col"":""decayedTrimpBefore"",""fatigue_state"":""decayed"",""label"":""decayed TRIMP""},{""acute_trimp_col"":""cumTrimpBefore"",""fatigue_state"":""cumulative"",""label"":""cumulative TRIMP""}],""fitting.validation_modes"":[""in_sample"",""loo""],""physiology.decay_lambda"":0.25,""physiology.hrr_max_factor"":1.4,""physiology.hrr_min_factor"":0.3,""physiology.hrr_reference"":0.85,""physiology.min_fatigue_factor"":0.5,""physiology.trimp_scale"":1.0,""readiness.ctl_weight"":0.05,""readiness.tsb_weight"":0.1}",0.05,0.1,0.9,1.1,0.85,0.3,1.4,1.0,0.25,0.5,"[""activity""]","[0.7,0.8,0.9,1.0,1.1,1.2]","[0.2,0.4,0.6,0.8,1.0,1.2]","[""linear"",""exponential""]","[{""acute_trimp_col"":""decayedTrimpBefore"",""fatigue_state"":""decayed"",""label"":""decayed TRIMP""},{""acute_trimp_col"":""cumTrimpBefore"",""fatigue_state"":""cumulative"",""label"":""cumulative TRIMP""}]"
3,000_boundary_refined_anchors_wide_best_ref085_scale1_decay025,boundary_refined_anchors,wide_best_ref085_scale1_decay025,success,Boundary-wide winner anchors before the LOO refinement.,Stage 3 HRR speed ratio LOO,4,11.137291258570581,9.552429399613297,20.726793055617698,8.512001398268739,0.9820112237454403,3.744259579733119,"{""fitting.enabled_objectives"":[""activity""],""fitting.fatigue_models"":[""linear"",""exponential""],""fitting.hrr_trimp_alpha_grid"":[0.7,0.8,0.9,1.0,1.1,1.2],""fitting.hrr_trimp_kappa_grid"":[0.2,0.4,0.6,0.8,1.0,1.2],""fitting.stage3_fatigue_states"":[{""acute_trimp_col"":""decayedTrimpBefore"",""fatigue_state"":""decayed"",""label"":""decayed TRIMP""},{""acute_trimp_col"":""cumTrimpBefore"",""fatigue_state"":""cumulative"",""label"":""cumulative TRIMP""}],""fitting.validation_modes"":[""in_sample"",""loo""],""physiology.decay_lambda"":0.25,""physiology.hrr_max_factor"":1.0,""physiology.hrr_min_factor"":0.3,""physiology.hrr_reference"":0.85,""physiology.min_fatigue_factor"":0.5,""physiology.trimp_scale"":1.0,""readiness.ctl_weight"":0.05,""readiness.tsb_weight"":0.1}",0.05,0.1,0.9,1.1,0.85,0.3,1.0,1.0,0.25,0.5,"[""activity""]","[0.7,0.8,0.9,1.0,1.1,1.2]","[0.2,0.4,0.6,0.8,1.0,1.2]","[""linear"",""exponential""]","[{""acute_trimp_col"":""decayedTrimpBefore"",""fatigue_state"":""decayed"",""label"":""decayed TRIMP""},{""acute_trimp_col"":""cumTrimpBefore"",""fatigue_state"":""cumulative"",""label"":""cumulative TRIMP""}]"
4,018_high_ref_low_trimp_refine_hrr_reference_0_85_trimp_scale_1_decay_lambda_0_25,high_ref_low_trimp_refine,hrr_reference_0_85_trimp_scale_1_decay_lambda_0_25,success,"LOO refinement around the high-reference, very-low-TRIMP wide winner.",Stage 3 HRR speed ratio LOO,4,11.137291258570581,9.552429399613297,20.726793055617698,8.512001398268739,0.9820112237454403,3.744259579733119,"{""fitting.enabled_objectives"":[""activity""],""fitting.fatigue_models"":[""linear"",""exponential""],""fitting.hrr_trimp_alpha_grid"":[0.7,0.8,0.9,1.0,1.1,1.2],""fitting.hrr_trimp_kappa_grid"":[0.2,0.4,0.6,0.8,1.0,1.2],""fitting.stage3_fatigue_states"":[{""acute_trimp_col"":""decayedTrimpBefore"",""fatigue_state"":""decayed"",""label"":""decayed TRIMP""},{""acute_trimp_col"":""cumTrimpBefore"",""fatigue_state"":""cumulative"",""label"":""cumulative TRIMP""}],""fitting.validation_modes"":[""in_sample"",""loo""],""physiology.decay_lambda"":0.25,""physiology.hrr_max_factor"":1.0,""physiology.hrr_min_factor"":0.3,""physiology.hrr_reference"":0.85,""physiology.min_fatigue_factor"":0.5,""physiology.trimp_scale"":1.0,""readiness.ctl_weight"":0.05,""readiness.tsb_weight"":0.1}",0.05,0.1,0.9,1.1,0.85,0.3,1.0,1.0,0.25,0.5,"[""activity""]","[0.7,0.8,0.9,1.0,1.1,1.2]","[0.2,0.4,0.6,0.8,1.0,1.2]","[""linear"",""exponential""]","[{""acute_trimp_col"":""decayedTrimpBefore"",""fatigue_state"":""decayed"",""label"":""decayed TRIMP""},{""acute_trimp_col"":""cumTrimpBefore"",""fatigue_state"":""cumulative"",""label"":""cumulative TRIMP""}]"
5,035_high_ref_clip_probe_hrr_reference_0_85_hrr_min_factor_0_3_hrr_max_factor_1,high_ref_clip_probe,hrr_reference_0_85_hrr_min_factor_0_3_hrr_max_factor_1,success,Check whether the high-reference winner still wants the HRR max cap fixed at 1.0.,Stage 3 HRR speed ratio LOO,4,11.137291258570581,9.552429399613297,20.726793055617698,8.512001398268739,0.9820112237454403,3.744259579733119,"{""fitting.enabled_objectives"":[""activity""],""fitting.fatigue_models"":[""linear"",""exponential""],""fitting.hrr_trimp_alpha_grid"":[0.7,0.8,0.9,1.0,1.1,1.2],""fitting.hrr_trimp_kappa_grid"":[0.2,0.4,0.6,0.8,1.0,1.2],""fitting.stage3_fatigue_states"":[{""acute_trimp_col"":""decayedTrimpBefore"",""fatigue_state"":""decayed"",""label"":""decayed TRIMP""},{""acute_trimp_col"":""cumTrimpBefore"",""fatigue_state"":""cumulative"",""label"":""cumulative TRIMP""}],""fitting.validation_modes"":[""in_sample"",""loo""],""physiology.decay_lambda"":0.25,""physiology.hrr_max_factor"":1.0,""physiology.hrr_min_factor"":0.3,""physiology.hrr_reference"":0.85,""physiology.min_fatigue_factor"":0.5,""physiology.trimp_scale"":1.0,""readiness.ctl_weight"":0.05,""readiness.tsb_weight"":0.1}",0.05,0.1,0.9,1.1,0.85,0.3,1.0,1.0,0.25,0.5,"[""activity""]","[0.7,0.8,0.9,1.0,1.1,1.2]","[0.2,0.4,0.6,0.8,1.0,1.2]","[""linear"",""exponential""]","[{""acute_trimp_col"":""decayedTrimpBefore"",""fatigue_state"":""decayed"",""label"":""decayed TRIMP""},{""acute_trimp_col"":""cumTrimpBefore"",""fatigue_state"":""cumulative"",""label"":""cumulative TRIMP""}]"
6,062_readiness_boundary_anchor_ctl005_tsb010,readiness_boundary_anchor,ctl005_tsb010,success,Keep only the readiness anchors that previously helped the high-HRR cohort.,Stage 3 HRR speed ratio LOO,4,11.137291258570581,9.552429399613297,20.726793055617698,8.512001398268739,0.9820112237454403,3.744259579733119,"{""fitting.enabled_objectives"":[""activity""],""fitting.fatigue_models"":[""linear"",""exponential""],""fitting.hrr_trimp_alpha_grid"":[0.7,0.8,0.9,1.0,1.1,1.2],""fitting.hrr_trimp_kappa_grid"":[0.2,0.4,0.6,0.8,1.0,1.2],""fitting.stage3_fatigue_states"":[{""acute_trimp_col"":""decayedTrimpBefore"",""fatigue_state"":""decayed"",""label"":""decayed TRIMP""},{""acute_trimp_col"":""cumTrimpBefore"",""fatigue_state"":""cumulative"",""label"":""cumulative TRIMP""}],""fitting.validation_modes"":[""in_sample"",""loo""],""physiology.decay_lambda"":0.25,""physiology.hrr_max_factor"":1.0,""physiology.hrr_min_factor"":0.3,""physiology.hrr_reference"":0.85,""physiology.min_fatigue_factor"":0.5,""physiology.trimp_scale"":1.0,""readiness.ctl_weight"":0.05,""readiness.tsb_weight"":0.1}",0.05,0.1,0.9,1.1,0.85,0.3,1.0,1.0,0.25,0.5,"[""activity""]","[0.7,0.8,0.9,1.0,1.1,1.2]","[0.2,0.4,0.6,0.8,1.0,1.2]","[""linear"",""exponential""]","[{""acute_trimp_col"":""decayedTrimpBefore"",""fatigue_state"":""decayed"",""label"":""decayed TRIMP""},{""acute_trimp_col"":""cumTrimpBefore"",""fatigue_state"":""cumulative"",""label"":""cumulative TRIMP""}]"
7,039_high_ref_clip_probe_hrr_reference_0_85_hrr_min_factor_0_4_hrr_max_factor_1_2,high_ref_clip_probe,hrr_reference_0_85_hrr_min_factor_0_4_hrr_max_factor_1_2,success,Check whether the high-reference winner still wants the HRR max cap fixed at 1.0.,Stage 3 HRR speed ratio LOO,4,11.159486117086585,9.911431351959845,20.30905062110712,8.30791061739102,0.9809950432400468,3.149796933419524,"{""fitting.enabled_objectives"":[""activity""],""fitting.fatigue_models"":[""linear"",""exponential""],""fitting.hrr_trimp_alpha_grid"":[0.7,0.8,0.9,1.0,1.1,1.2],""fitting.hrr_trimp_kappa_grid"":[0.2,0.4,0.6,0.8,1.0,1.2],""fitting.stage3_fatigue_states"":[{""acute_trimp_col"":""decayedTrimpBefore"",""fatigue_state"":""decayed"",""label"":""decayed TRIMP""},{""acute_trimp_col"":""cumTrimpBefore"",""fatigue_state"":""cumulative"",""label"":""cumulative TRIMP""}],""fitting.validation_modes"":[""in_sample"",""loo""],""physiology.decay_lambda"":0.25,""physiology.hrr_max_factor"":1.2,""physiology.hrr_min_factor"":0.4,""physiology.hrr_reference"":0.85,""physiology.min_fatigue_factor"":0.5,""physiology.trimp_scale"":1.0,""readiness.ctl_weight"":0.05,""readiness.tsb_weight"":0.1}",0.05,0.1,0.9,1.1,0.85,0.4,1.2,1.0,0.25,0.5,"[""activity""]","[0.7,0.8,0.9,1.0,1.1,1.2]","[0.2,0.4,0.6,0.8,1.0,1.2]","[""linear"",""exponential""]","[{""acute_trimp_col"":""decayedTrimpBefore"",""fatigue_state"":""decayed"",""label"":""decayed TRIMP""},{""acute_trimp_col"":""cumTrimpBefore"",""fatigue_state"":""cumulative"",""label"":""cumulative TRIMP""}]"
8,040_high_ref_clip_probe_hrr_reference_0_85_hrr_min_factor_0_4_hrr_max_factor_1_4,high_ref_clip_probe,hrr_reference_0_85_hrr_min_factor_0_4_hrr_max_factor_1_4,success,Check whether the high-reference winner still wants the HRR max cap fixed at 1.0.,Stage 3 HRR speed ratio LOO,4,11.159486117086585,9.911431351959845,20.30905062110712,8.30791061739102,0.9809950432400468,3.149796933419524,"{""fitting.enabled_objectives"":[""activity""],""fitting.fatigue_models"":[""linear"",""exponential""],""fitting.hrr_trimp_alpha_grid"":[0.7,0.8,0.9,1.0,1.1,1.2],""fitting.hrr_trimp_kappa_grid"":[0.2,0.4,0.6,0.8,1.0,1.2],""fitting.stage3_fatigue_states"":[{""acute_trimp_col"":""decayedTrimpBefore"",""fatigue_state"":""decayed"",""label"":""decayed TRIMP""},{""acute_trimp_col"":""cumTrimpBefore"",""fatigue_state"":""cumulative"",""label"":""cumulative TRIMP""}],""fitting.validation_modes"":[""in_sample"",""loo""],""physiology.decay_lambda"":0.25,""physiology.hrr_max_factor"":1.4,""physiology.hrr_min_factor"":0.4,""physiology.hrr_reference"":0.85,""physiology.min_fatigue_factor"":0.5,""physiology.trimp_scale"":1.0,""readiness.ctl_weight"":0.05,""readiness.tsb_weight"":0.1}",0.05,0.1,0.9,1.1,0.85,0.4,1.4,1.0,0.25,0.5,"[""activity""]","[0.7,0.8,0.9,1.0,1.1,1.2]","[0.2,0.4,0.6,0.8,1.0,1.2]","[""linear"",""exponential""]","[{""acute_trimp_col"":""decayedTrimpBefore"",""fatigue_state"":""decayed"",""label"":""decayed TRIMP""},{""acute_trimp_col"":""cumTrimpBefore"",""fatigue_state"":""cumulative"",""label"":""cumulative TRIMP""}]"
9,015_high_ref_low_trimp_refine_hrr_reference_0_85_trimp_scale_0_75_decay_lambda_0_25,high_ref_low_trimp_refine,hrr_reference_0_85_trimp_scale_0_75_decay_lambda_0_25,success,"LOO refinement around the high-reference, very-low-TRIMP wide winner.",Stage 3 HRR speed ratio LOO,4,11.182645838313807,9.654708660156748,20.7181299577279,8.018494451137762,0.9801660152655717,2.918227300228497,"{""fitting.enabled_objectives"":[""activity""],""fitting.fatigue_models"":[""linear"",""exponential""],""fitting.hrr_trimp_alpha_grid"":[0.7,0.8,0.9,1.0,1.1,1.2],""fitting.hrr_trimp_kappa_grid"":[0.2,0.4,0.6,0.8,1.0,1.2],""fitting.stage3_fatigue_states"":[{""acute_trimp_col"":""decayedTrimpBefore"",""fatigue_state"":""decayed"",""label"":""decayed TRIMP""},{""acute_trimp_col"":""cumTrimpBefore"",""fatigue_state"":""cumulative"",""label"":""cumulative TRIMP""}],""fitting.validation_modes"":[""in_sample"",""loo""],""physiology.decay_lambda"":0.25,""physiology.hrr_max_factor"":1.0,""physiology.hrr_min_factor"":0.3,""physiology.hrr_reference"":0.85,""physiology.min_fatigue_factor"":0.5,""physiology.trimp_scale"":0.75,""readiness.ctl_weight"":0.05,""readiness.tsb_weight"":0.1}",0.05,0.1,0.9,1.1,0.85,0.3,1.0,0.75,0.25,0.5,"[""activity""]","[0.7,0.8,0.9,1.0,1.1,1.2]","[0.2,0.4,0.6,0.8,1.0,1.2]","[""linear"",""exponential""]","[{""acute_trimp_col"":""decayedTrimpBefore"",""fatigue_state"":""decayed"",""label"":""decayed TRIMP""},{""acute_trimp_col"":""cumTrimpBefore"",""fatigue_state"":""cumulative"",""label"":""cumulative TRIMP""}]"
10,038_high_ref_clip_probe_hrr_reference_0_85_hrr_min_factor_0_4_hrr_max_factor_1,high_ref_clip_probe,hrr_reference_0_85_hrr_min_factor_0_4_hrr_max_factor_1,success,Check whether the high-reference winner still wants the HRR max cap fixed at 1.0.,Stage 3 HRR speed ratio LOO,4,11.204440240437973,9.853064076355952,20.394119629601953,8.383266128507161,0.9809142280559141,3.2209431618717623,"{""fitting.enabled_objectives"":[""activity""],""fitting.fatigue_models"":[""linear"",""exponential""],""fitting.hrr_trimp_alpha_grid"":[0.7,0.8,0.9,1.0,1.1,1.2],""fitting.hrr_trimp_kappa_grid"":[0.2,0.4,0.6,0.8,1.0,1.2],""fitting.stage3_fatigue_states"":[{""acute_trimp_col"":""decayedTrimpBefore"",""fatigue_state"":""decayed"",""label"":""decayed TRIMP""},{""acute_trimp_col"":""cumTrimpBefore"",""fatigue_state"":""cumulative"",""label"":""cumulative TRIMP""}],""fitting.validation_modes"":[""in_sample"",""loo""],""physiology.decay_lambda"":0.25,""physiology.hrr_max_factor"":1.0,""physiology.hrr_min_factor"":0.4,""physiology.hrr_reference"":0.85,""physiology.min_fatigue_factor"":0.5,""physiology.trimp_scale"":1.0,""readiness.ctl_weight"":0.05,""readiness.tsb_weight"":0.1}",0.05,0.1,0.9,1.1,0.85,0.4,1.0,1.0,0.25,0.5,"[""activity""]","[0.7,0.8,0.9,1.0,1.1,1.2]","[0.2,0.4,0.6,0.8,1.0,1.2]","[""linear"",""exponential""]","[{""acute_trimp_col"":""decayedTrimpBefore"",""fatigue_state"":""decayed"",""label"":""decayed TRIMP""},{""acute_trimp_col"":""cumTrimpBefore"",""fatigue_state"":""cumulative"",""label"":""cumulative TRIMP""}]"
11,021_high_ref_low_trimp_refine_hrr_reference_0_85_trimp_scale_1_5_decay_lambda_0_25,high_ref_low_trimp_refine,hrr_reference_0_85_trimp_scale_1_5_decay_lambda_0_25,success,"LOO refinement around the high-reference, very-low-TRIMP wide winner.",Stage 3 HRR speed ratio LOO,4,11.226714135962963,10.089758451614037,19.540012606142106,8.276387850993343,0.9795910630533824,3.161563980620904,"{""fitting.enabled_objectives"":[""activity""],""fitting.fatigue_models"":[""linear"",""exponential""],""fitting.hrr_trimp_alpha_grid"":[0.7,0.8,0.9,1.0,1.1,1.2],""fitting.hrr_trimp_kappa_grid"":[0.2,0.4,0.6,0.8,1.0,1.2],""fitting.stage3_fatigue_states"":[{""acute_trimp_col"":""decayedTrimpBefore"",""fatigue_state"":""decayed"",""label"":""decayed TRIMP""},{""acute_trimp_col"":""cumTrimpBefore"",""fatigue_state"":""cumulative"",""label"":""cumulative TRIMP""}],""fitting.validation_modes"":[""in_sample"",""loo""],""physiology.decay_lambda"":0.25,""physiology.hrr_max_factor"":1.0,""physiology.hrr_min_factor"":0.3,""physiology.hrr_reference"":0.85,""physiology.min_fatigue_factor"":0.5,""physiology.trimp_scale"":1.5,""readiness.ctl_weight"":0.05,""readiness.tsb_weight"":0.1}",0.05,0.1,0.9,1.1,0.85,0.3,1.0,1.5,0.25,0.5,"[""activity""]","[0.7,0.8,0.9,1.0,1.1,1.2]","[0.2,0.4,0.6,0.8,1.0,1.2]","[""linear"",""exponential""]","[{""acute_trimp_col"":""decayedTrimpBefore"",""fatigue_state"":""decayed"",""label"":""decayed TRIMP""},{""acute_trimp_col"":""cumTrimpBefore"",""fatigue_state"":""cumulative"",""label"":""cumulative TRIMP""}]"
12,033_high_ref_clip_probe_hrr_reference_0_85_hrr_min_factor_0_25_hrr_max_factor_1_2,high_ref_clip_probe,hrr_reference_0_85_hrr_min_factor_0_25_hrr_max_factor_1_2,success,Check whether the high-reference winner still wants the HRR max cap fixed at 1.0.,Stage 3 HRR speed ratio LOO,4,11.234619787136477,9.620098249791189,21.192251505644,8.008583843680835,0.9790154117241178,2.8912338635882704,"{""fitting.enabled_objectives"":[""activity""],""fitting.fatigue_models"":[""linear"",""exponential""],""fitting.hrr_trimp_alpha_grid"":[0.7,0.8,0.9,1.0,1.1,1.2],""fitting.hrr_trimp_kappa_grid"":[0.2,0.4,0.6,0.8,1.0,1.2],""fitting.stage3_fatigue_states"":[{""acute_trimp_col"":""decayedTrimpBefore"",""fatigue_state"":""decayed"",""label"":""decayed TRIMP""},{""acute_trimp_col"":""cumTrimpBefore"",""fatigue_state"":""cumulative"",""label"":""cumulative TRIMP""}],""fitting.validation_modes"":[""in_sample"",""loo""],""physiology.decay_lambda"":0.25,""physiology.hrr_max_factor"":1.2,""physiology.hrr_min_factor"":0.25,""physiology.hrr_reference"":0.85,""physiology.min_fatigue_factor"":0.5,""physiology.trimp_scale"":1.0,""readiness.ctl_weight"":0.05,""readiness.tsb_weight"":0.1}",0.05,0.1,0.9,1.1,0.85,0.25,1.2,1.0,0.25,0.5,"[""activity""]","[0.7,0.8,0.9,1.0,1.1,1.2]","[0.2,0.4,0.6,0.8,1.0,1.2]","[""linear"",""exponential""]","[{""acute_trimp_col"":""decayedTrimpBefore"",""fatigue_state"":""decayed"",""label"":""decayed TRIMP""},{""acute_trimp_col"":""cumTrimpBefore"",""fatigue_state"":""cumulative"",""label"":""cumulative TRIMP""}]"
13,034_high_ref_clip_probe_hrr_reference_0_85_hrr_min_factor_0_25_hrr_max_factor_1_4,high_ref_clip_probe,hrr_reference_0_85_hrr_min_factor_0_25_hrr_max_factor_1_4,success,Check whether the high-reference winner still wants the HRR max cap fixed at 1.0.,Stage 3 HRR speed ratio LOO,4,11.234619787136477,9.620098249791189,21.192251505644,8.008583843680835,0.9790154117241178,2.8912338635882704,"{""fitting.enabled_objectives"":[""activity""],""fitting.fatigue_models"":[""linear"",""exponential""],""fitting.hrr_trimp_alpha_grid"":[0.7,0.8,0.9,1.0,1.1,1.2],""fitting.hrr_trimp_kappa_grid"":[0.2,0.4,0.6,0.8,1.0,1.2],""fitting.stage3_fatigue_states"":[{""acute_trimp_col"":""decayedTrimpBefore"",""fatigue_state"":""decayed"",""label"":""decayed TRIMP""},{""acute_trimp_col"":""cumTrimpBefore"",""fatigue_state"":""cumulative"",""label"":""cumulative TRIMP""}],""fitting.validation_modes"":[""in_sample"",""loo""],""physiology.decay_lambda"":0.25,""physiology.hrr_max_factor"":1.4,""physiology.hrr_min_factor"":0.25,""physiology.hrr_reference"":0.85,""physiology.min_fatigue_factor"":0.5,""physiology.trimp_scale"":1.0,""readiness.ctl_weight"":0.05,""readiness.tsb_weight"":0.1}",0.05,0.1,0.9,1.1,0.85,0.25,1.4,1.0,0.25,0.5,"[""activity""]","[0.7,0.8,0.9,1.0,1.1,1.2]","[0.2,0.4,0.6,0.8,1.0,1.2]","[""linear"",""exponential""]","[{""acute_trimp_col"":""decayedTrimpBefore"",""fatigue_state"":""decayed"",""label"":""decayed TRIMP""},{""acute_trimp_col"":""cumTrimpBefore"",""fatigue_state"":""cumulative"",""label"":""cumulative TRIMP""}]"
14,032_high_ref_clip_probe_hrr_reference_0_85_hrr_min_factor_0_25_hrr_max_factor_1,high_ref_clip_probe,hrr_reference_0_85_hrr_min_factor_0_25_hrr_max_factor_1,success,Check whether the high-reference winner still wants the HRR max cap fixed at 1.0.,Stage 3 HRR speed ratio LOO,4,11.262743234211307,9.561730974187297,21.209997809032597,8.04728654181359,0.9789459185893747,2.9592045692929743,"{""fitting.enabled_objectives"":[""activity""],""fitting.fatigue_models"":[""linear"",""exponential""],""fitting.hrr_trimp_alpha_grid"":[0.7,0.8,0.9,1.0,1.1,1.2],""fitting.hrr_trimp_kappa_grid"":[0.2,0.4,0.6,0.8,1.0,1.2],""fitting.stage3_fatigue_states"":[{""acute_trimp_col"":""decayedTrimpBefore"",""fatigue_state"":""decayed"",""label"":""decayed TRIMP""},{""acute_trimp_col"":""cumTrimpBefore"",""fatigue_state"":""cumulative"",""label"":""cumulative TRIMP""}],""fitting.validation_modes"":[""in_sample"",""loo""],""physiology.decay_lambda"":0.25,""physiology.hrr_max_factor"":1.0,""physiology.hrr_min_factor"":0.25,""physiology.hrr_reference"":0.85,""physiology.min_fatigue_factor"":0.5,""physiology.trimp_scale"":1.0,""readiness.ctl_weight"":0.05,""readiness.tsb_weight"":0.1}",0.05,0.1,0.9,1.1,0.85,0.25,1.0,1.0,0.25,0.5,"[""activity""]","[0.7,0.8,0.9,1.0,1.1,1.2]","[0.2,0.4,0.6,0.8,1.0,1.2]","[""linear"",""exponential""]","[{""acute_trimp_col"":""decayedTrimpBefore"",""fatigue_state"":""decayed"",""label"":""decayed TRIMP""},{""acute_trimp_col"":""cumTrimpBefore"",""fatigue_state"":""cumulative"",""label"":""cumulative TRIMP""}]"
15,001_boundary_refined_anchors_wide_rank2_ref085_scale15_decay010,boundary_refined_anchors,wide_rank2_ref085_scale15_decay010,success,Boundary-wide winner anchors before the LOO refinement.,Stage 3 HRR speed ratio LOO,4,11.275781295305801,10.567948416099789,19.540012606142106,8.954298372295984,0.981098900553864,2.995639793742564,"{""fitting.enabled_objectives"":[""activity""],""fitting.fatigue_models"":[""linear"",""exponential""],""fitting.hrr_trimp_alpha_grid"":[0.7,0.8,0.9,1.0,1.1,1.2],""fitting.hrr_trimp_kappa_grid"":[0.2,0.4,0.6,0.8,1.0,1.2],""fitting.stage3_fatigue_states"":[{""acute_trimp_col"":""decayedTrimpBefore"",""fatigue_state"":""decayed"",""label"":""decayed TRIMP""},{""acute_trimp_col"":""cumTrimpBefore"",""fatigue_state"":""cumulative"",""label"":""cumulative TRIMP""}],""fitting.validation_modes"":[""in_sample"",""loo""],""physiology.decay_lambda"":0.1,""physiology.hrr_max_factor"":1.0,""physiology.hrr_min_factor"":0.3,""physiology.hrr_reference"":0.85,""physiology.min_fatigue_factor"":0.5,""physiology.trimp_scale"":1.5,""readiness.ctl_weight"":0.05,""readiness.tsb_weight"":0.1}",0.05,0.1,0.9,1.1,0.85,0.3,1.0,1.5,0.1,0.5,"[""activity""]","[0.7,0.8,0.9,1.0,1.1,1.2]","[0.2,0.4,0.6,0.8,1.0,1.2]","[""linear"",""exponential""]","[{""acute_trimp_col"":""decayedTrimpBefore"",""fatigue_state"":""decayed"",""label"":""decayed TRIMP""},{""acute_trimp_col"":""cumTrimpBefore"",""fatigue_state"":""cumulative"",""label"":""cumulative TRIMP""}]"
16,020_high_ref_low_trimp_refine_hrr_reference_0_85_trimp_scale_1_5_decay_lambda_0_1,high_ref_low_trimp_refine,hrr_reference_0_85_trimp_scale_1_5_decay_lambda_0_1,success,"LOO refinement around the high-reference, very-low-TRIMP wide winner.",Stage 3 HRR speed ratio LOO,4,11.275781295305801,10.567948416099789,19.540012606142106,8.954298372295984,0.981098900553864,2.995639793742564,"{""fitting.enabled_objectives"":[""activity""],""fitting.fatigue_models"":[""linear"",""exponential""],""fitting.hrr_trimp_alpha_grid"":[0.7,0.8,0.9,1.0,1.1,1.2],""fitting.hrr_trimp_kappa_grid"":[0.2,0.4,0.6,0.8,1.0,1.2],""fitting.stage3_fatigue_states"":[{""acute_trimp_col"":""decayedTrimpBefore"",""fatigue_state"":""decayed"",""label"":""decayed TRIMP""},{""acute_trimp_col"":""cumTrimpBefore"",""fatigue_state"":""cumulative"",""label"":""cumulative TRIMP""}],""fitting.validation_modes"":[""in_sample"",""loo""],""physiology.decay_lambda"":0.1,""physiology.hrr_max_factor"":1.0,""physiology.hrr_min_factor"":0.3,""physiology.hrr_reference"":0.85,""physiology.min_fatigue_factor"":0.5,""physiology.trimp_scale"":1.5,""readiness.ctl_weight"":0.05,""readiness.tsb_weight"":0.1}",0.05,0.1,0.9,1.1,0.85,0.3,1.0,1.5,0.1,0.5,"[""activity""]","[0.7,0.8,0.9,1.0,1.1,1.2]","[0.2,0.4,0.6,0.8,1.0,1.2]","[""linear"",""exponential""]","[{""acute_trimp_col"":""decayedTrimpBefore"",""fatigue_state"":""decayed"",""label"":""decayed TRIMP""},{""acute_trimp_col"":""cumTrimpBefore"",""fatigue_state"":""cumulative"",""label"":""cumulative TRIMP""}]"
17,022_high_ref_low_trimp_refine_hrr_reference_0_85_trimp_scale_1_5_decay_lambda_0_35,high_ref_low_trimp_refine,hrr_reference_0_85_trimp_scale_1_5_decay_lambda_0_35,success,"LOO refinement around the high-reference, very-low-TRIMP wide winner.",Stage 3 HRR speed ratio LOO,4,11.322436897084408,10.464731080485492,19.540012606142106,8.960535656772645,0.9805298907122298,2.8546384388864015,"{""fitting.enabled_objectives"":[""activity""],""fitting.fatigue_models"":[""linear"",""exponential""],""fitting.hrr_trimp_alpha_grid"":[0.7,0.8,0.9,1.0,1.1,1.2],""fitting.hrr_trimp_kappa_grid"":[0.2,0.4,0.6,0.8,1.0,1.2],""fitting.stage3_fatigue_states"":[{""acute_trimp_col"":""decayedTrimpBefore"",""fatigue_state"":""decayed"",""label"":""decayed TRIMP""},{""acute_trimp_col"":""cumTrimpBefore"",""fatigue_state"":""cumulative"",""label"":""cumulative TRIMP""}],""fitting.validation_modes"":[""in_sample"",""loo""],""physiology.decay_lambda"":0.35,""physiology.hrr_max_factor"":1.0,""physiology.hrr_min_factor"":0.3,""physiology.hrr_reference"":0.85,""physiology.min_fatigue_factor"":0.5,""physiology.trimp_scale"":1.5,""readiness.ctl_weight"":0.05,""readiness.tsb_weight"":0.1}",0.05,0.1,0.9,1.1,0.85,0.3,1.0,1.5,0.35,0.5,"[""activity""]","[0.7,0.8,0.9,1.0,1.1,1.2]","[0.2,0.4,0.6,0.8,1.0,1.2]","[""linear"",""exponential""]","[{""acute_trimp_col"":""decayedTrimpBefore"",""fatigue_state"":""decayed"",""label"":""decayed TRIMP""},{""acute_trimp_col"":""cumTrimpBefore"",""fatigue_state"":""cumulative"",""label"":""cumulative TRIMP""}]"
18,028_high_ref_low_trimp_refine_hrr_reference_0_9_trimp_scale_1_decay_lambda_0_35,high_ref_low_trimp_refine,hrr_reference_0_9_trimp_scale_1_decay_lambda_0_35,success,"LOO refinement around the high-reference, very-low-TRIMP wide winner.",Stage 3 HRR speed ratio LOO,4,11.580892531701348,10.93447272326956,20.168658224053864,8.544821493730005,0.9801422220673179,1.18437421025798,"{""fitting.enabled_objectives"":[""activity""],""fitting.fatigue_models"":[""linear"",""exponential""],""fitting.hrr_trimp_alpha_grid"":[0.7,0.8,0.9,1.0,1.1,1.2],""fitting.hrr_trimp_kappa_grid"":[0.2,0.4,0.6,0.8,1.0,1.2],""fitting.stage3_fatigue_states"":[{""acute_trimp_col"":""decayedTrimpBefore"",""fatigue_state"":""decayed"",""label"":""decayed TRIMP""},{""acute_trimp_col"":""cumTrimpBefore"",""fatigue_state"":""cumulative"",""label"":""cumulative TRIMP""}],""fitting.validation_modes"":[""in_sample"",""loo""],""physiology.decay_lambda"":0.35,""physiology.hrr_max_factor"":1.0,""physiology.hrr_min_factor"":0.3,""physiology.hrr_reference"":0.9,""physiology.min_fatigue_factor"":0.5,""physiology.trimp_scale"":1.0,""readiness.ctl_weight"":0.05,""readiness.tsb_weight"":0.1}",0.05,0.1,0.9,1.1,0.9,0.3,1.0,1.0,0.35,0.5,"[""activity""]","[0.7,0.8,0.9,1.0,1.1,1.2]","[0.2,0.4,0.6,0.8,1.0,1.2]","[""linear"",""exponential""]","[{""acute_trimp_col"":""decayedTrimpBefore"",""fatigue_state"":""decayed"",""label"":""decayed TRIMP""},{""acute_trimp_col"":""cumTrimpBefore"",""fatigue_state"":""cumulative"",""label"":""cumulative TRIMP""}]"
19,046_low_ref_clip_refine_hrr_reference_0_6_hrr_min_factor_0_4_hrr_max_factor_1_8_trimp_scale_2_decay_lamb,low_ref_clip_refine,hrr_reference_0_6_hrr_min_factor_0_4_hrr_max_factor_1_8_trimp_scale_2_decay_lambda_0_15,success,LOO refinement around the lower-reference clip-surface runner-up.,Stage 3 HRR speed ratio LOO,4,11.611294321772808,10.28354498380222,17.979977967785317,8.807490637080388,0.9764696610884567,1.7140379506737822,"{""fitting.enabled_objectives"":[""activity""],""fitting.fatigue_models"":[""linear"",""exponential""],""fitting.hrr_trimp_alpha_grid"":[0.7,0.8,0.9,1.0,1.1,1.2],""fitting.hrr_trimp_kappa_grid"":[0.2,0.4,0.6,0.8,1.0,1.2],""fitting.stage3_fatigue_states"":[{""acute_trimp_col"":""decayedTrimpBefore"",""fatigue_state"":""decayed"",""label"":""decayed TRIMP""},{""acute_trimp_col"":""cumTrimpBefore"",""fatigue_state"":""cumulative"",""label"":""cumulative TRIMP""}],""fitting.validation_modes"":[""in_sample"",""loo""],""physiology.decay_lambda"":0.15,""physiology.hrr_max_factor"":1.8,""physiology.hrr_min_factor"":0.4,""physiology.hrr_reference"":0.6,""physiology.min_fatigue_factor"":0.5,""physiology.trimp_scale"":2.0,""readiness.ctl_weight"":0.05,""readiness.tsb_weight"":0.1}",0.05,0.1,0.9,1.1,0.6,0.4,1.8,2.0,0.15,0.5,"[""activity""]","[0.7,0.8,0.9,1.0,1.1,1.2]","[0.2,0.4,0.6,0.8,1.0,1.2]","[""linear"",""exponential""]","[{""acute_trimp_col"":""decayedTrimpBefore"",""fatigue_state"":""decayed"",""label"":""decayed TRIMP""},{""acute_trimp_col"":""cumTrimpBefore"",""fatigue_state"":""cumulative"",""label"":""cumulative TRIMP""}]"
20,030_high_ref_low_trimp_refine_hrr_reference_0_9_trimp_scale_1_5_decay_lambda_0_25,high_ref_low_trimp_refine,hrr_reference_0_9_trimp_scale_1_5_decay_lambda_0_25,success,"LOO refinement around the high-reference, very-low-TRIMP wide winner.",Stage 3 HRR speed ratio LOO,4,11.624773866905468,11.137432923818904,20.114737574529354,8.970630178540336,0.9801965960423129,2.4777655331973927,"{""fitting.enabled_objectives"":[""activity""],""fitting.fatigue_models"":[""linear"",""exponential""],""fitting.hrr_trimp_alpha_grid"":[0.7,0.8,0.9,1.0,1.1,1.2],""fitting.hrr_trimp_kappa_grid"":[0.2,0.4,0.6,0.8,1.0,1.2],""fitting.stage3_fatigue_states"":[{""acute_trimp_col"":""decayedTrimpBefore"",""fatigue_state"":""decayed"",""label"":""decayed TRIMP""},{""acute_trimp_col"":""cumTrimpBefore"",""fatigue_state"":""cumulative"",""label"":""cumulative TRIMP""}],""fitting.validation_modes"":[""in_sample"",""loo""],""physiology.decay_lambda"":0.25,""physiology.hrr_max_factor"":1.0,""physiology.hrr_min_factor"":0.3,""physiology.hrr_reference"":0.9,""physiology.min_fatigue_factor"":0.5,""physiology.trimp_scale"":1.5,""readiness.ctl_weight"":0.05,""readiness.tsb_weight"":0.1}",0.05,0.1,0.9,1.1,0.9,0.3,1.0,1.5,0.25,0.5,"[""activity""]","[0.7,0.8,0.9,1.0,1.1,1.2]","[0.2,0.4,0.6,0.8,1.0,1.2]","[""linear"",""exponential""]","[{""acute_trimp_col"":""decayedTrimpBefore"",""fatigue_state"":""decayed"",""label"":""decayed TRIMP""},{""acute_trimp_col"":""cumTrimpBefore"",""fatigue_state"":""cumulative"",""label"":""cumulative TRIMP""}]"
21,043_low_ref_clip_refine_hrr_reference_0_6_hrr_min_factor_0_25_hrr_max_factor_1_8_trimp_scale_2_decay_lam,low_ref_clip_refine,hrr_reference_0_6_hrr_min_factor_0_25_hrr_max_factor_1_8_trimp_scale_2_decay_lambda_0_15,success,LOO refinement around the lower-reference clip-surface runner-up.,Stage 3 HRR speed ratio LOO,4,11.625328363887794,10.292079198601872,18.019045706645954,8.833848762097404,0.9764618152634853,1.694191119554159,"{""fitting.enabled_objectives"":[""activity""],""fitting.fatigue_models"":[""linear"",""exponential""],""fitting.hrr_trimp_alpha_grid"":[0.7,0.8,0.9,1.0,1.1,1.2],""fitting.hrr_trimp_kappa_grid"":[0.2,0.4,0.6,0.8,1.0,1.2],""fitting.stage3_fatigue_states"":[{""acute_trimp_col"":""decayedTrimpBefore"",""fatigue_state"":""decayed"",""label"":""decayed TRIMP""},{""acute_trimp_col"":""cumTrimpBefore"",""fatigue_state"":""cumulative"",""label"":""cumulative TRIMP""}],""fitting.validation_modes"":[""in_sample"",""loo""],""physiology.decay_lambda"":0.15,""physiology.hrr_max_factor"":1.8,""physiology.hrr_min_factor"":0.25,""physiology.hrr_reference"":0.6,""physiology.min_fatigue_factor"":0.5,""physiology.trimp_scale"":2.0,""readiness.ctl_weight"":0.05,""readiness.tsb_weight"":0.1}",0.05,0.1,0.9,1.1,0.6,0.25,1.8,2.0,0.15,0.5,"[""activity""]","[0.7,0.8,0.9,1.0,1.1,1.2]","[0.2,0.4,0.6,0.8,1.0,1.2]","[""linear"",""exponential""]","[{""acute_trimp_col"":""decayedTrimpBefore"",""fatigue_state"":""decayed"",""label"":""decayed TRIMP""},{""acute_trimp_col"":""cumTrimpBefore"",""fatigue_state"":""cumulative"",""label"":""cumulative TRIMP""}]"
22,045_low_ref_clip_refine_hrr_reference_0_6_hrr_min_factor_0_4_hrr_max_factor_1_4_trimp_scale_2_decay_lamb,low_ref_clip_refine,hrr_reference_0_6_hrr_min_factor_0_4_hrr_max_factor_1_4_trimp_scale_2_decay_lambda_0_15,success,LOO refinement around the lower-reference clip-surface runner-up.,Stage 3 HRR speed ratio LOO,4,11.664396361694845,10.228491047718695,18.088583056451746,8.971368875515754,0.976877422581093,2.0319230509063666,"{""fitting.enabled_objectives"":[""activity""],""fitting.fatigue_models"":[""linear"",""exponential""],""fitting.hrr_trimp_alpha_grid"":[0.7,0.8,0.9,1.0,1.1,1.2],""fitting.hrr_trimp_kappa_grid"":[0.2,0.4,0.6,0.8,1.0,1.2],""fitting.stage3_fatigue_states"":[{""acute_trimp_col"":""decayedTrimpBefore"",""fatigue_state"":""decayed"",""label"":""decayed TRIMP""},{""acute_trimp_col"":""cumTrimpBefore"",""fatigue_state"":""cumulative"",""label"":""cumulative TRIMP""}],""fitting.validation_modes"":[""in_sample"",""loo""],""physiology.decay_lambda"":0.15,""physiology.hrr_max_factor"":1.4,""physiology.hrr_min_factor"":0.4,""physiology.hrr_reference"":0.6,""physiology.min_fatigue_factor"":0.5,""physiology.trimp_scale"":2.0,""readiness.ctl_weight"":0.05,""readiness.tsb_weight"":0.1}",0.05,0.1,0.9,1.1,0.6,0.4,1.4,2.0,0.15,0.5,"[""activity""]","[0.7,0.8,0.9,1.0,1.1,1.2]","[0.2,0.4,0.6,0.8,1.0,1.2]","[""linear"",""exponential""]","[{""acute_trimp_col"":""decayedTrimpBefore"",""fatigue_state"":""decayed"",""label"":""decayed TRIMP""},{""acute_trimp_col"":""cumTrimpBefore"",""fatigue_state"":""cumulative"",""label"":""cumulative TRIMP""}]"
23,004_boundary_refined_anchors_prior_refined_best_ref075_scale2_decay015,boundary_refined_anchors,prior_refined_best_ref075_scale2_decay015,success,Boundary-wide winner anchors before the LOO refinement.,Stage 3 HRR speed ratio LOO,4,11.66454952184721,11.04911042095779,20.12707211672991,9.170393084819214,0.9811015119370765,3.0050401825276376,"{""fitting.enabled_objectives"":[""activity""],""fitting.fatigue_models"":[""linear"",""exponential""],""fitting.hrr_trimp_alpha_grid"":[0.7,0.8,0.9,1.0,1.1,1.2],""fitting.hrr_trimp_kappa_grid"":[0.2,0.4,0.6,0.8,1.0,1.2],""fitting.stage3_fatigue_states"":[{""acute_trimp_col"":""decayedTrimpBefore"",""fatigue_state"":""decayed"",""label"":""decayed TRIMP""},{""acute_trimp_col"":""cumTrimpBefore"",""fatigue_state"":""cumulative"",""label"":""cumulative TRIMP""}],""fitting.validation_modes"":[""in_sample"",""loo""],""physiology.decay_lambda"":0.15,""physiology.hrr_max_factor"":1.0,""physiology.hrr_min_factor"":0.3,""physiology.hrr_reference"":0.75,""physiology.min_fatigue_factor"":0.5,""physiology.trimp_scale"":2.0,""readiness.ctl_weight"":0.05,""readiness.tsb_weight"":0.1}",0.05,0.1,0.9,1.1,0.75,0.3,1.0,2.0,0.15,0.5,"[""activity""]","[0.7,0.8,0.9,1.0,1.1,1.2]","[0.2,0.4,0.6,0.8,1.0,1.2]","[""linear"",""exponential""]","[{""acute_trimp_col"":""decayedTrimpBefore"",""fatigue_state"":""decayed"",""label"":""decayed TRIMP""},{""acute_trimp_col"":""cumTrimpBefore"",""fatigue_state"":""cumulative"",""label"":""cumulative TRIMP""}]"
24,042_low_ref_clip_refine_hrr_reference_0_6_hrr_min_factor_0_25_hrr_max_factor_1_4_trimp_scale_2_decay_lam,low_ref_clip_refine,hrr_reference_0_6_hrr_min_factor_0_25_hrr_max_factor_1_4_trimp_scale_2_decay_lambda_0_15,success,LOO refinement around the lower-reference clip-surface runner-up.,Stage 3 HRR speed ratio LOO,4,11.678430403809834,10.237025262518351,18.127650795312388,8.99772700053277,0.9768695767561215,2.0120762197867434,"{""fitting.enabled_objectives"":[""activity""],""fitting.fatigue_models"":[""linear"",""exponential""],""fitting.hrr_trimp_alpha_grid"":[0.7,0.8,0.9,1.0,1.1,1.2],""fitting.hrr_trimp_kappa_grid"":[0.2,0.4,0.6,0.8,1.0,1.2],""fitting.stage3_fatigue_states"":[{""acute_trimp_col"":""decayedTrimpBefore"",""fatigue_state"":""decayed"",""label"":""decayed TRIMP""},{""acute_trimp_col"":""cumTrimpBefore"",""fatigue_state"":""cumulative"",""label"":""cumulative TRIMP""}],""fitting.validation_modes"":[""in_sample"",""loo""],""physiology.decay_lambda"":0.15,""physiology.hrr_max_factor"":1.4,""physiology.hrr_min_factor"":0.25,""physiology.hrr_reference"":0.6,""physiology.min_fatigue_factor"":0.5,""physiology.trimp_scale"":2.0,""readiness.ctl_weight"":0.05,""readiness.tsb_weight"":0.1}",0.05,0.1,0.9,1.1,0.6,0.25,1.4,2.0,0.15,0.5,"[""activity""]","[0.7,0.8,0.9,1.0,1.1,1.2]","[0.2,0.4,0.6,0.8,1.0,1.2]","[""linear"",""exponential""]","[{""acute_trimp_col"":""decayedTrimpBefore"",""fatigue_state"":""decayed"",""label"":""decayed TRIMP""},{""acute_trimp_col"":""cumTrimpBefore"",""fatigue_state"":""cumulative"",""label"":""cumulative TRIMP""}]"
25,002_boundary_refined_anchors_wide_rank3_ref085_scale1_decay010,boundary_refined_anchors,wide_rank3_ref085_scale1_decay010,success,Boundary-wide winner anchors before the LOO refinement.,Stage 3 HRR speed ratio LOO,4,11.74957377935892,10.281682361381328,20.626553762291014,8.935759482797154,0.9769165720517023,1.4312809399277988,"{""fitting.enabled_objectives"":[""activity""],""fitting.fatigue_models"":[""linear"",""exponential""],""fitting.hrr_trimp_alpha_grid"":[0.7,0.8,0.9,1.0,1.1,1.2],""fitting.hrr_trimp_kappa_grid"":[0.2,0.4,0.6,0.8,1.0,1.2],""fitting.stage3_fatigue_states"":[{""acute_trimp_col"":""decayedTrimpBefore"",""fatigue_state"":""decayed"",""label"":""decayed TRIMP""},{""acute_trimp_col"":""cumTrimpBefore"",""fatigue_state"":""cumulative"",""label"":""cumulative TRIMP""}],""fitting.validation_modes"":[""in_sample"",""loo""],""physiology.decay_lambda"":0.1,""physiology.hrr_max_factor"":1.0,""physiology.hrr_min_factor"":0.3,""physiology.hrr_reference"":0.85,""physiology.min_fatigue_factor"":0.5,""physiology.trimp_scale"":1.0,""readiness.ctl_weight"":0.05,""readiness.tsb_weight"":0.1}",0.05,0.1,0.9,1.1,0.85,0.3,1.0,1.0,0.1,0.5,"[""activity""]","[0.7,0.8,0.9,1.0,1.1,1.2]","[0.2,0.4,0.6,0.8,1.0,1.2]","[""linear"",""exponential""]","[{""acute_trimp_col"":""decayedTrimpBefore"",""fatigue_state"":""decayed"",""label"":""decayed TRIMP""},{""acute_trimp_col"":""cumTrimpBefore"",""fatigue_state"":""cumulative"",""label"":""cumulative TRIMP""}]"
26,017_high_ref_low_trimp_refine_hrr_reference_0_85_trimp_scale_1_decay_lambda_0_1,high_ref_low_trimp_refine,hrr_reference_0_85_trimp_scale_1_decay_lambda_0_1,success,"LOO refinement around the high-reference, very-low-TRIMP wide winner.",Stage 3 HRR speed ratio LOO,4,11.74957377935892,10.281682361381328,20.626553762291014,8.935759482797154,0.9769165720517023,1.4312809399277988,"{""fitting.enabled_objectives"":[""activity""],""fitting.fatigue_models"":[""linear"",""exponential""],""fitting.hrr_trimp_alpha_grid"":[0.7,0.8,0.9,1.0,1.1,1.2],""fitting.hrr_trimp_kappa_grid"":[0.2,0.4,0.6,0.8,1.0,1.2],""fitting.stage3_fatigue_states"":[{""acute_trimp_col"":""decayedTrimpBefore"",""fatigue_state"":""decayed"",""label"":""decayed TRIMP""},{""acute_trimp_col"":""cumTrimpBefore"",""fatigue_state"":""cumulative"",""label"":""cumulative TRIMP""}],""fitting.validation_modes"":[""in_sample"",""loo""],""physiology.decay_lambda"":0.1,""physiology.hrr_max_factor"":1.0,""physiology.hrr_min_factor"":0.3,""physiology.hrr_reference"":0.85,""physiology.min_fatigue_factor"":0.5,""physiology.trimp_scale"":1.0,""readiness.ctl_weight"":0.05,""readiness.tsb_weight"":0.1}",0.05,0.1,0.9,1.1,0.85,0.3,1.0,1.0,0.1,0.5,"[""activity""]","[0.7,0.8,0.9,1.0,1.1,1.2]","[0.2,0.4,0.6,0.8,1.0,1.2]","[""linear"",""exponential""]","[{""acute_trimp_col"":""decayedTrimpBefore"",""fatigue_state"":""decayed"",""label"":""decayed TRIMP""},{""acute_trimp_col"":""cumTrimpBefore"",""fatigue_state"":""cumulative"",""label"":""cumulative TRIMP""}]"
27,019_high_ref_low_trimp_refine_hrr_reference_0_85_trimp_scale_1_decay_lambda_0_35,high_ref_low_trimp_refine,hrr_reference_0_85_trimp_scale_1_decay_lambda_0_35,success,"LOO refinement around the high-reference, very-low-TRIMP wide winner.",Stage 3 HRR speed ratio LOO,4,11.773230557390606,10.660791634263447,21.068350837040235,9.15260140389742,0.9797574827611417,2.988773637684327,"{""fitting.enabled_objectives"":[""activity""],""fitting.fatigue_models"":[""linear"",""exponential""],""fitting.hrr_trimp_alpha_grid"":[0.7,0.8,0.9,1.0,1.1,1.2],""fitting.hrr_trimp_kappa_grid"":[0.2,0.4,0.6,0.8,1.0,1.2],""fitting.stage3_fatigue_states"":[{""acute_trimp_col"":""decayedTrimpBefore"",""fatigue_state"":""decayed"",""label"":""decayed TRIMP""},{""acute_trimp_col"":""cumTrimpBefore"",""fatigue_state"":""cumulative"",""label"":""cumulative TRIMP""}],""fitting.validation_modes"":[""in_sample"",""loo""],""physiology.decay_lambda"":0.35,""physiology.hrr_max_factor"":1.0,""physiology.hrr_min_factor"":0.3,""physiology.hrr_reference"":0.85,""physiology.min_fatigue_factor"":0.5,""physiology.trimp_scale"":1.0,""readiness.ctl_weight"":0.05,""readiness.tsb_weight"":0.1}",0.05,0.1,0.9,1.1,0.85,0.3,1.0,1.0,0.35,0.5,"[""activity""]","[0.7,0.8,0.9,1.0,1.1,1.2]","[0.2,0.4,0.6,0.8,1.0,1.2]","[""linear"",""exponential""]","[{""acute_trimp_col"":""decayedTrimpBefore"",""fatigue_state"":""decayed"",""label"":""decayed TRIMP""},{""acute_trimp_col"":""cumTrimpBefore"",""fatigue_state"":""cumulative"",""label"":""cumulative TRIMP""}]"
28,027_high_ref_low_trimp_refine_hrr_reference_0_9_trimp_scale_1_decay_lambda_0_25,high_ref_low_trimp_refine,hrr_reference_0_9_trimp_scale_1_decay_lambda_0_25,success,"LOO refinement around the high-reference, very-low-TRIMP wide winner.",Stage 3 HRR speed ratio LOO,4,11.778602948645942,10.454582490991509,20.239802614360652,8.783845692270392,0.9778416755942061,1.5799876195724303,"{""fitting.enabled_objectives"":[""activity""],""fitting.fatigue_models"":[""linear"",""exponential""],""fitting.hrr_trimp_alpha_grid"":[0.7,0.8,0.9,1.0,1.1,1.2],""fitting.hrr_trimp_kappa_grid"":[0.2,0.4,0.6,0.8,1.0,1.2],""fitting.stage3_fatigue_states"":[{""acute_trimp_col"":""decayedTrimpBefore"",""fatigue_state"":""decayed"",""label"":""decayed TRIMP""},{""acute_trimp_col"":""cumTrimpBefore"",""fatigue_state"":""cumulative"",""label"":""cumulative TRIMP""}],""fitting.validation_modes"":[""in_sample"",""loo""],""physiology.decay_lambda"":0.25,""physiology.hrr_max_factor"":1.0,""physiology.hrr_min_factor"":0.3,""physiology.hrr_reference"":0.9,""physiology.min_fatigue_factor"":0.5,""physiology.trimp_scale"":1.0,""readiness.ctl_weight"":0.05,""readiness.tsb_weight"":0.1}",0.05,0.1,0.9,1.1,0.9,0.3,1.0,1.0,0.25,0.5,"[""activity""]","[0.7,0.8,0.9,1.0,1.1,1.2]","[0.2,0.4,0.6,0.8,1.0,1.2]","[""linear"",""exponential""]","[{""acute_trimp_col"":""decayedTrimpBefore"",""fatigue_state"":""decayed"",""label"":""decayed TRIMP""},{""acute_trimp_col"":""cumTrimpBefore"",""fatigue_state"":""cumulative"",""label"":""cumulative TRIMP""}]"
29,056_low_ref_clip_refine_hrr_reference_0_7_hrr_min_factor_0_4_hrr_max_factor_1_2_trimp_scale_2_decay_lamb,low_ref_clip_refine,hrr_reference_0_7_hrr_min_factor_0_4_hrr_max_factor_1_2_trimp_scale_2_decay_lambda_0_15,success,LOO refinement around the lower-reference clip-surface runner-up.,Stage 3 HRR speed ratio LOO,4,11.7822180382909,12.058798403324202,18.740212718063447,9.228588645135341,0.9804710304227836,4.517112627410475,"{""fitting.enabled_objectives"":[""activity""],""fitting.fatigue_models"":[""linear"",""exponential""],""fitting.hrr_trimp_alpha_grid"":[0.7,0.8,0.9,1.0,1.1,1.2],""fitting.hrr_trimp_kappa_grid"":[0.2,0.4,0.6,0.8,1.0,1.2],""fitting.stage3_fatigue_states"":[{""acute_trimp_col"":""decayedTrimpBefore"",""fatigue_state"":""decayed"",""label"":""decayed TRIMP""},{""acute_trimp_col"":""cumTrimpBefore"",""fatigue_state"":""cumulative"",""label"":""cumulative TRIMP""}],""fitting.validation_modes"":[""in_sample"",""loo""],""physiology.decay_lambda"":0.15,""physiology.hrr_max_factor"":1.2,""physiology.hrr_min_factor"":0.4,""physiology.hrr_reference"":0.7,""physiology.min_fatigue_factor"":0.5,""physiology.trimp_scale"":2.0,""readiness.ctl_weight"":0.05,""readiness.tsb_weight"":0.1}",0.05,0.1,0.9,1.1,0.7,0.4,1.2,2.0,0.15,0.5,"[""activity""]","[0.7,0.8,0.9,1.0,1.1,1.2]","[0.2,0.4,0.6,0.8,1.0,1.2]","[""linear"",""exponential""]","[{""acute_trimp_col"":""decayedTrimpBefore"",""fatigue_state"":""decayed"",""label"":""decayed TRIMP""},{""acute_trimp_col"":""cumTrimpBefore"",""fatigue_state"":""cumulative"",""label"":""cumulative TRIMP""}]"
30,053_low_ref_clip_refine_hrr_reference_0_7_hrr_min_factor_0_25_hrr_max_factor_1_2_trimp_scale_2_decay_lam,low_ref_clip_refine,hrr_reference_0_7_hrr_min_factor_0_25_hrr_max_factor_1_2_trimp_scale_2_decay_lambda_0_15,success,LOO refinement around the lower-reference clip-surface runner-up.,Stage 3 HRR speed ratio LOO,4,11.85326727863698,12.130391087465437,18.8812243111653,9.443840945684125,0.9799560664947908,3.5963998051707087,"{""fitting.enabled_objectives"":[""activity""],""fitting.fatigue_models"":[""linear"",""exponential""],""fitting.hrr_trimp_alpha_grid"":[0.7,0.8,0.9,1.0,1.1,1.2],""fitting.hrr_trimp_kappa_grid"":[0.2,0.4,0.6,0.8,1.0,1.2],""fitting.stage3_fatigue_states"":[{""acute_trimp_col"":""decayedTrimpBefore"",""fatigue_state"":""decayed"",""label"":""decayed TRIMP""},{""acute_trimp_col"":""cumTrimpBefore"",""fatigue_state"":""cumulative"",""label"":""cumulative TRIMP""}],""fitting.validation_modes"":[""in_sample"",""loo""],""physiology.decay_lambda"":0.15,""physiology.hrr_max_factor"":1.2,""physiology.hrr_min_factor"":0.25,""physiology.hrr_reference"":0.7,""physiology.min_fatigue_factor"":0.5,""physiology.trimp_scale"":2.0,""readiness.ctl_weight"":0.05,""readiness.tsb_weight"":0.1}",0.05,0.1,0.9,1.1,0.7,0.25,1.2,2.0,0.15,0.5,"[""activity""]","[0.7,0.8,0.9,1.0,1.1,1.2]","[0.2,0.4,0.6,0.8,1.0,1.2]","[""linear"",""exponential""]","[{""acute_trimp_col"":""decayedTrimpBefore"",""fatigue_state"":""decayed"",""label"":""decayed TRIMP""},{""acute_trimp_col"":""cumTrimpBefore"",""fatigue_state"":""cumulative"",""label"":""cumulative TRIMP""}]"
31,057_low_ref_clip_refine_hrr_reference_0_7_hrr_min_factor_0_4_hrr_max_factor_1_4_trimp_scale_2_decay_lamb,low_ref_clip_refine,hrr_reference_0_7_hrr_min_factor_0_4_hrr_max_factor_1_4_trimp_scale_2_decay_lambda_0_15,success,LOO refinement around the lower-reference clip-surface runner-up.,Stage 3 HRR speed ratio LOO,4,11.854581608520498,12.141058323464566,18.629345023383127,9.385399540984366,0.9804248436406844,4.623776661553798,"{""fitting.enabled_objectives"":[""activity""],""fitting.fatigue_models"":[""linear"",""exponential""],""fitting.hrr_trimp_alpha_grid"":[0.7,0.8,0.9,1.0,1.1,1.2],""fitting.hrr_trimp_kappa_grid"":[0.2,0.4,0.6,0.8,1.0,1.2],""fitting.stage3_fatigue_states"":[{""acute_trimp_col"":""decayedTrimpBefore"",""fatigue_state"":""decayed"",""label"":""decayed TRIMP""},{""acute_trimp_col"":""cumTrimpBefore"",""fatigue_state"":""cumulative"",""label"":""cumulative TRIMP""}],""fitting.validation_modes"":[""in_sample"",""loo""],""physiology.decay_lambda"":0.15,""physiology.hrr_max_factor"":1.4,""physiology.hrr_min_factor"":0.4,""physiology.hrr_reference"":0.7,""physiology.min_fatigue_factor"":0.5,""physiology.trimp_scale"":2.0,""readiness.ctl_weight"":0.05,""readiness.tsb_weight"":0.1}",0.05,0.1,0.9,1.1,0.7,0.4,1.4,2.0,0.15,0.5,"[""activity""]","[0.7,0.8,0.9,1.0,1.1,1.2]","[0.2,0.4,0.6,0.8,1.0,1.2]","[""linear"",""exponential""]","[{""acute_trimp_col"":""decayedTrimpBefore"",""fatigue_state"":""decayed"",""label"":""decayed TRIMP""},{""acute_trimp_col"":""cumTrimpBefore"",""fatigue_state"":""cumulative"",""label"":""cumulative TRIMP""}]"
32,058_low_ref_clip_refine_hrr_reference_0_7_hrr_min_factor_0_4_hrr_max_factor_1_8_trimp_scale_2_decay_lamb,low_ref_clip_refine,hrr_reference_0_7_hrr_min_factor_0_4_hrr_max_factor_1_8_trimp_scale_2_decay_lambda_0_15,success,LOO refinement around the lower-reference clip-surface runner-up.,Stage 3 HRR speed ratio LOO,4,11.854581608520498,12.141058323464566,18.629345023383127,9.385399540984366,0.9804248436406844,4.623776661553798,"{""fitting.enabled_objectives"":[""activity""],""fitting.fatigue_models"":[""linear"",""exponential""],""fitting.hrr_trimp_alpha_grid"":[0.7,0.8,0.9,1.0,1.1,1.2],""fitting.hrr_trimp_kappa_grid"":[0.2,0.4,0.6,0.8,1.0,1.2],""fitting.stage3_fatigue_states"":[{""acute_trimp_col"":""decayedTrimpBefore"",""fatigue_state"":""decayed"",""label"":""decayed TRIMP""},{""acute_trimp_col"":""cumTrimpBefore"",""fatigue_state"":""cumulative"",""label"":""cumulative TRIMP""}],""fitting.validation_modes"":[""in_sample"",""loo""],""physiology.decay_lambda"":0.15,""physiology.hrr_max_factor"":1.8,""physiology.hrr_min_factor"":0.4,""physiology.hrr_reference"":0.7,""physiology.min_fatigue_factor"":0.5,""physiology.trimp_scale"":2.0,""readiness.ctl_weight"":0.05,""readiness.tsb_weight"":0.1}",0.05,0.1,0.9,1.1,0.7,0.4,1.8,2.0,0.15,0.5,"[""activity""]","[0.7,0.8,0.9,1.0,1.1,1.2]","[0.2,0.4,0.6,0.8,1.0,1.2]","[""linear"",""exponential""]","[{""acute_trimp_col"":""decayedTrimpBefore"",""fatigue_state"":""decayed"",""label"":""decayed TRIMP""},{""acute_trimp_col"":""cumTrimpBefore"",""fatigue_state"":""cumulative"",""label"":""cumulative TRIMP""}]"
33,014_high_ref_low_trimp_refine_hrr_reference_0_85_trimp_scale_0_75_decay_lambda_0_1,high_ref_low_trimp_refine,hrr_reference_0_85_trimp_scale_0_75_decay_lambda_0_1,success,"LOO refinement around the high-reference, very-low-TRIMP wide winner.",Stage 3 HRR speed ratio LOO,4,11.905817901868383,11.063075329887399,19.485324170512957,9.108247363972477,0.9790623541887835,2.809898499093413,"{""fitting.enabled_objectives"":[""activity""],""fitting.fatigue_models"":[""linear"",""exponential""],""fitting.hrr_trimp_alpha_grid"":[0.7,0.8,0.9,1.0,1.1,1.2],""fitting.hrr_trimp_kappa_grid"":[0.2,0.4,0.6,0.8,1.0,1.2],""fitting.stage3_fatigue_states"":[{""acute_trimp_col"":""decayedTrimpBefore"",""fatigue_state"":""decayed"",""label"":""decayed TRIMP""},{""acute_trimp_col"":""cumTrimpBefore"",""fatigue_state"":""cumulative"",""label"":""cumulative TRIMP""}],""fitting.validation_modes"":[""in_sample"",""loo""],""physiology.decay_lambda"":0.1,""physiology.hrr_max_factor"":1.0,""physiology.hrr_min_factor"":0.3,""physiology.hrr_reference"":0.85,""physiology.min_fatigue_factor"":0.5,""physiology.trimp_scale"":0.75,""readiness.ctl_weight"":0.05,""readiness.tsb_weight"":0.1}",0.05,0.1,0.9,1.1,0.85,0.3,1.0,0.75,0.1,0.5,"[""activity""]","[0.7,0.8,0.9,1.0,1.1,1.2]","[0.2,0.4,0.6,0.8,1.0,1.2]","[""linear"",""exponential""]","[{""acute_trimp_col"":""decayedTrimpBefore"",""fatigue_state"":""decayed"",""label"":""decayed TRIMP""},{""acute_trimp_col"":""cumTrimpBefore"",""fatigue_state"":""cumulative"",""label"":""cumulative TRIMP""}]"
34,026_high_ref_low_trimp_refine_hrr_reference_0_9_trimp_scale_1_decay_lambda_0_1,high_ref_low_trimp_refine,hrr_reference_0_9_trimp_scale_1_decay_lambda_0_1,success,"LOO refinement around the high-reference, very-low-TRIMP wide winner.",Stage 3 HRR speed ratio LOO,4,11.913570007411804,10.401399108367839,20.239802614360652,9.347238337783942,0.9751668417316528,1.3839431952492247,"{""fitting.enabled_objectives"":[""activity""],""fitting.fatigue_models"":[""linear"",""exponential""],""fitting.hrr_trimp_alpha_grid"":[0.7,0.8,0.9,1.0,1.1,1.2],""fitting.hrr_trimp_kappa_grid"":[0.2,0.4,0.6,0.8,1.0,1.2],""fitting.stage3_fatigue_states"":[{""acute_trimp_col"":""decayedTrimpBefore"",""fatigue_state"":""decayed"",""label"":""decayed TRIMP""},{""acute_trimp_col"":""cumTrimpBefore"",""fatigue_state"":""cumulative"",""label"":""cumulative TRIMP""}],""fitting.validation_modes"":[""in_sample"",""loo""],""physiology.decay_lambda"":0.1,""physiology.hrr_max_factor"":1.0,""physiology.hrr_min_factor"":0.3,""physiology.hrr_reference"":0.9,""physiology.min_fatigue_factor"":0.5,""physiology.trimp_scale"":1.0,""readiness.ctl_weight"":0.05,""readiness.tsb_weight"":0.1}",0.05,0.1,0.9,1.1,0.9,0.3,1.0,1.0,0.1,0.5,"[""activity""]","[0.7,0.8,0.9,1.0,1.1,1.2]","[0.2,0.4,0.6,0.8,1.0,1.2]","[""linear"",""exponential""]","[{""acute_trimp_col"":""decayedTrimpBefore"",""fatigue_state"":""decayed"",""label"":""decayed TRIMP""},{""acute_trimp_col"":""cumTrimpBefore"",""fatigue_state"":""cumulative"",""label"":""cumulative TRIMP""}]"
35,025_high_ref_low_trimp_refine_hrr_reference_0_9_trimp_scale_0_75_decay_lambda_0_35,high_ref_low_trimp_refine,hrr_reference_0_9_trimp_scale_0_75_decay_lambda_0_35,success,"LOO refinement around the high-reference, very-low-TRIMP wide winner.",Stage 3 HRR speed ratio LOO,4,11.940644707579079,11.207004683258225,20.36320134704555,9.357983374783892,0.9799694430171004,2.232426191057801,"{""fitting.enabled_objectives"":[""activity""],""fitting.fatigue_models"":[""linear"",""exponential""],""fitting.hrr_trimp_alpha_grid"":[0.7,0.8,0.9,1.0,1.1,1.2],""fitting.hrr_trimp_kappa_grid"":[0.2,0.4,0.6,0.8,1.0,1.2],""fitting.stage3_fatigue_states"":[{""acute_trimp_col"":""decayedTrimpBefore"",""fatigue_state"":""decayed"",""label"":""decayed TRIMP""},{""acute_trimp_col"":""cumTrimpBefore"",""fatigue_state"":""cumulative"",""label"":""cumulative TRIMP""}],""fitting.validation_modes"":[""in_sample"",""loo""],""physiology.decay_lambda"":0.35,""physiology.hrr_max_factor"":1.0,""physiology.hrr_min_factor"":0.3,""physiology.hrr_reference"":0.9,""physiology.min_fatigue_factor"":0.5,""physiology.trimp_scale"":0.75,""readiness.ctl_weight"":0.05,""readiness.tsb_weight"":0.1}",0.05,0.1,0.9,1.1,0.9,0.3,1.0,0.75,0.35,0.5,"[""activity""]","[0.7,0.8,0.9,1.0,1.1,1.2]","[0.2,0.4,0.6,0.8,1.0,1.2]","[""linear"",""exponential""]","[{""acute_trimp_col"":""decayedTrimpBefore"",""fatigue_state"":""decayed"",""label"":""decayed TRIMP""},{""acute_trimp_col"":""cumTrimpBefore"",""fatigue_state"":""cumulative"",""label"":""cumulative TRIMP""}]"
36,054_low_ref_clip_refine_hrr_reference_0_7_hrr_min_factor_0_25_hrr_max_factor_1_4_trimp_scale_2_decay_lam,low_ref_clip_refine,hrr_reference_0_7_hrr_min_factor_0_25_hrr_max_factor_1_4_trimp_scale_2_decay_lambda_0_15,success,LOO refinement around the lower-reference clip-surface runner-up.,Stage 3 HRR speed ratio LOO,4,11.947229839049244,12.255848987971131,18.770356616484985,9.475188541585227,0.9801611950821789,4.7398373280115305,"{""fitting.enabled_objectives"":[""activity""],""fitting.fatigue_models"":[""linear"",""exponential""],""fitting.hrr_trimp_alpha_grid"":[0.7,0.8,0.9,1.0,1.1,1.2],""fitting.hrr_trimp_kappa_grid"":[0.2,0.4,0.6,0.8,1.0,1.2],""fitting.stage3_fatigue_states"":[{""acute_trimp_col"":""decayedTrimpBefore"",""fatigue_state"":""decayed"",""label"":""decayed TRIMP""},{""acute_trimp_col"":""cumTrimpBefore"",""fatigue_state"":""cumulative"",""label"":""cumulative TRIMP""}],""fitting.validation_modes"":[""in_sample"",""loo""],""physiology.decay_lambda"":0.15,""physiology.hrr_max_factor"":1.4,""physiology.hrr_min_factor"":0.25,""physiology.hrr_reference"":0.7,""physiology.min_fatigue_factor"":0.5,""physiology.trimp_scale"":2.0,""readiness.ctl_weight"":0.05,""readiness.tsb_weight"":0.1}",0.05,0.1,0.9,1.1,0.7,0.25,1.4,2.0,0.15,0.5,"[""activity""]","[0.7,0.8,0.9,1.0,1.1,1.2]","[0.2,0.4,0.6,0.8,1.0,1.2]","[""linear"",""exponential""]","[{""acute_trimp_col"":""decayedTrimpBefore"",""fatigue_state"":""decayed"",""label"":""decayed TRIMP""},{""acute_trimp_col"":""cumTrimpBefore"",""fatigue_state"":""cumulative"",""label"":""cumulative TRIMP""}]"
37,055_low_ref_clip_refine_hrr_reference_0_7_hrr_min_factor_0_25_hrr_max_factor_1_8_trimp_scale_2_decay_lam,low_ref_clip_refine,hrr_reference_0_7_hrr_min_factor_0_25_hrr_max_factor_1_8_trimp_scale_2_decay_lambda_0_15,success,LOO refinement around the lower-reference clip-surface runner-up.,Stage 3 HRR speed ratio LOO,4,11.947229839049244,12.255848987971131,18.770356616484985,9.475188541585227,0.9801611950821789,4.7398373280115305,"{""fitting.enabled_objectives"":[""activity""],""fitting.fatigue_models"":[""linear"",""exponential""],""fitting.hrr_trimp_alpha_grid"":[0.7,0.8,0.9,1.0,1.1,1.2],""fitting.hrr_trimp_kappa_grid"":[0.2,0.4,0.6,0.8,1.0,1.2],""fitting.stage3_fatigue_states"":[{""acute_trimp_col"":""decayedTrimpBefore"",""fatigue_state"":""decayed"",""label"":""decayed TRIMP""},{""acute_trimp_col"":""cumTrimpBefore"",""fatigue_state"":""cumulative"",""label"":""cumulative TRIMP""}],""fitting.validation_modes"":[""in_sample"",""loo""],""physiology.decay_lambda"":0.15,""physiology.hrr_max_factor"":1.8,""physiology.hrr_min_factor"":0.25,""physiology.hrr_reference"":0.7,""physiology.min_fatigue_factor"":0.5,""physiology.trimp_scale"":2.0,""readiness.ctl_weight"":0.05,""readiness.tsb_weight"":0.1}",0.05,0.1,0.9,1.1,0.7,0.25,1.8,2.0,0.15,0.5,"[""activity""]","[0.7,0.8,0.9,1.0,1.1,1.2]","[0.2,0.4,0.6,0.8,1.0,1.2]","[""linear"",""exponential""]","[{""acute_trimp_col"":""decayedTrimpBefore"",""fatigue_state"":""decayed"",""label"":""decayed TRIMP""},{""acute_trimp_col"":""cumTrimpBefore"",""fatigue_state"":""cumulative"",""label"":""cumulative TRIMP""}]"
38,013_high_ref_low_trimp_refine_hrr_reference_0_8_trimp_scale_1_5_decay_lambda_0_35,high_ref_low_trimp_refine,hrr_reference_0_8_trimp_scale_1_5_decay_lambda_0_35,success,"LOO refinement around the high-reference, very-low-TRIMP wide winner.",Stage 3 HRR speed ratio LOO,4,11.948668944829608,10.30248869123444,21.93200889339209,9.334294825075464,0.9775978263229187,3.1190158806343895,"{""fitting.enabled_objectives"":[""activity""],""fitting.fatigue_models"":[""linear"",""exponential""],""fitting.hrr_trimp_alpha_grid"":[0.7,0.8,0.9,1.0,1.1,1.2],""fitting.hrr_trimp_kappa_grid"":[0.2,0.4,0.6,0.8,1.0,1.2],""fitting.stage3_fatigue_states"":[{""acute_trimp_col"":""decayedTrimpBefore"",""fatigue_state"":""decayed"",""label"":""decayed TRIMP""},{""acute_trimp_col"":""cumTrimpBefore"",""fatigue_state"":""cumulative"",""label"":""cumulative TRIMP""}],""fitting.validation_modes"":[""in_sample"",""loo""],""physiology.decay_lambda"":0.35,""physiology.hrr_max_factor"":1.0,""physiology.hrr_min_factor"":0.3,""physiology.hrr_reference"":0.8,""physiology.min_fatigue_factor"":0.5,""physiology.trimp_scale"":1.5,""readiness.ctl_weight"":0.05,""readiness.tsb_weight"":0.1}",0.05,0.1,0.9,1.1,0.8,0.3,1.0,1.5,0.35,0.5,"[""activity""]","[0.7,0.8,0.9,1.0,1.1,1.2]","[0.2,0.4,0.6,0.8,1.0,1.2]","[""linear"",""exponential""]","[{""acute_trimp_col"":""decayedTrimpBefore"",""fatigue_state"":""decayed"",""label"":""decayed TRIMP""},{""acute_trimp_col"":""cumTrimpBefore"",""fatigue_state"":""cumulative"",""label"":""cumulative TRIMP""}]"
39,016_high_ref_low_trimp_refine_hrr_reference_0_85_trimp_scale_0_75_decay_lambda_0_35,high_ref_low_trimp_refine,hrr_reference_0_85_trimp_scale_0_75_decay_lambda_0_35,success,"LOO refinement around the high-reference, very-low-TRIMP wide winner.",Stage 3 HRR speed ratio LOO,4,11.955157818290603,10.545352269124367,20.7181299577279,8.91386130770987,0.9768105860049189,3.2900882782788994,"{""fitting.enabled_objectives"":[""activity""],""fitting.fatigue_models"":[""linear"",""exponential""],""fitting.hrr_trimp_alpha_grid"":[0.7,0.8,0.9,1.0,1.1,1.2],""fitting.hrr_trimp_kappa_grid"":[0.2,0.4,0.6,0.8,1.0,1.2],""fitting.stage3_fatigue_states"":[{""acute_trimp_col"":""decayedTrimpBefore"",""fatigue_state"":""decayed"",""label"":""decayed TRIMP""},{""acute_trimp_col"":""cumTrimpBefore"",""fatigue_state"":""cumulative"",""label"":""cumulative TRIMP""}],""fitting.validation_modes"":[""in_sample"",""loo""],""physiology.decay_lambda"":0.35,""physiology.hrr_max_factor"":1.0,""physiology.hrr_min_factor"":0.3,""physiology.hrr_reference"":0.85,""physiology.min_fatigue_factor"":0.5,""physiology.trimp_scale"":0.75,""readiness.ctl_weight"":0.05,""readiness.tsb_weight"":0.1}",0.05,0.1,0.9,1.1,0.85,0.3,1.0,0.75,0.35,0.5,"[""activity""]","[0.7,0.8,0.9,1.0,1.1,1.2]","[0.2,0.4,0.6,0.8,1.0,1.2]","[""linear"",""exponential""]","[{""acute_trimp_col"":""decayedTrimpBefore"",""fatigue_state"":""decayed"",""label"":""decayed TRIMP""},{""acute_trimp_col"":""cumTrimpBefore"",""fatigue_state"":""cumulative"",""label"":""cumulative TRIMP""}]"
40,024_high_ref_low_trimp_refine_hrr_reference_0_9_trimp_scale_0_75_decay_lambda_0_25,high_ref_low_trimp_refine,hrr_reference_0_9_trimp_scale_0_75_decay_lambda_0_25,success,"LOO refinement around the high-reference, very-low-TRIMP wide winner.",Stage 3 HRR speed ratio LOO,4,11.977944063815517,11.695276827106836,20.41173055559369,9.314520280978813,0.9794030157920486,2.1957697194788457,"{""fitting.enabled_objectives"":[""activity""],""fitting.fatigue_models"":[""linear"",""exponential""],""fitting.hrr_trimp_alpha_grid"":[0.7,0.8,0.9,1.0,1.1,1.2],""fitting.hrr_trimp_kappa_grid"":[0.2,0.4,0.6,0.8,1.0,1.2],""fitting.stage3_fatigue_states"":[{""acute_trimp_col"":""decayedTrimpBefore"",""fatigue_state"":""decayed"",""label"":""decayed TRIMP""},{""acute_trimp_col"":""cumTrimpBefore"",""fatigue_state"":""cumulative"",""label"":""cumulative TRIMP""}],""fitting.validation_modes"":[""in_sample"",""loo""],""physiology.decay_lambda"":0.25,""physiology.hrr_max_factor"":1.0,""physiology.hrr_min_factor"":0.3,""physiology.hrr_reference"":0.9,""physiology.min_fatigue_factor"":0.5,""physiology.trimp_scale"":0.75,""readiness.ctl_weight"":0.05,""readiness.tsb_weight"":0.1}",0.05,0.1,0.9,1.1,0.9,0.3,1.0,0.75,0.25,0.5,"[""activity""]","[0.7,0.8,0.9,1.0,1.1,1.2]","[0.2,0.4,0.6,0.8,1.0,1.2]","[""linear"",""exponential""]","[{""acute_trimp_col"":""decayedTrimpBefore"",""fatigue_state"":""decayed"",""label"":""decayed TRIMP""},{""acute_trimp_col"":""cumTrimpBefore"",""fatigue_state"":""cumulative"",""label"":""cumulative TRIMP""}]"
41,012_high_ref_low_trimp_refine_hrr_reference_0_8_trimp_scale_1_5_decay_lambda_0_25,high_ref_low_trimp_refine,hrr_reference_0_8_trimp_scale_1_5_decay_lambda_0_25,success,"LOO refinement around the high-reference, very-low-TRIMP wide winner.",Stage 3 HRR speed ratio LOO,4,11.988685404064002,10.706733878220987,22.023308823696546,8.997212696778911,0.9769711437034209,3.025048660686971,"{""fitting.enabled_objectives"":[""activity""],""fitting.fatigue_models"":[""linear"",""exponential""],""fitting.hrr_trimp_alpha_grid"":[0.7,0.8,0.9,1.0,1.1,1.2],""fitting.hrr_trimp_kappa_grid"":[0.2,0.4,0.6,0.8,1.0,1.2],""fitting.stage3_fatigue_states"":[{""acute_trimp_col"":""decayedTrimpBefore"",""fatigue_state"":""decayed"",""label"":""decayed TRIMP""},{""acute_trimp_col"":""cumTrimpBefore"",""fatigue_state"":""cumulative"",""label"":""cumulative TRIMP""}],""fitting.validation_modes"":[""in_sample"",""loo""],""physiology.decay_lambda"":0.25,""physiology.hrr_max_factor"":1.0,""physiology.hrr_min_factor"":0.3,""physiology.hrr_reference"":0.8,""physiology.min_fatigue_factor"":0.5,""physiology.trimp_scale"":1.5,""readiness.ctl_weight"":0.05,""readiness.tsb_weight"":0.1}",0.05,0.1,0.9,1.1,0.8,0.3,1.0,1.5,0.25,0.5,"[""activity""]","[0.7,0.8,0.9,1.0,1.1,1.2]","[0.2,0.4,0.6,0.8,1.0,1.2]","[""linear"",""exponential""]","[{""acute_trimp_col"":""decayedTrimpBefore"",""fatigue_state"":""decayed"",""label"":""decayed TRIMP""},{""acute_trimp_col"":""cumTrimpBefore"",""fatigue_state"":""cumulative"",""label"":""cumulative TRIMP""}]"
42,060_fatigue_state_refine_decayed_linear_only,fatigue_state_refine,decayed_linear_only,success,Keep the decayed-versus-cumulative comparison after decayed fatigue dominated the wide screen.,Stage 3 HRR speed ratio LOO,4,11.99767769517414,9.782540429293284,20.726793055617698,9.282639663627451,0.9772459158926403,3.9941520170124623,"{""fitting.enabled_objectives"":[""activity""],""fitting.fatigue_models"":[""linear""],""fitting.hrr_trimp_alpha_grid"":[0.7,0.8,0.9,1.0,1.1,1.2],""fitting.hrr_trimp_kappa_grid"":[0.2,0.4,0.6,0.8,1.0,1.2],""fitting.stage3_fatigue_states"":[{""acute_trimp_col"":""decayedTrimpBefore"",""fatigue_state"":""decayed"",""label"":""decayed TRIMP""}],""fitting.validation_modes"":[""in_sample"",""loo""],""physiology.decay_lambda"":0.25,""physiology.hrr_max_factor"":1.0,""physiology.hrr_min_factor"":0.3,""physiology.hrr_reference"":0.85,""physiology.min_fatigue_factor"":0.5,""physiology.trimp_scale"":1.0,""readiness.ctl_weight"":0.05,""readiness.tsb_weight"":0.1}",0.05,0.1,0.9,1.1,0.85,0.3,1.0,1.0,0.25,0.5,"[""activity""]","[0.7,0.8,0.9,1.0,1.1,1.2]","[0.2,0.4,0.6,0.8,1.0,1.2]","[""linear""]","[{""acute_trimp_col"":""decayedTrimpBefore"",""fatigue_state"":""decayed"",""label"":""decayed TRIMP""}]"
43,029_high_ref_low_trimp_refine_hrr_reference_0_9_trimp_scale_1_5_decay_lambda_0_1,high_ref_low_trimp_refine,hrr_reference_0_9_trimp_scale_1_5_decay_lambda_0_1,success,"LOO refinement around the high-reference, very-low-TRIMP wide winner.",Stage 3 HRR speed ratio LOO,4,12.003220764616092,10.943366512990401,21.15491984176127,8.88307565274624,0.9776654860859215,2.8436141120843335,"{""fitting.enabled_objectives"":[""activity""],""fitting.fatigue_models"":[""linear"",""exponential""],""fitting.hrr_trimp_alpha_grid"":[0.7,0.8,0.9,1.0,1.1,1.2],""fitting.hrr_trimp_kappa_grid"":[0.2,0.4,0.6,0.8,1.0,1.2],""fitting.stage3_fatigue_states"":[{""acute_trimp_col"":""decayedTrimpBefore"",""fatigue_state"":""decayed"",""label"":""decayed TRIMP""},{""acute_trimp_col"":""cumTrimpBefore"",""fatigue_state"":""cumulative"",""label"":""cumulative TRIMP""}],""fitting.validation_modes"":[""in_sample"",""loo""],""physiology.decay_lambda"":0.1,""physiology.hrr_max_factor"":1.0,""physiology.hrr_min_factor"":0.3,""physiology.hrr_reference"":0.9,""physiology.min_fatigue_factor"":0.5,""physiology.trimp_scale"":1.5,""readiness.ctl_weight"":0.05,""readiness.tsb_weight"":0.1}",0.05,0.1,0.9,1.1,0.9,0.3,1.0,1.5,0.1,0.5,"[""activity""]","[0.7,0.8,0.9,1.0,1.1,1.2]","[0.2,0.4,0.6,0.8,1.0,1.2]","[""linear"",""exponential""]","[{""acute_trimp_col"":""decayedTrimpBefore"",""fatigue_state"":""decayed"",""label"":""decayed TRIMP""},{""acute_trimp_col"":""cumTrimpBefore"",""fatigue_state"":""cumulative"",""label"":""cumulative TRIMP""}]"
44,023_high_ref_low_trimp_refine_hrr_reference_0_9_trimp_scale_0_75_decay_lambda_0_1,high_ref_low_trimp_refine,hrr_reference_0_9_trimp_scale_0_75_decay_lambda_0_1,success,"LOO refinement around the high-reference, very-low-TRIMP wide winner.",Stage 3 HRR speed ratio LOO,4,12.084091926979395,10.255722266223504,20.41173055559369,9.220781443079758,0.9747258915988777,2.4235514765844046,"{""fitting.enabled_objectives"":[""activity""],""fitting.fatigue_models"":[""linear"",""exponential""],""fitting.hrr_trimp_alpha_grid"":[0.7,0.8,0.9,1.0,1.1,1.2],""fitting.hrr_trimp_kappa_grid"":[0.2,0.4,0.6,0.8,1.0,1.2],""fitting.stage3_fatigue_states"":[{""acute_trimp_col"":""decayedTrimpBefore"",""fatigue_state"":""decayed"",""label"":""decayed TRIMP""},{""acute_trimp_col"":""cumTrimpBefore"",""fatigue_state"":""cumulative"",""label"":""cumulative TRIMP""}],""fitting.validation_modes"":[""in_sample"",""loo""],""physiology.decay_lambda"":0.1,""physiology.hrr_max_factor"":1.0,""physiology.hrr_min_factor"":0.3,""physiology.hrr_reference"":0.9,""physiology.min_fatigue_factor"":0.5,""physiology.trimp_scale"":0.75,""readiness.ctl_weight"":0.05,""readiness.tsb_weight"":0.1}",0.05,0.1,0.9,1.1,0.9,0.3,1.0,0.75,0.1,0.5,"[""activity""]","[0.7,0.8,0.9,1.0,1.1,1.2]","[0.2,0.4,0.6,0.8,1.0,1.2]","[""linear"",""exponential""]","[{""acute_trimp_col"":""decayedTrimpBefore"",""fatigue_state"":""decayed"",""label"":""decayed TRIMP""},{""acute_trimp_col"":""cumTrimpBefore"",""fatigue_state"":""cumulative"",""label"":""cumulative TRIMP""}]"
45,031_high_ref_low_trimp_refine_hrr_reference_0_9_trimp_scale_1_5_decay_lambda_0_35,high_ref_low_trimp_refine,hrr_reference_0_9_trimp_scale_1_5_decay_lambda_0_35,success,"LOO refinement around the high-reference, very-low-TRIMP wide winner.",Stage 3 HRR speed ratio LOO,4,12.091907034790037,10.56048281208999,21.815064052975956,9.166336456701863,0.9774478259768545,3.0548325226733857,"{""fitting.enabled_objectives"":[""activity""],""fitting.fatigue_models"":[""linear"",""exponential""],""fitting.hrr_trimp_alpha_grid"":[0.7,0.8,0.9,1.0,1.1,1.2],""fitting.hrr_trimp_kappa_grid"":[0.2,0.4,0.6,0.8,1.0,1.2],""fitting.stage3_fatigue_states"":[{""acute_trimp_col"":""decayedTrimpBefore"",""fatigue_state"":""decayed"",""label"":""decayed TRIMP""},{""acute_trimp_col"":""cumTrimpBefore"",""fatigue_state"":""cumulative"",""label"":""cumulative TRIMP""}],""fitting.validation_modes"":[""in_sample"",""loo""],""physiology.decay_lambda"":0.35,""physiology.hrr_max_factor"":1.0,""physiology.hrr_min_factor"":0.3,""physiology.hrr_reference"":0.9,""physiology.min_fatigue_factor"":0.5,""physiology.trimp_scale"":1.5,""readiness.ctl_weight"":0.05,""readiness.tsb_weight"":0.1}",0.05,0.1,0.9,1.1,0.9,0.3,1.0,1.5,0.35,0.5,"[""activity""]","[0.7,0.8,0.9,1.0,1.1,1.2]","[0.2,0.4,0.6,0.8,1.0,1.2]","[""linear"",""exponential""]","[{""acute_trimp_col"":""decayedTrimpBefore"",""fatigue_state"":""decayed"",""label"":""decayed TRIMP""},{""acute_trimp_col"":""cumTrimpBefore"",""fatigue_state"":""cumulative"",""label"":""cumulative TRIMP""}]"
46,061_fatigue_state_refine_cumulative_exponential_only,fatigue_state_refine,cumulative_exponential_only,success,Keep the decayed-versus-cumulative comparison after decayed fatigue dominated the wide screen.,Stage 3 HRR speed ratio LOO,4,12.244838564167118,10.744580296609406,21.68181703106764,9.59240918985541,0.9767063517376183,2.1035169973610266,"{""fitting.enabled_objectives"":[""activity""],""fitting.fatigue_models"":[""exponential""],""fitting.hrr_trimp_alpha_grid"":[0.7,0.8,0.9,1.0,1.1,1.2],""fitting.hrr_trimp_kappa_grid"":[0.2,0.4,0.6,0.8,1.0,1.2],""fitting.stage3_fatigue_states"":[{""acute_trimp_col"":""cumTrimpBefore"",""fatigue_state"":""cumulative"",""label"":""cumulative TRIMP""}],""fitting.validation_modes"":[""in_sample"",""loo""],""physiology.decay_lambda"":0.25,""physiology.hrr_max_factor"":1.0,""physiology.hrr_min_factor"":0.3,""physiology.hrr_reference"":0.85,""physiology.min_fatigue_factor"":0.5,""physiology.trimp_scale"":1.0,""readiness.ctl_weight"":0.05,""readiness.tsb_weight"":0.1}",0.05,0.1,0.9,1.1,0.85,0.3,1.0,1.0,0.25,0.5,"[""activity""]","[0.7,0.8,0.9,1.0,1.1,1.2]","[0.2,0.4,0.6,0.8,1.0,1.2]","[""exponential""]","[{""acute_trimp_col"":""cumTrimpBefore"",""fatigue_state"":""cumulative"",""label"":""cumulative TRIMP""}]"
47,050_low_ref_clip_refine_hrr_reference_0_65_hrr_min_factor_0_4_hrr_max_factor_1_2_trimp_scale_2_decay_lam,low_ref_clip_refine,hrr_reference_0_65_hrr_min_factor_0_4_hrr_max_factor_1_2_trimp_scale_2_decay_lambda_0_15,success,LOO refinement around the lower-reference clip-surface runner-up.,Stage 3 HRR speed ratio LOO,4,12.361535503765776,11.384296606469215,20.698976716291533,8.799874734175695,0.9747938298024807,2.0246569429464616,"{""fitting.enabled_objectives"":[""activity""],""fitting.fatigue_models"":[""linear"",""exponential""],""fitting.hrr_trimp_alpha_grid"":[0.7,0.8,0.9,1.0,1.1,1.2],""fitting.hrr_trimp_kappa_grid"":[0.2,0.4,0.6,0.8,1.0,1.2],""fitting.stage3_fatigue_states"":[{""acute_trimp_col"":""decayedTrimpBefore"",""fatigue_state"":""decayed"",""label"":""decayed TRIMP""},{""acute_trimp_col"":""cumTrimpBefore"",""fatigue_state"":""cumulative"",""label"":""cumulative TRIMP""}],""fitting.validation_modes"":[""in_sample"",""loo""],""physiology.decay_lambda"":0.15,""physiology.hrr_max_factor"":1.2,""physiology.hrr_min_factor"":0.4,""physiology.hrr_reference"":0.65,""physiology.min_fatigue_factor"":0.5,""physiology.trimp_scale"":2.0,""readiness.ctl_weight"":0.05,""readiness.tsb_weight"":0.1}",0.05,0.1,0.9,1.1,0.65,0.4,1.2,2.0,0.15,0.5,"[""activity""]","[0.7,0.8,0.9,1.0,1.1,1.2]","[0.2,0.4,0.6,0.8,1.0,1.2]","[""linear"",""exponential""]","[{""acute_trimp_col"":""decayedTrimpBefore"",""fatigue_state"":""decayed"",""label"":""decayed TRIMP""},{""acute_trimp_col"":""cumTrimpBefore"",""fatigue_state"":""cumulative"",""label"":""cumulative TRIMP""}]"
48,044_low_ref_clip_refine_hrr_reference_0_6_hrr_min_factor_0_4_hrr_max_factor_1_2_trimp_scale_2_decay_lamb,low_ref_clip_refine,hrr_reference_0_6_hrr_min_factor_0_4_hrr_max_factor_1_2_trimp_scale_2_decay_lambda_0_15,success,LOO refinement around the lower-reference clip-surface runner-up.,Stage 3 HRR speed ratio LOO,4,12.382086701162633,12.250955145869888,20.335062984465637,9.600503877808274,0.9780778431426085,3.866156648806186,"{""fitting.enabled_objectives"":[""activity""],""fitting.fatigue_models"":[""linear"",""exponential""],""fitting.hrr_trimp_alpha_grid"":[0.7,0.8,0.9,1.0,1.1,1.2],""fitting.hrr_trimp_kappa_grid"":[0.2,0.4,0.6,0.8,1.0,1.2],""fitting.stage3_fatigue_states"":[{""acute_trimp_col"":""decayedTrimpBefore"",""fatigue_state"":""decayed"",""label"":""decayed TRIMP""},{""acute_trimp_col"":""cumTrimpBefore"",""fatigue_state"":""cumulative"",""label"":""cumulative TRIMP""}],""fitting.validation_modes"":[""in_sample"",""loo""],""physiology.decay_lambda"":0.15,""physiology.hrr_max_factor"":1.2,""physiology.hrr_min_factor"":0.4,""physiology.hrr_reference"":0.6,""physiology.min_fatigue_factor"":0.5,""physiology.trimp_scale"":2.0,""readiness.ctl_weight"":0.05,""readiness.tsb_weight"":0.1}",0.05,0.1,0.9,1.1,0.6,0.4,1.2,2.0,0.15,0.5,"[""activity""]","[0.7,0.8,0.9,1.0,1.1,1.2]","[0.2,0.4,0.6,0.8,1.0,1.2]","[""linear"",""exponential""]","[{""acute_trimp_col"":""decayedTrimpBefore"",""fatigue_state"":""decayed"",""label"":""decayed TRIMP""},{""acute_trimp_col"":""cumTrimpBefore"",""fatigue_state"":""cumulative"",""label"":""cumulative TRIMP""}]"
49,047_low_ref_clip_refine_hrr_reference_0_65_hrr_min_factor_0_25_hrr_max_factor_1_2_trimp_scale_2_decay_la,low_ref_clip_refine,hrr_reference_0_65_hrr_min_factor_0_25_hrr_max_factor_1_2_trimp_scale_2_decay_lambda_0_15,success,LOO refinement around the lower-reference clip-surface runner-up.,Stage 3 HRR speed ratio LOO,4,12.395006709145674,11.387407282532566,20.826640185684425,8.853628642499778,0.9747669810007902,2.065085680928437,"{""fitting.enabled_objectives"":[""activity""],""fitting.fatigue_models"":[""linear"",""exponential""],""fitting.hrr_trimp_alpha_grid"":[0.7,0.8,0.9,1.0,1.1,1.2],""fitting.hrr_trimp_kappa_grid"":[0.2,0.4,0.6,0.8,1.0,1.2],""fitting.stage3_fatigue_states"":[{""acute_trimp_col"":""decayedTrimpBefore"",""fatigue_state"":""decayed"",""label"":""decayed TRIMP""},{""acute_trimp_col"":""cumTrimpBefore"",""fatigue_state"":""cumulative"",""label"":""cumulative TRIMP""}],""fitting.validation_modes"":[""in_sample"",""loo""],""physiology.decay_lambda"":0.15,""physiology.hrr_max_factor"":1.2,""physiology.hrr_min_factor"":0.25,""physiology.hrr_reference"":0.65,""physiology.min_fatigue_factor"":0.5,""physiology.trimp_scale"":2.0,""readiness.ctl_weight"":0.05,""readiness.tsb_weight"":0.1}",0.05,0.1,0.9,1.1,0.65,0.25,1.2,2.0,0.15,0.5,"[""activity""]","[0.7,0.8,0.9,1.0,1.1,1.2]","[0.2,0.4,0.6,0.8,1.0,1.2]","[""linear"",""exponential""]","[{""acute_trimp_col"":""decayedTrimpBefore"",""fatigue_state"":""decayed"",""label"":""decayed TRIMP""},{""acute_trimp_col"":""cumTrimpBefore"",""fatigue_state"":""cumulative"",""label"":""cumulative TRIMP""}]"
50,041_low_ref_clip_refine_hrr_reference_0_6_hrr_min_factor_0_25_hrr_max_factor_1_2_trimp_scale_2_decay_lam,low_ref_clip_refine,hrr_reference_0_6_hrr_min_factor_0_25_hrr_max_factor_1_2_trimp_scale_2_decay_lambda_0_15,success,LOO refinement around the lower-reference clip-surface runner-up.,Stage 3 HRR speed ratio LOO,4,12.395621893637273,12.258491661388843,20.374130723326278,9.626104342985274,0.9780734705342248,3.9163014371952194,"{""fitting.enabled_objectives"":[""activity""],""fitting.fatigue_models"":[""linear"",""exponential""],""fitting.hrr_trimp_alpha_grid"":[0.7,0.8,0.9,1.0,1.1,1.2],""fitting.hrr_trimp_kappa_grid"":[0.2,0.4,0.6,0.8,1.0,1.2],""fitting.stage3_fatigue_states"":[{""acute_trimp_col"":""decayedTrimpBefore"",""fatigue_state"":""decayed"",""label"":""decayed TRIMP""},{""acute_trimp_col"":""cumTrimpBefore"",""fatigue_state"":""cumulative"",""label"":""cumulative TRIMP""}],""fitting.validation_modes"":[""in_sample"",""loo""],""physiology.decay_lambda"":0.15,""physiology.hrr_max_factor"":1.2,""physiology.hrr_min_factor"":0.25,""physiology.hrr_reference"":0.6,""physiology.min_fatigue_factor"":0.5,""physiology.trimp_scale"":2.0,""readiness.ctl_weight"":0.05,""readiness.tsb_weight"":0.1}",0.05,0.1,0.9,1.1,0.6,0.25,1.2,2.0,0.15,0.5,"[""activity""]","[0.7,0.8,0.9,1.0,1.1,1.2]","[0.2,0.4,0.6,0.8,1.0,1.2]","[""linear"",""exponential""]","[{""acute_trimp_col"":""decayedTrimpBefore"",""fatigue_state"":""decayed"",""label"":""decayed TRIMP""},{""acute_trimp_col"":""cumTrimpBefore"",""fatigue_state"":""cumulative"",""label"":""cumulative TRIMP""}]"
51,005_high_ref_low_trimp_refine_hrr_reference_0_8_trimp_scale_0_75_decay_lambda_0_1,high_ref_low_trimp_refine,hrr_reference_0_8_trimp_scale_0_75_decay_lambda_0_1,success,"LOO refinement around the high-reference, very-low-TRIMP wide winner.",Stage 3 HRR speed ratio LOO,4,12.416099478952189,10.412407097875839,21.29691608817724,9.480564471911439,0.973078845397944,1.6584278198941034,"{""fitting.enabled_objectives"":[""activity""],""fitting.fatigue_models"":[""linear"",""exponential""],""fitting.hrr_trimp_alpha_grid"":[0.7,0.8,0.9,1.0,1.1,1.2],""fitting.hrr_trimp_kappa_grid"":[0.2,0.4,0.6,0.8,1.0,1.2],""fitting.stage3_fatigue_states"":[{""acute_trimp_col"":""decayedTrimpBefore"",""fatigue_state"":""decayed"",""label"":""decayed TRIMP""},{""acute_trimp_col"":""cumTrimpBefore"",""fatigue_state"":""cumulative"",""label"":""cumulative TRIMP""}],""fitting.validation_modes"":[""in_sample"",""loo""],""physiology.decay_lambda"":0.1,""physiology.hrr_max_factor"":1.0,""physiology.hrr_min_factor"":0.3,""physiology.hrr_reference"":0.8,""physiology.min_fatigue_factor"":0.5,""physiology.trimp_scale"":0.75,""readiness.ctl_weight"":0.05,""readiness.tsb_weight"":0.1}",0.05,0.1,0.9,1.1,0.8,0.3,1.0,0.75,0.1,0.5,"[""activity""]","[0.7,0.8,0.9,1.0,1.1,1.2]","[0.2,0.4,0.6,0.8,1.0,1.2]","[""linear"",""exponential""]","[{""acute_trimp_col"":""decayedTrimpBefore"",""fatigue_state"":""decayed"",""label"":""decayed TRIMP""},{""acute_trimp_col"":""cumTrimpBefore"",""fatigue_state"":""cumulative"",""label"":""cumulative TRIMP""}]"
52,003_boundary_refined_anchors_clip_rank4_ref065_min04_max14,boundary_refined_anchors,clip_rank4_ref065_min04_max14,success,Boundary-wide winner anchors before the LOO refinement.,Stage 3 HRR speed ratio LOO,4,12.421557726394624,12.205630377068132,20.052819961189396,8.980349738890041,0.9760548160222373,1.8485523554151553,"{""fitting.enabled_objectives"":[""activity""],""fitting.fatigue_models"":[""linear"",""exponential""],""fitting.hrr_trimp_alpha_grid"":[0.7,0.8,0.9,1.0,1.1,1.2],""fitting.hrr_trimp_kappa_grid"":[0.2,0.4,0.6,0.8,1.0,1.2],""fitting.stage3_fatigue_states"":[{""acute_trimp_col"":""decayedTrimpBefore"",""fatigue_state"":""decayed"",""label"":""decayed TRIMP""},{""acute_trimp_col"":""cumTrimpBefore"",""fatigue_state"":""cumulative"",""label"":""cumulative TRIMP""}],""fitting.validation_modes"":[""in_sample"",""loo""],""physiology.decay_lambda"":0.15,""physiology.hrr_max_factor"":1.4,""physiology.hrr_min_factor"":0.4,""physiology.hrr_reference"":0.65,""physiology.min_fatigue_factor"":0.5,""physiology.trimp_scale"":2.0,""readiness.ctl_weight"":0.05,""readiness.tsb_weight"":0.1}",0.05,0.1,0.9,1.1,0.65,0.4,1.4,2.0,0.15,0.5,"[""activity""]","[0.7,0.8,0.9,1.0,1.1,1.2]","[0.2,0.4,0.6,0.8,1.0,1.2]","[""linear"",""exponential""]","[{""acute_trimp_col"":""decayedTrimpBefore"",""fatigue_state"":""decayed"",""label"":""decayed TRIMP""},{""acute_trimp_col"":""cumTrimpBefore"",""fatigue_state"":""cumulative"",""label"":""cumulative TRIMP""}]"
53,051_low_ref_clip_refine_hrr_reference_0_65_hrr_min_factor_0_4_hrr_max_factor_1_4_trimp_scale_2_decay_lam,low_ref_clip_refine,hrr_reference_0_65_hrr_min_factor_0_4_hrr_max_factor_1_4_trimp_scale_2_decay_lambda_0_15,success,LOO refinement around the lower-reference clip-surface runner-up.,Stage 3 HRR speed ratio LOO,4,12.421557726394624,12.205630377068132,20.052819961189396,8.980349738890041,0.9760548160222373,1.8485523554151553,"{""fitting.enabled_objectives"":[""activity""],""fitting.fatigue_models"":[""linear"",""exponential""],""fitting.hrr_trimp_alpha_grid"":[0.7,0.8,0.9,1.0,1.1,1.2],""fitting.hrr_trimp_kappa_grid"":[0.2,0.4,0.6,0.8,1.0,1.2],""fitting.stage3_fatigue_states"":[{""acute_trimp_col"":""decayedTrimpBefore"",""fatigue_state"":""decayed"",""label"":""decayed TRIMP""},{""acute_trimp_col"":""cumTrimpBefore"",""fatigue_state"":""cumulative"",""label"":""cumulative TRIMP""}],""fitting.validation_modes"":[""in_sample"",""loo""],""physiology.decay_lambda"":0.15,""physiology.hrr_max_factor"":1.4,""physiology.hrr_min_factor"":0.4,""physiology.hrr_reference"":0.65,""physiology.min_fatigue_factor"":0.5,""physiology.trimp_scale"":2.0,""readiness.ctl_weight"":0.05,""readiness.tsb_weight"":0.1}",0.05,0.1,0.9,1.1,0.65,0.4,1.4,2.0,0.15,0.5,"[""activity""]","[0.7,0.8,0.9,1.0,1.1,1.2]","[0.2,0.4,0.6,0.8,1.0,1.2]","[""linear"",""exponential""]","[{""acute_trimp_col"":""decayedTrimpBefore"",""fatigue_state"":""decayed"",""label"":""decayed TRIMP""},{""acute_trimp_col"":""cumTrimpBefore"",""fatigue_state"":""cumulative"",""label"":""cumulative TRIMP""}]"
54,052_low_ref_clip_refine_hrr_reference_0_65_hrr_min_factor_0_4_hrr_max_factor_1_8_trimp_scale_2_decay_lam,low_ref_clip_refine,hrr_reference_0_65_hrr_min_factor_0_4_hrr_max_factor_1_8_trimp_scale_2_decay_lambda_0_15,success,LOO refinement around the lower-reference clip-surface runner-up.,Stage 3 HRR speed ratio LOO,4,12.422651887021521,12.207225662482202,20.052409608213186,8.983263555967229,0.9760538320991743,1.8485633710277463,"{""fitting.enabled_objectives"":[""activity""],""fitting.fatigue_models"":[""linear"",""exponential""],""fitting.hrr_trimp_alpha_grid"":[0.7,0.8,0.9,1.0,1.1,1.2],""fitting.hrr_trimp_kappa_grid"":[0.2,0.4,0.6,0.8,1.0,1.2],""fitting.stage3_fatigue_states"":[{""acute_trimp_col"":""decayedTrimpBefore"",""fatigue_state"":""decayed"",""label"":""decayed TRIMP""},{""acute_trimp_col"":""cumTrimpBefore"",""fatigue_state"":""cumulative"",""label"":""cumulative TRIMP""}],""fitting.validation_modes"":[""in_sample"",""loo""],""physiology.decay_lambda"":0.15,""physiology.hrr_max_factor"":1.8,""physiology.hrr_min_factor"":0.4,""physiology.hrr_reference"":0.65,""physiology.min_fatigue_factor"":0.5,""physiology.trimp_scale"":2.0,""readiness.ctl_weight"":0.05,""readiness.tsb_weight"":0.1}",0.05,0.1,0.9,1.1,0.65,0.4,1.8,2.0,0.15,0.5,"[""activity""]","[0.7,0.8,0.9,1.0,1.1,1.2]","[0.2,0.4,0.6,0.8,1.0,1.2]","[""linear"",""exponential""]","[{""acute_trimp_col"":""decayedTrimpBefore"",""fatigue_state"":""decayed"",""label"":""decayed TRIMP""},{""acute_trimp_col"":""cumTrimpBefore"",""fatigue_state"":""cumulative"",""label"":""cumulative TRIMP""}]"
55,048_low_ref_clip_refine_hrr_reference_0_65_hrr_min_factor_0_25_hrr_max_factor_1_4_trimp_scale_2_decay_la,low_ref_clip_refine,hrr_reference_0_65_hrr_min_factor_0_25_hrr_max_factor_1_4_trimp_scale_2_decay_lambda_0_15,success,LOO refinement around the lower-reference clip-surface runner-up.,Stage 3 HRR speed ratio LOO,4,12.467417419283336,12.233518028149104,20.180483430582292,9.040411052042872,0.9759796777136438,1.8108742498785442,"{""fitting.enabled_objectives"":[""activity""],""fitting.fatigue_models"":[""linear"",""exponential""],""fitting.hrr_trimp_alpha_grid"":[0.7,0.8,0.9,1.0,1.1,1.2],""fitting.hrr_trimp_kappa_grid"":[0.2,0.4,0.6,0.8,1.0,1.2],""fitting.stage3_fatigue_states"":[{""acute_trimp_col"":""decayedTrimpBefore"",""fatigue_state"":""decayed"",""label"":""decayed TRIMP""},{""acute_trimp_col"":""cumTrimpBefore"",""fatigue_state"":""cumulative"",""label"":""cumulative TRIMP""}],""fitting.validation_modes"":[""in_sample"",""loo""],""physiology.decay_lambda"":0.15,""physiology.hrr_max_factor"":1.4,""physiology.hrr_min_factor"":0.25,""physiology.hrr_reference"":0.65,""physiology.min_fatigue_factor"":0.5,""physiology.trimp_scale"":2.0,""readiness.ctl_weight"":0.05,""readiness.tsb_weight"":0.1}",0.05,0.1,0.9,1.1,0.65,0.25,1.4,2.0,0.15,0.5,"[""activity""]","[0.7,0.8,0.9,1.0,1.1,1.2]","[0.2,0.4,0.6,0.8,1.0,1.2]","[""linear"",""exponential""]","[{""acute_trimp_col"":""decayedTrimpBefore"",""fatigue_state"":""decayed"",""label"":""decayed TRIMP""},{""acute_trimp_col"":""cumTrimpBefore"",""fatigue_state"":""cumulative"",""label"":""cumulative TRIMP""}]"
56,049_low_ref_clip_refine_hrr_reference_0_65_hrr_min_factor_0_25_hrr_max_factor_1_8_trimp_scale_2_decay_la,low_ref_clip_refine,hrr_reference_0_65_hrr_min_factor_0_25_hrr_max_factor_1_8_trimp_scale_2_decay_lambda_0_15,success,LOO refinement around the lower-reference clip-surface runner-up.,Stage 3 HRR speed ratio LOO,4,12.468511579910231,12.235113313563176,20.18007307760608,9.043324869120058,0.9759786937905808,1.8108852654911352,"{""fitting.enabled_objectives"":[""activity""],""fitting.fatigue_models"":[""linear"",""exponential""],""fitting.hrr_trimp_alpha_grid"":[0.7,0.8,0.9,1.0,1.1,1.2],""fitting.hrr_trimp_kappa_grid"":[0.2,0.4,0.6,0.8,1.0,1.2],""fitting.stage3_fatigue_states"":[{""acute_trimp_col"":""decayedTrimpBefore"",""fatigue_state"":""decayed"",""label"":""decayed TRIMP""},{""acute_trimp_col"":""cumTrimpBefore"",""fatigue_state"":""cumulative"",""label"":""cumulative TRIMP""}],""fitting.validation_modes"":[""in_sample"",""loo""],""physiology.decay_lambda"":0.15,""physiology.hrr_max_factor"":1.8,""physiology.hrr_min_factor"":0.25,""physiology.hrr_reference"":0.65,""physiology.min_fatigue_factor"":0.5,""physiology.trimp_scale"":2.0,""readiness.ctl_weight"":0.05,""readiness.tsb_weight"":0.1}",0.05,0.1,0.9,1.1,0.65,0.25,1.8,2.0,0.15,0.5,"[""activity""]","[0.7,0.8,0.9,1.0,1.1,1.2]","[0.2,0.4,0.6,0.8,1.0,1.2]","[""linear"",""exponential""]","[{""acute_trimp_col"":""decayedTrimpBefore"",""fatigue_state"":""decayed"",""label"":""decayed TRIMP""},{""acute_trimp_col"":""cumTrimpBefore"",""fatigue_state"":""cumulative"",""label"":""cumulative TRIMP""}]"
57,008_high_ref_low_trimp_refine_hrr_reference_0_8_trimp_scale_1_decay_lambda_0_1,high_ref_low_trimp_refine,hrr_reference_0_8_trimp_scale_1_decay_lambda_0_1,success,"LOO refinement around the high-reference, very-low-TRIMP wide winner.",Stage 3 HRR speed ratio LOO,4,12.509598353339399,10.728430313071739,21.960320727812093,9.248084695237985,0.9744750923972896,2.9805061478008876,"{""fitting.enabled_objectives"":[""activity""],""fitting.fatigue_models"":[""linear"",""exponential""],""fitting.hrr_trimp_alpha_grid"":[0.7,0.8,0.9,1.0,1.1,1.2],""fitting.hrr_trimp_kappa_grid"":[0.2,0.4,0.6,0.8,1.0,1.2],""fitting.stage3_fatigue_states"":[{""acute_trimp_col"":""decayedTrimpBefore"",""fatigue_state"":""decayed"",""label"":""decayed TRIMP""},{""acute_trimp_col"":""cumTrimpBefore"",""fatigue_state"":""cumulative"",""label"":""cumulative TRIMP""}],""fitting.validation_modes"":[""in_sample"",""loo""],""physiology.decay_lambda"":0.1,""physiology.hrr_max_factor"":1.0,""physiology.hrr_min_factor"":0.3,""physiology.hrr_reference"":0.8,""physiology.min_fatigue_factor"":0.5,""physiology.trimp_scale"":1.0,""readiness.ctl_weight"":0.05,""readiness.tsb_weight"":0.1}",0.05,0.1,0.9,1.1,0.8,0.3,1.0,1.0,0.1,0.5,"[""activity""]","[0.7,0.8,0.9,1.0,1.1,1.2]","[0.2,0.4,0.6,0.8,1.0,1.2]","[""linear"",""exponential""]","[{""acute_trimp_col"":""decayedTrimpBefore"",""fatigue_state"":""decayed"",""label"":""decayed TRIMP""},{""acute_trimp_col"":""cumTrimpBefore"",""fatigue_state"":""cumulative"",""label"":""cumulative TRIMP""}]"
58,006_high_ref_low_trimp_refine_hrr_reference_0_8_trimp_scale_0_75_decay_lambda_0_25,high_ref_low_trimp_refine,hrr_reference_0_8_trimp_scale_0_75_decay_lambda_0_25,success,"LOO refinement around the high-reference, very-low-TRIMP wide winner.",Stage 3 HRR speed ratio LOO,4,12.542506207189595,12.177571852231825,21.29691608817724,9.7021440767093,0.9778519968582561,2.818710241311082,"{""fitting.enabled_objectives"":[""activity""],""fitting.fatigue_models"":[""linear"",""exponential""],""fitting.hrr_trimp_alpha_grid"":[0.7,0.8,0.9,1.0,1.1,1.2],""fitting.hrr_trimp_kappa_grid"":[0.2,0.4,0.6,0.8,1.0,1.2],""fitting.stage3_fatigue_states"":[{""acute_trimp_col"":""decayedTrimpBefore"",""fatigue_state"":""decayed"",""label"":""decayed TRIMP""},{""acute_trimp_col"":""cumTrimpBefore"",""fatigue_state"":""cumulative"",""label"":""cumulative TRIMP""}],""fitting.validation_modes"":[""in_sample"",""loo""],""physiology.decay_lambda"":0.25,""physiology.hrr_max_factor"":1.0,""physiology.hrr_min_factor"":0.3,""physiology.hrr_reference"":0.8,""physiology.min_fatigue_factor"":0.5,""physiology.trimp_scale"":0.75,""readiness.ctl_weight"":0.05,""readiness.tsb_weight"":0.1}",0.05,0.1,0.9,1.1,0.8,0.3,1.0,0.75,0.25,0.5,"[""activity""]","[0.7,0.8,0.9,1.0,1.1,1.2]","[0.2,0.4,0.6,0.8,1.0,1.2]","[""linear"",""exponential""]","[{""acute_trimp_col"":""decayedTrimpBefore"",""fatigue_state"":""decayed"",""label"":""decayed TRIMP""},{""acute_trimp_col"":""cumTrimpBefore"",""fatigue_state"":""cumulative"",""label"":""cumulative TRIMP""}]"
59,059_fatigue_state_refine_decayed_exponential_only,fatigue_state_refine,decayed_exponential_only,success,Keep the decayed-versus-cumulative comparison after decayed fatigue dominated the wide screen.,Stage 3 HRR speed ratio LOO,4,12.732568443295438,12.495521468440039,21.221717656863643,9.167788516248805,0.979026763908053,3.7635672402881877,"{""fitting.enabled_objectives"":[""activity""],""fitting.fatigue_models"":[""exponential""],""fitting.hrr_trimp_alpha_grid"":[0.7,0.8,0.9,1.0,1.1,1.2],""fitting.hrr_trimp_kappa_grid"":[0.2,0.4,0.6,0.8,1.0,1.2],""fitting.stage3_fatigue_states"":[{""acute_trimp_col"":""decayedTrimpBefore"",""fatigue_state"":""decayed"",""label"":""decayed TRIMP""}],""fitting.validation_modes"":[""in_sample"",""loo""],""physiology.decay_lambda"":0.25,""physiology.hrr_max_factor"":1.0,""physiology.hrr_min_factor"":0.3,""physiology.hrr_reference"":0.85,""physiology.min_fatigue_factor"":0.5,""physiology.trimp_scale"":1.0,""readiness.ctl_weight"":0.05,""readiness.tsb_weight"":0.1}",0.05,0.1,0.9,1.1,0.85,0.3,1.0,1.0,0.25,0.5,"[""activity""]","[0.7,0.8,0.9,1.0,1.1,1.2]","[0.2,0.4,0.6,0.8,1.0,1.2]","[""exponential""]","[{""acute_trimp_col"":""decayedTrimpBefore"",""fatigue_state"":""decayed"",""label"":""decayed TRIMP""}]"
60,011_high_ref_low_trimp_refine_hrr_reference_0_8_trimp_scale_1_5_decay_lambda_0_1,high_ref_low_trimp_refine,hrr_reference_0_8_trimp_scale_1_5_decay_lambda_0_1,success,"LOO refinement around the high-reference, very-low-TRIMP wide winner.",Stage 3 HRR speed ratio LOO,4,12.749004756895198,11.546113747344624,20.842109196670627,9.923462494033034,0.9744551099915394,3.296601427365492,"{""fitting.enabled_objectives"":[""activity""],""fitting.fatigue_models"":[""linear"",""exponential""],""fitting.hrr_trimp_alpha_grid"":[0.7,0.8,0.9,1.0,1.1,1.2],""fitting.hrr_trimp_kappa_grid"":[0.2,0.4,0.6,0.8,1.0,1.2],""fitting.stage3_fatigue_states"":[{""acute_trimp_col"":""decayedTrimpBefore"",""fatigue_state"":""decayed"",""label"":""decayed TRIMP""},{""acute_trimp_col"":""cumTrimpBefore"",""fatigue_state"":""cumulative"",""label"":""cumulative TRIMP""}],""fitting.validation_modes"":[""in_sample"",""loo""],""physiology.decay_lambda"":0.1,""physiology.hrr_max_factor"":1.0,""physiology.hrr_min_factor"":0.3,""physiology.hrr_reference"":0.8,""physiology.min_fatigue_factor"":0.5,""physiology.trimp_scale"":1.5,""readiness.ctl_weight"":0.05,""readiness.tsb_weight"":0.1}",0.05,0.1,0.9,1.1,0.8,0.3,1.0,1.5,0.1,0.5,"[""activity""]","[0.7,0.8,0.9,1.0,1.1,1.2]","[0.2,0.4,0.6,0.8,1.0,1.2]","[""linear"",""exponential""]","[{""acute_trimp_col"":""decayedTrimpBefore"",""fatigue_state"":""decayed"",""label"":""decayed TRIMP""},{""acute_trimp_col"":""cumTrimpBefore"",""fatigue_state"":""cumulative"",""label"":""cumulative TRIMP""}]"
61,007_high_ref_low_trimp_refine_hrr_reference_0_8_trimp_scale_0_75_decay_lambda_0_35,high_ref_low_trimp_refine,hrr_reference_0_8_trimp_scale_0_75_decay_lambda_0_35,success,"LOO refinement around the high-reference, very-low-TRIMP wide winner.",Stage 3 HRR speed ratio LOO,4,12.97163340615253,12.397730255201786,21.29691608817724,9.947699106365905,0.9758210375414682,2.3895002285976727,"{""fitting.enabled_objectives"":[""activity""],""fitting.fatigue_models"":[""linear"",""exponential""],""fitting.hrr_trimp_alpha_grid"":[0.7,0.8,0.9,1.0,1.1,1.2],""fitting.hrr_trimp_kappa_grid"":[0.2,0.4,0.6,0.8,1.0,1.2],""fitting.stage3_fatigue_states"":[{""acute_trimp_col"":""decayedTrimpBefore"",""fatigue_state"":""decayed"",""label"":""decayed TRIMP""},{""acute_trimp_col"":""cumTrimpBefore"",""fatigue_state"":""cumulative"",""label"":""cumulative TRIMP""}],""fitting.validation_modes"":[""in_sample"",""loo""],""physiology.decay_lambda"":0.35,""physiology.hrr_max_factor"":1.0,""physiology.hrr_min_factor"":0.3,""physiology.hrr_reference"":0.8,""physiology.min_fatigue_factor"":0.5,""physiology.trimp_scale"":0.75,""readiness.ctl_weight"":0.05,""readiness.tsb_weight"":0.1}",0.05,0.1,0.9,1.1,0.8,0.3,1.0,0.75,0.35,0.5,"[""activity""]","[0.7,0.8,0.9,1.0,1.1,1.2]","[0.2,0.4,0.6,0.8,1.0,1.2]","[""linear"",""exponential""]","[{""acute_trimp_col"":""decayedTrimpBefore"",""fatigue_state"":""decayed"",""label"":""decayed TRIMP""},{""acute_trimp_col"":""cumTrimpBefore"",""fatigue_state"":""cumulative"",""label"":""cumulative TRIMP""}]"
62,063_readiness_boundary_anchor_ctl020_tsb020,readiness_boundary_anchor,ctl020_tsb020,success,Keep only the readiness anchors that previously helped the high-HRR cohort.,Stage 3 HRR speed ratio LOO,4,13.014445926808971,12.299080350689831,21.812808738088282,10.273284963978144,0.9764878197173544,4.140426872429028,"{""fitting.enabled_objectives"":[""activity""],""fitting.fatigue_models"":[""linear"",""exponential""],""fitting.hrr_trimp_alpha_grid"":[0.7,0.8,0.9,1.0,1.1,1.2],""fitting.hrr_trimp_kappa_grid"":[0.2,0.4,0.6,0.8,1.0,1.2],""fitting.stage3_fatigue_states"":[{""acute_trimp_col"":""decayedTrimpBefore"",""fatigue_state"":""decayed"",""label"":""decayed TRIMP""},{""acute_trimp_col"":""cumTrimpBefore"",""fatigue_state"":""cumulative"",""label"":""cumulative TRIMP""}],""fitting.validation_modes"":[""in_sample"",""loo""],""physiology.decay_lambda"":0.25,""physiology.hrr_max_factor"":1.0,""physiology.hrr_min_factor"":0.3,""physiology.hrr_reference"":0.85,""physiology.min_fatigue_factor"":0.5,""physiology.trimp_scale"":1.0,""readiness.ctl_weight"":0.2,""readiness.tsb_weight"":0.2}",0.2,0.2,0.9,1.1,0.85,0.3,1.0,1.0,0.25,0.5,"[""activity""]","[0.7,0.8,0.9,1.0,1.1,1.2]","[0.2,0.4,0.6,0.8,1.0,1.2]","[""linear"",""exponential""]","[{""acute_trimp_col"":""decayedTrimpBefore"",""fatigue_state"":""decayed"",""label"":""decayed TRIMP""},{""acute_trimp_col"":""cumTrimpBefore"",""fatigue_state"":""cumulative"",""label"":""cumulative TRIMP""}]"
63,010_high_ref_low_trimp_refine_hrr_reference_0_8_trimp_scale_1_decay_lambda_0_35,high_ref_low_trimp_refine,hrr_reference_0_8_trimp_scale_1_decay_lambda_0_35,success,"LOO refinement around the high-reference, very-low-TRIMP wide winner.",Stage 3 HRR speed ratio LOO,4,13.268084138134931,12.185736010672587,22.605984592084212,10.107499987832508,0.9741401760736036,3.9742661385089466,"{""fitting.enabled_objectives"":[""activity""],""fitting.fatigue_models"":[""linear"",""exponential""],""fitting.hrr_trimp_alpha_grid"":[0.7,0.8,0.9,1.0,1.1,1.2],""fitting.hrr_trimp_kappa_grid"":[0.2,0.4,0.6,0.8,1.0,1.2],""fitting.stage3_fatigue_states"":[{""acute_trimp_col"":""decayedTrimpBefore"",""fatigue_state"":""decayed"",""label"":""decayed TRIMP""},{""acute_trimp_col"":""cumTrimpBefore"",""fatigue_state"":""cumulative"",""label"":""cumulative TRIMP""}],""fitting.validation_modes"":[""in_sample"",""loo""],""physiology.decay_lambda"":0.35,""physiology.hrr_max_factor"":1.0,""physiology.hrr_min_factor"":0.3,""physiology.hrr_reference"":0.8,""physiology.min_fatigue_factor"":0.5,""physiology.trimp_scale"":1.0,""readiness.ctl_weight"":0.05,""readiness.tsb_weight"":0.1}",0.05,0.1,0.9,1.1,0.8,0.3,1.0,1.0,0.35,0.5,"[""activity""]","[0.7,0.8,0.9,1.0,1.1,1.2]","[0.2,0.4,0.6,0.8,1.0,1.2]","[""linear"",""exponential""]","[{""acute_trimp_col"":""decayedTrimpBefore"",""fatigue_state"":""decayed"",""label"":""decayed TRIMP""},{""acute_trimp_col"":""cumTrimpBefore"",""fatigue_state"":""cumulative"",""label"":""cumulative TRIMP""}]"
64,009_high_ref_low_trimp_refine_hrr_reference_0_8_trimp_scale_1_decay_lambda_0_25,high_ref_low_trimp_refine,hrr_reference_0_8_trimp_scale_1_decay_lambda_0_25,success,"LOO refinement around the high-reference, very-low-TRIMP wide winner.",Stage 3 HRR speed ratio LOO,4,13.375985985456278,12.128168043852405,21.514888659439137,10.31521044524084,0.9728192132356174,3.5425967880580247,"{""fitting.enabled_objectives"":[""activity""],""fitting.fatigue_models"":[""linear"",""exponential""],""fitting.hrr_trimp_alpha_grid"":[0.7,0.8,0.9,1.0,1.1,1.2],""fitting.hrr_trimp_kappa_grid"":[0.2,0.4,0.6,0.8,1.0,1.2],""fitting.stage3_fatigue_states"":[{""acute_trimp_col"":""decayedTrimpBefore"",""fatigue_state"":""decayed"",""label"":""decayed TRIMP""},{""acute_trimp_col"":""cumTrimpBefore"",""fatigue_state"":""cumulative"",""label"":""cumulative TRIMP""}],""fitting.validation_modes"":[""in_sample"",""loo""],""physiology.decay_lambda"":0.25,""physiology.hrr_max_factor"":1.0,""physiology.hrr_min_factor"":0.3,""physiology.hrr_reference"":0.8,""physiology.min_fatigue_factor"":0.5,""physiology.trimp_scale"":1.0,""readiness.ctl_weight"":0.05,""readiness.tsb_weight"":0.1}",0.05,0.1,0.9,1.1,0.8,0.3,1.0,1.0,0.25,0.5,"[""activity""]","[0.7,0.8,0.9,1.0,1.1,1.2]","[0.2,0.4,0.6,0.8,1.0,1.2]","[""linear"",""exponential""]","[{""acute_trimp_col"":""decayedTrimpBefore"",""fatigue_state"":""decayed"",""label"":""decayed TRIMP""},{""acute_trimp_col"":""cumTrimpBefore"",""fatigue_state"":""cumulative"",""label"":""cumulative TRIMP""}]"
