hr_smooth,speed_smooth,hr_shifted,cluster
128.8,6.1229494969929785,,-1
130.83333333333334,5.481590315421197,,-1
132.28571428571428,5.947830309973322,,-1
133.375,5.423940491870124,,-1
134.11111111111111,5.118800813714264,,-1
134.9,4.836751385560239,,-1
137.1,4.52024144816195,,-1
139.1,4.668157902858401,,-1
140.8,4.316580374865464,,-1
142.1,3.1628178256497437,,-1
142.9,2.354319155446948,,-1
143.6,2.13707198575199,,-1
142.9,1.2684646786716427,,-1
140.9,1.1040409713994386,,-1
139.1,1.056282500424748,,-1
137.1,1.017152142170548,,-1
135.1,1.1048626263865642,,-1
133.5,1.0005903845627298,,-1
131.8,1.0290489077148666,,-1
129.8,1.0429757697468325,,-1
127.6,1.2174577692429958,,-1
125.5,1.2119119421291216,,-1
124.2,1.4831226785694493,,-1
124.5,1.7446932861850832,,-1
125.0,1.8618990205187185,,-1
126.2,1.9635588016155978,,-1
127.3,1.9095305622181329,,-1
127.9,1.6506562627349564,,-1
128.3,1.9172159172971497,,-1
128.9,2.5654818022733323,,-1
130.0,2.5189466770724724,,-1
130.8,2.8584230453749226,,-1
131.9,3.251878653425989,,-1
132.5,3.2689862549957716,,-1
132.7,3.63255752805843,,-1
132.6,3.615489223234887,,-1
132.3,3.7152376186936293,,-1
132.4,3.9009704066919326,,-1
132.7,4.027208576909144,,-1
133.3,3.512387977082711,,-1
133.8,3.501493516405154,,-1
134.2,3.3429680587769313,,-1
134.5,2.923836759485098,,-1
134.7,2.782982119725866,,-1
135.3,2.3048750190435587,,-1
135.9,2.5444872294405325,,-1
136.7,2.9129368786139245,,-1
137.3,2.805046583997105,,-1
137.1,2.4962962901103234,,-1
136.5,2.9991349510026444,,-1
136.1,3.181152609006708,,-1
136.0,3.8011683152239057,,-1
136.3,4.325132433569552,,-1
136.9,4.319527113199475,,-1
137.2,4.76833907779362,,-1
137.4,4.969824796749679,,-1
138.0,5.189487044339815,,-1
138.7,5.425323109614565,,-1
140.2,5.436732308573621,,-1
141.7,5.806739358930548,128.8,2
142.5,5.984490932820259,130.83333333333334,2
143.2,5.377909530258675,132.28571428571428,2
144.0,5.25724576022799,133.375,2
145.1,5.412877930741546,134.11111111111111,2
146.3,5.041264606140088,134.9,2
147.3,4.918612130671074,137.1,2
148.2,4.302303978521036,139.1,0
149.0,4.546373936227738,140.8,0
150.1,4.501169147881325,142.1,0
151.1,4.110614137400751,142.9,0
152.5,4.3997857958346325,143.6,0
153.9,4.319585796986421,142.9,0
154.9,4.035276453704346,140.9,0
155.6,4.112224169123427,139.1,0
156.4,3.998737358986425,137.1,2
157.1,3.947269968663476,135.1,2
157.2,4.049031537261784,133.5,2
157.2,3.873217539793495,131.8,2
156.7,4.088051915785401,129.8,2
156.3,3.901555761047392,127.6,2
156.0,3.336132414733913,125.5,2
155.2,3.402195248805665,124.2,2
154.9,3.8832852909372257,124.5,2
154.6,4.358660203015269,125.0,2
154.1,4.325195281729557,126.2,2
153.6,4.123643803480684,127.3,2
153.4,4.396350497623731,127.9,2
153.0,4.1215461642273,128.3,2
153.0,4.113560339690824,128.9,2
152.9,4.175790532199265,130.0,2
152.8,4.158680713692497,130.8,2
153.1,4.444721347876646,131.9,2
153.4,3.892990150616842,132.5,2
153.5,3.203693943496225,132.7,2
153.7,3.842565076695375,132.6,2
153.8,3.7107842282768515,132.3,2
153.8,3.4378896015262876,132.4,2
153.9,3.5293880224116294,132.7,2
153.6,3.460929996801751,133.3,2
153.4,3.268144078186529,133.8,2
153.4,3.3020610274249576,134.2,2
153.3,3.3959757361857257,134.5,2
153.1,3.2942139233434284,134.7,2
153.0,3.3297280703112264,135.3,2
153.1,2.8992948362976394,135.9,2
153.3,2.974525993766302,136.7,2
153.9,2.931618794713286,137.3,2
154.7,3.166361269981926,137.1,2
155.7,3.1343437055627583,136.5,2
156.8,2.9900918914748655,136.1,2
157.6,2.998378716662009,136.0,2
158.7,2.9006445972082164,136.3,2
159.4,2.813760665476757,136.9,2
160.4,3.03429399365731,137.2,2
161.1,3.0942827517564866,137.4,2
161.9,2.919848108027465,138.0,0
162.5,3.2050295206839996,138.7,0
162.9,2.79938468844117,140.2,0
163.2,2.765339622209083,141.7,0
163.4,2.956333888389955,142.5,0
163.4,2.920460463537189,143.2,0
163.3,2.7714533413540097,144.0,0
163.4,3.204890301799143,145.1,0
163.3,3.1156244075030304,146.3,0
163.2,2.993111191499492,147.3,0
163.2,3.1393764172764262,148.2,0
163.1,3.882903097715011,149.0,0
163.2,4.079091099416791,150.1,0
163.4,4.260812220129623,151.1,0
163.6,4.575695432038515,152.5,0
164.1,4.645991879541405,153.9,0
164.5,4.612907484089999,154.9,0
165.0,4.468084144028473,155.6,0
165.6,4.595399805458059,156.4,0
166.3,4.586395139456958,157.1,0
166.7,5.115981927951248,157.2,0
167.4,4.1092781847072795,157.2,0
168.0,4.644567258740034,156.7,0
168.5,4.5022912750984965,156.3,0
169.1,4.571612272311858,156.0,0
169.7,4.57011837111928,155.2,0
170.5,4.866880716371096,154.9,0
171.2,5.144528522188274,154.6,0
172.0,5.00729708799914,154.1,0
172.7,5.023047424821067,153.6,0
173.6,4.549588723413497,153.4,0
174.4,4.620274146399589,153.0,0
175.1,3.999519944442291,153.0,0
175.8,4.033535582475293,152.9,0
176.5,4.194144915892528,152.8,0
177.2,4.233591539540574,153.1,0
177.6,3.9403365337277627,153.4,0
178.2,4.07643914299147,153.5,0
178.6,4.004752893268867,153.7,0
179.0,4.399649490254964,153.8,0
179.4,4.332916762729315,153.8,0
179.6,4.361519620740413,153.9,0
179.9,4.519371973987141,153.6,0
180.2,4.496781429907773,153.4,0
180.5,4.323370500802023,153.4,0
180.8,4.268978766524311,153.3,0
181.2,4.634130201258782,153.1,0
181.5,4.113180047773136,153.0,0
181.8,4.781316062872965,153.1,0
182.1,4.300992258987522,153.3,0
182.4,4.379740412292566,153.9,0
182.7,4.965956205539015,154.7,0
183.2,4.878424361174319,155.7,0
183.7,5.2841860986035245,156.8,0
184.1,4.793795775245877,157.6,0
184.4,5.213652650113293,158.7,0
184.8,4.831821185929741,159.4,1
185.3,5.204153021652942,160.4,1
185.7,4.510669712716111,161.1,1
186.0,4.647354305745944,161.9,1
186.2,4.697457399984388,162.5,1
186.3,4.084328605367349,162.9,1
186.2,4.125052428280394,163.2,1
186.1,3.839232201923276,163.4,1
186.1,3.870340003993115,163.4,1
186.1,3.5438542599899976,163.3,1
186.0,3.55838519781515,163.4,1
185.8,3.223871714264173,163.3,1
185.8,3.35537260877589,163.2,1
185.8,3.6444952048373223,163.2,1
185.9,3.486794466415237,163.1,1
186.1,3.848985393191056,163.2,1
186.4,3.7811847523230235,163.4,1
186.7,4.109601344219144,163.6,1
186.8,4.013467428007911,164.1,1
186.7,3.8405003775163835,164.5,1
186.7,4.248968821261924,165.0,1
186.5,4.087090688176417,165.6,1
186.2,4.387354783584337,166.3,1
186.0,3.9372131956757235,166.7,1
185.7,4.042910045840513,167.4,1
185.1,3.5325027043903092,168.0,1
184.5,3.3812965242841777,168.5,1
183.6,2.8955495320153135,169.1,1
182.6,2.88363690738159,169.7,1
181.7,2.917384211522222,170.5,1
180.7,2.4236360952050386,171.2,1
179.9,3.0969961265926473,172.0,1
179.1,2.638698949953987,172.7,1
178.1,3.1175443463219725,173.6,1
177.0,3.012931547397632,174.4,1
176.2,3.1032761565703395,175.1,1
175.3,3.936680712117769,175.8,1
174.8,3.898935658037464,176.5,1
174.6,3.9761655977302546,177.2,1
174.6,4.253596120988892,177.6,4
174.5,4.945172918165204,178.2,4
174.2,4.262755684007237,178.6,4
174.0,4.261694339630713,179.0,4
173.9,4.626605747176475,179.4,4
174.0,4.650104423057676,179.6,4
174.1,4.728191073367249,179.9,4
174.2,4.048947722462971,180.2,4
174.1,4.1326090926743735,180.5,4
173.9,4.590701439482016,180.8,4
173.5,4.296822551757868,181.2,4
173.2,4.116304370523595,181.5,4
173.1,4.627321359878274,181.8,4
172.9,4.618705622054431,182.1,4
172.8,4.498883270790286,182.4,4
172.7,4.478463256514533,182.7,4
172.6,4.3855811161292575,183.2,4
172.6,4.54849688824445,183.7,4
172.7,4.80934359516803,184.1,4
172.8,4.29051882097513,184.4,4
172.9,4.390882904023355,184.8,4
172.9,3.8511770062658854,185.3,4
172.5,3.583228446216019,185.7,4
172.0,3.645475000266071,186.0,4
171.6,3.029721092766129,186.2,4
171.0,3.035767483570809,186.3,4
170.4,3.6347386909441353,186.2,4
169.7,3.3789974092847865,186.1,4
168.9,3.8071777570508516,186.1,4
168.2,3.9203779197618482,186.1,4
167.5,3.8146369017699633,186.0,4
166.9,4.4837528050565485,185.8,4
166.4,4.804547416094609,185.8,4
166.1,4.808972683342834,185.8,4
165.7,5.3501541887094275,185.9,4
165.2,5.354868569695333,186.1,4
164.7,4.822759779604443,186.4,4
164.3,5.188681086949191,186.7,4
164.0,4.4846229451599635,186.8,4
163.9,4.585256455132811,186.7,4
163.9,4.695019555047703,186.7,4
163.9,4.67464864853582,186.5,4
164.2,4.212498446015242,186.2,4
164.4,4.231804159514148,186.0,4
164.6,3.8305148022636586,185.7,4
165.0,3.9064678430820114,185.1,4
165.4,3.9844820596650172,184.5,4
165.7,3.7769831009616803,183.6,4
166.1,4.066550261559746,182.6,4
166.1,3.9024266389237,181.7,4
166.1,3.8045605009058105,180.7,4
166.0,3.880928389122232,179.9,4
166.0,3.894652970657333,179.1,4
166.0,4.21002930084566,178.1,4
166.1,4.022121005922314,177.0,1
166.3,4.490215207476699,176.2,1
166.6,4.280203564661582,175.3,1
166.6,4.154663009463274,174.8,1
166.5,4.444574866785641,174.6,1
166.5,4.952612661876345,174.6,1
166.4,4.9065245101855,174.5,1
166.2,4.509490356796328,174.2,1
165.7,4.886089637378278,174.0,1
165.4,4.5155003111825485,173.9,1
165.1,4.488736075013318,174.0,1
164.7,5.107206912546901,174.1,1
164.2,5.350166919567506,174.2,1
164.1,5.37573776627322,174.1,1
164.1,4.987272843638525,173.9,1
164.1,4.879938598913399,173.5,1
164.2,5.161572581373121,173.2,1
164.4,5.384690935604299,173.1,1
164.8,5.0663064720809246,172.9,1
164.8,5.1450966048070015,172.8,1
164.8,6.431574275821731,172.7,1
164.7,5.341378006692079,172.6,1
164.3,5.27347911484008,172.6,1
163.7,6.181415972645004,172.7,1
163.2,6.001831484571933,172.8,1
162.6,6.434089844943226,172.9,1
162.1,6.42726218857932,172.9,1
162.0,5.95537302423439,172.5,1
162.2,5.958002851850976,172.0,1
162.5,6.83053396664923,171.6,1
162.8,6.597470847341308,171.0,1
163.1,6.529613758966138,170.4,1
163.6,6.432252657608369,169.7,1
164.1,6.138921446159644,168.9,1
164.3,6.411020242493722,168.2,1
164.6,5.5788164513572625,167.5,1
164.8,5.53579608084995,166.9,1
164.7,6.62030791704859,166.4,1
164.6,6.527957577130086,166.1,1
164.6,6.3431787160179285,165.7,1
164.7,5.3550930205625535,165.2,1
164.9,5.9544624786266045,164.7,1
165.3,5.940978121087411,164.3,1
165.8,6.062221957931632,164.0,1
166.4,5.774798260893287,163.9,1
167.3,5.777365169547423,163.9,1
168.3,6.194180657997466,163.9,1
169.3,5.430250197104423,164.2,1
170.1,5.446906286527562,164.4,1
170.8,5.037167040031301,164.6,1
171.5,5.095341147147576,165.0,1
172.5,4.570469124966784,165.4,1
173.4,4.582428648547208,165.7,1
174.4,4.54558114946244,166.1,1
175.6,4.680421190421329,166.1,1
176.5,4.678757542353953,166.1,1
177.4,4.183036303060817,166.0,1
178.4,4.728229996284146,166.0,1
179.3,4.809378679401503,166.0,1
180.4,4.748745249604508,166.1,1
181.4,5.031110219274124,166.3,1
182.2,4.996401354995102,166.6,1
183.1,5.008255818140147,166.6,1
183.9,5.136329070845524,166.5,1
184.5,5.082298376719311,166.5,1
185.2,5.741329429720594,166.4,1
185.7,5.7384705741902735,166.2,1
186.1,4.892068860476813,165.7,1
186.5,5.340004501314598,165.4,1
186.8,5.123679902780937,165.1,1
187.1,5.198303048805899,164.7,1
187.1,5.161450279938101,164.2,1
187.0,5.710820815005884,164.1,1
186.9,4.933980533664488,164.1,1
186.8,5.603818788945086,164.1,1
186.5,4.894903397517756,164.2,1
186.3,4.7994124146483506,164.4,1
186.2,5.555431001247303,164.8,1
186.1,4.995028206176537,164.8,1
186.0,5.488303160831755,164.8,1
185.9,5.019780837723253,164.7,1
185.9,5.498451632904297,164.3,1
185.9,4.87118110748652,163.7,1
185.9,5.215669998678749,163.2,1
185.9,4.6199770762691115,162.6,1
186.0,4.9904088311469685,162.1,1
186.0,5.019236249270808,162.0,1
185.9,4.699906454454069,162.2,1
185.9,4.741470856482271,162.5,1
185.9,4.326992236334268,162.8,1
185.8,4.48292719349423,163.1,1
185.8,4.072485772945072,163.6,1
185.8,4.838664421483003,164.1,1
185.9,4.432794088806857,164.3,1
185.9,4.282771403031824,164.6,1
185.9,4.84807897053891,164.8,1
186.0,4.794901356917528,164.7,1
186.1,4.298351620221866,164.6,1
186.1,4.98246943364267,164.6,1
186.0,4.847348413631321,164.7,1
186.0,4.676376298431844,164.9,1
186.0,5.192494608410418,165.3,1
185.8,4.415217182676964,165.8,1
185.4,4.655079585268153,166.4,1
185.1,4.695258902653684,167.3,1
184.8,3.7408970292753443,168.3,1
184.5,4.387499172222944,169.3,1
184.2,4.342559900229782,170.1,1
183.9,3.5761335704854895,170.8,1
183.6,3.4576873152119143,171.5,1
183.2,3.2674122166136343,172.5,1
182.6,2.4501891713387667,173.4,1
182.0,2.258949995460897,174.4,1
181.0,1.8154225633142969,175.6,1
179.4,1.5431687301219776,176.5,1
177.5,1.4248777888035205,177.4,4
175.4,0.6914419864505866,178.4,4
173.3,0.6042063215349699,179.3,4
170.9,0.6904990847689817,180.4,4
168.4,0.9605483386454956,181.4,4
165.9,1.2273222024539567,182.2,4
163.6,1.3938303306358921,183.1,4
161.6,1.7046663034474556,183.9,4
160.4,1.9088392033365167,184.5,4
159.8,2.6749201638849955,185.2,4
159.6,2.765057223087294,185.7,4
159.6,3.4469297525262865,186.1,4
159.7,3.58389938447966,186.5,4
160.2,3.7030140708846444,186.8,4
160.7,3.7944452310407955,187.1,4
161.4,3.7090104085491604,187.1,4
162.0,3.7413347770235403,187.0,4
162.5,4.44663598377428,186.9,4
162.8,4.473096594088755,186.8,4
163.0,4.1886600421814535,186.5,4
163.1,4.526032149308394,186.3,4
162.9,3.930638291732946,186.2,4
162.8,4.623082958297711,186.1,4
162.8,4.439480571636834,186.0,4
163.3,4.220836603086475,185.9,4
163.6,4.4716783630154815,185.9,4
164.3,4.5457728690084345,185.9,4
164.8,3.8458078584013053,185.9,4
165.0,3.79015228294274,185.9,4
165.4,4.397570330150333,186.0,4
165.9,4.109839763811467,186.0,4
166.6,4.261343357791446,185.9,4
167.0,3.699266992401094,185.9,4
167.3,3.7788570255857663,185.9,4
167.5,3.8407555489715977,185.8,4
167.6,3.5732822286523267,185.8,4
167.3,4.107855654362705,185.8,4
167.3,4.098671380954056,185.9,4
167.5,4.279829716174146,185.9,4
167.6,3.569236498051417,185.9,4
167.8,3.5871844585683057,186.0,4
168.0,4.221530708173726,186.1,4
168.2,4.0820422801543845,186.1,4
168.4,4.274913914689313,186.0,4
168.2,4.5425626526365175,186.0,4
168.1,4.595622866788841,186.0,4
168.2,4.0118955354763015,185.8,4
168.2,4.8901888160253195,185.4,4
168.3,4.752873018354005,185.1,4
168.5,4.6774559825920585,184.8,4
168.4,4.9126594224084705,184.5,4
168.5,4.1671335100557405,184.2,4
168.7,4.77529312153136,183.9,4
168.8,4.505491405140079,183.6,4
169.1,4.349971975342485,183.2,4
169.4,4.526573198846965,182.6,4
169.5,4.502307502489453,182.0,4
169.6,4.118674550901273,181.0,4
169.6,4.142039951217644,179.4,4
169.5,4.865263693121558,177.5,4
169.5,4.667865361812111,175.4,1
169.4,4.679368681791701,173.3,1
169.3,4.192543489921473,170.9,1
169.3,5.240312340901393,168.4,1
169.3,5.103552086173779,165.9,1
169.3,4.868520308955181,163.6,1
169.4,4.895800097477982,161.6,1
169.5,5.059332677743773,160.4,1
169.6,5.017685209140084,159.8,1
169.7,4.765074419037404,159.6,1
169.8,4.713069002873434,159.6,1
170.0,4.682636684272604,159.7,1
170.3,5.218285940758505,160.2,1
170.6,4.272800210819269,160.7,1
170.9,4.409916932188015,161.4,1
171.3,4.404285295074778,162.0,1
171.8,4.671200106238836,162.5,1
172.4,4.234808606089127,162.8,1
172.9,4.257039896769101,163.0,1
173.4,3.6516242313537965,163.1,1
173.9,3.934127609011142,162.9,1
174.2,4.310691802545568,162.8,1
174.5,3.705197607674149,162.8,1
174.6,3.5840558956710638,163.3,1
174.5,3.815930035245598,163.6,1
174.3,3.965612959837096,164.3,1
173.9,3.720537858398695,164.8,1
173.4,3.5886034731739587,165.0,1
173.1,4.5173554174707204,165.4,1
172.9,4.566294158348167,165.9,1
172.6,4.3131282952893955,166.6,1
172.5,4.016199306170284,167.0,1
172.3,4.62215525977889,167.3,1
172.2,4.6333690201065165,167.5,1
172.3,4.806134656636354,167.6,1
172.4,4.747343243957932,167.3,1
172.7,4.71187187122966,167.3,1
172.9,5.224596434532536,167.5,1
173.0,4.286129228921155,167.6,1
173.0,4.446670656796856,167.8,1
173.2,4.451943566424908,168.0,1
173.1,4.382262060785531,168.2,1
172.8,3.719462079676932,168.4,1
172.2,3.8187092827503135,168.2,1
171.5,3.270953803584068,168.1,1
170.6,3.2889843080186054,168.2,1
169.6,3.4584030043658673,168.2,1
169.0,2.7275987076619392,168.3,1
168.4,3.3366086126591328,168.5,1
168.0,3.181204679320307,168.4,1
167.5,3.2953952657205954,168.5,1
167.2,3.321434284019643,168.7,1
167.2,3.919209796971875,168.8,1
167.7,3.827606170176085,169.1,1
168.4,4.233348429085296,169.4,1
169.3,4.22110559745651,169.5,1
170.3,4.542726152400838,169.6,1
171.1,4.625113928244733,169.6,1
172.0,4.597054631392358,169.5,1
172.9,4.6442335420442244,169.5,1
173.9,4.689835804195461,169.4,1
174.9,4.886465759482139,169.3,1
175.9,4.464533077846826,169.3,1
176.7,4.576152632225133,169.3,1
177.4,4.439550858273607,169.3,1
178.2,4.794856521366082,169.4,1
179.0,4.704085632923523,169.5,1
179.7,4.6609664623099185,169.6,1
180.4,4.1689597015525575,169.7,1
180.9,4.290194708951576,169.8,1
181.5,4.265580226557339,170.0,1
182.2,4.216807183583604,170.3,1
182.8,4.232729969347495,170.6,1
183.5,4.438900238296708,170.9,1
184.2,4.473235484052305,171.3,1
184.9,4.10893625067014,171.8,1
185.5,3.780496999258176,172.4,1
186.2,4.738093434175559,172.9,1
186.8,4.781557412409157,173.4,1
187.4,4.778102381686648,173.9,1
187.8,4.715483259654572,174.2,1
188.1,5.206393590455194,174.5,1
188.4,5.11108902950184,174.6,1
188.6,5.008435533885704,174.5,1
188.9,4.840607587881215,174.3,1
189.1,4.855293931295963,173.9,1
189.3,5.397612594946212,173.4,1
189.5,4.522896644976445,173.1,1
189.7,5.22039721166175,172.9,1
189.9,5.080539714886162,172.6,1
190.1,5.024744352488389,172.5,1
190.3,5.1740396091077105,172.3,1
190.5,5.189865050863142,172.2,1
190.8,5.484499230668161,172.3,1
191.0,5.358387265409826,172.4,1
191.2,5.834628294115522,172.7,1
191.4,5.312752191832375,172.9,1
191.6,5.9008636408878195,173.0,1
191.8,5.173567608309239,173.0,1
192.1,5.337055855751595,173.2,1
192.3,5.551798982835162,173.1,1
192.5,5.002047175126706,172.8,1
192.8,5.119273576324252,172.2,1
193.0,4.725232293543965,171.5,1
193.3,5.583972494444597,170.6,1
193.7,5.069749594266591,169.6,1
194.1,5.107609447564761,169.0,1
194.4,5.286714206089682,168.4,1
194.6,5.282274087239974,168.0,1
194.8,5.604115458520344,167.5,1
195.1,5.420016143303293,167.2,1
195.4,5.627368554156597,167.2,1
195.6,5.584783349665919,167.7,1
195.8,5.829116129598008,168.4,1
195.9,5.110716741750615,169.3,1
195.9,5.733778146611712,170.3,1
195.9,5.618090604231535,171.1,1
195.9,4.909681603298174,172.0,1
196.1,5.729029999271489,172.9,1
196.2,5.211609847782382,173.9,1
196.3,5.860386649716946,174.9,1
196.3,5.53682874718106,175.9,1
196.3,5.891847533405765,176.7,1
196.2,5.620999971717728,177.4,1
196.1,5.928140757168834,178.2,4
196.0,5.398966193147556,179.0,4
195.9,6.033522901506681,179.7,4
195.8,5.92026824049239,180.4,4
195.7,5.5436952667996175,180.9,4
195.5,5.728046879044482,181.5,4
195.4,5.999580403502478,182.2,4
195.3,5.986157846334381,182.8,4
195.3,5.48761630662773,183.5,4
195.4,5.546788351850448,184.2,4
195.4,5.826468667517661,184.9,4
195.4,5.772709879256661,185.5,4
195.4,5.707940545277927,186.2,4
195.2,5.678033818296522,186.8,4
194.9,5.13021924611783,187.4,4
194.7,5.12827791502887,187.8,4
194.1,4.477673497777766,188.1,4
193.6,4.33084042722094,188.4,4
193.0,4.748107640918152,188.6,4
192.4,4.625735338581692,188.9,4
191.7,3.800396846885151,189.1,4
190.9,4.566201554060062,189.3,4
190.2,3.962223494010047,189.5,4
189.6,3.9660772450580652,189.7,4
189.0,4.086654135712404,189.9,4
188.4,4.054321944931777,190.1,4
188.0,3.752807993162721,190.3,4
187.6,4.230917263899261,190.5,4
187.2,3.7671271326761024,190.8,4
186.8,4.306387112349808,191.0,4
186.6,4.321730297840552,191.2,4
186.3,3.6725016791019365,191.4,4
185.9,3.748143632038738,191.6,4
185.8,3.819751449215262,191.8,4
185.5,4.4706300972820685,192.1,4
185.2,4.283327179325983,192.3,4
185.0,4.21534849147841,192.5,4
184.6,4.085233072816125,192.8,4
184.2,4.229904776012402,193.0,4
183.8,3.6676828943238524,193.3,4
183.2,3.6322899327721943,193.7,4
182.8,4.259483714933432,194.1,4
182.3,4.279046163253733,194.4,4
181.5,4.217004292139254,194.6,4
180.9,4.083375937303961,194.8,4
180.3,4.114310508899216,195.1,4
179.7,4.691228213978607,195.4,4
179.2,4.361073122814199,195.6,4
178.7,4.26297142172159,195.8,4
178.1,4.453031435444373,195.9,4
177.7,4.53469831128768,195.9,4
177.1,3.858080696271371,195.9,4
176.7,3.726089120833526,195.9,4
176.3,4.124627873776399,196.1,4
175.8,3.594610651118347,196.2,4
175.5,3.6529776485707885,196.3,4
175.1,3.137789545083395,196.3,4
174.8,3.40746919190014,196.3,4
174.4,3.3372385971273375,196.2,4
174.1,3.147485479397873,196.1,4
173.7,3.1781224118252496,196.0,4
173.4,3.682979100435058,195.9,4
173.2,3.6775779236441983,195.8,4
173.0,3.4520164490355976,195.7,4
173.0,3.514209806090765,195.5,4
172.6,3.4509348620362617,195.4,4
172.3,4.027458295113581,195.3,4
171.9,3.7603076726081417,195.3,4
171.7,3.859821303292743,195.4,4
171.6,4.511736463389084,195.4,4
171.6,4.3637935670803705,195.4,4
171.6,3.7049038764103153,195.4,4
171.3,3.6683879747782284,195.2,4
170.8,3.2951724614147677,194.9,4
170.0,2.909768814552996,194.7,4
168.2,2.7167266520150077,194.1,4
166.2,1.987757748732513,193.6,4
164.5,1.8421756660061646,193.0,4
162.6,2.195224425144869,192.4,4
160.6,1.8225296871572134,191.7,4
158.5,1.9996252854251915,190.9,4
156.5,2.0801008806393604,190.2,4
154.7,2.272963204295139,189.6,4
153.1,2.8872180435057935,189.0,4
151.9,3.247101916427656,188.4,4
151.8,3.501327700042412,188.0,4
152.1,3.894922321993467,187.6,4
152.4,4.086057170027963,187.2,4
152.8,4.428483394510049,186.8,4
153.3,4.1664846909580024,186.6,4
154.0,4.18089951756115,186.3,4
154.7,4.527908663095152,185.9,4
155.4,4.442412136659859,185.8,4
156.3,4.0171457323701425,185.5,4
157.1,4.326155024765205,185.2,4
158.0,4.705630465532641,185.0,4
158.7,4.437947804478572,184.6,4
159.4,4.429046311315249,184.2,4
160.2,4.8024359291739875,183.8,4
161.0,4.8937020711671035,183.2,4
161.8,4.8360227358580135,182.8,4
162.7,4.516398886667586,182.3,4
163.5,4.851552806387222,181.5,4
164.3,5.007248352705592,180.9,4
164.9,4.706162972093227,180.3,4
165.4,4.350267516673739,179.7,4
165.8,4.437071259891939,179.2,4
166.1,4.5053498849566465,178.7,4
166.4,3.580708707666159,178.1,4
166.6,3.6185067132117688,177.7,4
166.7,3.615390227367778,177.1,1
166.7,4.66864538451774,176.7,1
166.7,4.381973622003274,176.3,1
166.8,4.2284859638587555,175.8,1
166.9,4.575827883311163,175.5,1
167.2,4.729063341745854,175.1,1
167.7,4.791658018645601,174.8,1
168.2,4.816609971728323,174.4,1
168.6,4.7889437618362924,174.1,1
169.1,5.430045333557693,173.7,1
169.6,5.352473864080015,173.4,1
170.1,5.076482616279411,173.2,1
170.7,5.057938321842233,173.0,1
171.2,5.095811848009251,173.0,1
171.8,5.7729356427997285,172.6,1
172.3,5.606322469656674,172.3,1
172.8,5.481604963974988,171.9,1
173.0,5.4234925911522165,171.7,1
173.2,6.28296676966657,171.6,1
173.4,5.511558991549462,171.6,1
173.6,5.636057457013559,171.6,1
173.7,5.471549618623555,171.3,1
173.7,5.398426975381197,170.8,1
173.6,6.064599311581566,170.0,1
173.5,5.004724868775781,168.2,1
173.6,5.030540349020493,166.2,1
173.5,5.248589637657949,164.5,1
173.6,5.21354418012802,162.6,1
173.7,4.843049279105751,160.6,1
173.7,4.8043387199591825,158.5,0
173.7,4.954518411018353,156.5,0
173.8,4.185239674979522,154.7,0
173.8,4.741177565764318,153.1,0
173.8,4.011927480961768,151.9,0
173.8,4.027277504063842,151.8,0
173.6,4.2782992253513585,152.1,0
173.6,4.010831933847438,152.4,0
173.6,4.628443485721128,152.8,0
173.6,4.0912498083494695,153.3,0
173.6,4.445731366616132,154.0,0
173.6,4.3354701708414005,154.7,0
173.7,4.406627878501759,155.4,0
173.8,4.711311174116778,156.3,0
173.8,4.699052104008411,157.1,0
173.7,4.469135604960771,158.0,0
173.4,4.263571852840678,158.7,0
173.0,4.216781918090392,159.4,1
172.5,4.049831465998797,160.2,1
171.9,4.01464956365311,161.0,1
171.2,3.6021603051325606,161.8,1
170.5,3.41063328513697,162.7,1
169.6,3.457826871230833,163.5,1
168.6,2.909061436319319,164.3,1
167.5,2.8767908607364556,164.9,1
166.2,2.8837587075992643,165.4,1
165.1,3.3996316913682643,165.8,1
164.1,3.470060134111802,166.1,1
163.1,3.0841221797916676,166.4,1
162.0,3.071496034032159,166.6,1
161.0,3.374372236471151,166.7,1
159.9,3.5661910381098907,166.7,1
159.0,3.510600357049138,166.7,1
158.2,3.1891999064665724,166.8,1
157.6,4.1261215027771145,166.9,1
157.1,4.269428637173237,167.2,1
156.6,3.6203790199688983,167.7,1
155.7,3.6825265406070407,168.2,1
155.0,3.7528899588174673,168.6,1
154.4,3.629102344099382,169.1,1
153.8,3.4411327866453236,169.6,1
153.4,3.3358701432976097,170.1,1
153.1,3.4296773022523928,170.7,1
152.6,3.512633340350722,171.2,1
152.1,2.8430084392002493,171.8,1
151.8,2.8111514378593414,172.3,1
151.5,2.808890072671356,172.8,1
151.5,4.035479137544512,173.0,1
151.3,4.010369415919266,173.2,1
151.3,4.113654624746859,173.4,1
151.1,4.297460360748449,173.6,1
151.0,4.415300423675996,173.7,1
150.8,4.3026836259802375,173.7,1
151.0,5.215101124387455,173.6,1
151.2,5.847213116201266,173.5,1
151.1,5.968565302816995,173.6,1
151.0,6.080726466950987,173.5,1
151.1,5.14229810746281,173.6,1
151.5,5.075940514862023,173.7,1
151.7,5.171919606456185,173.7,1
152.4,5.102154979904298,173.7,1
152.8,5.190316276662003,173.8,1
152.8,6.0709001159820355,173.8,1
152.6,5.180603536091622,173.8,1
152.7,4.337178643502104,173.8,1
153.1,5.024248944653042,173.6,1
153.6,5.064965511244506,173.6,1
153.8,4.773451001527503,173.6,1
153.9,4.756559453299478,173.6,1
154.1,4.651599768549993,173.6,1
153.9,4.693806693389748,173.6,1
153.8,4.568243928141006,173.7,1
154.0,3.9215370587007166,173.8,1
154.3,4.045245552157722,173.8,1
154.2,4.112645596882163,173.7,1
154.0,3.7235618736396594,173.4,1
153.9,3.8631367775400682,173.0,1
154.0,3.829584025111447,172.5,1
154.0,4.846078969674712,171.9,1
153.9,4.878405864107816,171.2,1
153.9,4.657595507976906,170.5,1
154.0,5.411958292632898,169.6,1
154.0,5.277156494952959,168.6,1
154.0,5.453567676756343,167.5,1
154.2,5.579549624428093,166.2,1
154.4,5.400098281115659,165.1,1
154.5,5.188633053941791,164.1,1
154.4,5.177301120281274,163.1,1
154.4,4.124222259569213,162.0,1
154.5,4.375750987329685,161.0,1
154.3,4.444224292099767,159.9,1
154.2,3.427135957675418,159.0,0
154.0,3.208788296376807,158.2,0
153.6,2.7763188219950887,157.6,0
153.3,2.426441934737839,157.1,0
153.1,2.2148187360870653,156.6,0
152.5,2.045092413753543,155.7,0
151.7,1.8706246245242153,155.0,0
150.5,1.7249880426264022,154.4,0
149.0,1.4194216037896112,153.8,0
147.9,1.3990083760764516,153.4,0
146.6,1.5092028152149009,153.1,0
145.6,1.6262803400592962,152.6,0
144.9,1.839738169461672,152.1,0
144.0,2.623948539331672,151.8,0
143.3,2.5519245028730526,151.5,0
142.6,2.5271886813087856,151.5,0
142.2,2.7197706535824784,151.3,0
142.4,2.8284562700369156,151.3,0
142.8,2.8010938043473717,151.1,0
142.9,2.8043386562365895,151.0,0
143.0,4.031677831497282,150.8,0
143.1,5.1912782452833905,151.0,0
143.1,5.314123980389028,151.2,0
143.4,4.769464187330184,151.1,0
143.9,4.947937036624784,151.0,0
144.8,5.529630317060336,151.1,0
145.8,5.376894797712054,151.5,0
146.5,5.675632645481697,151.7,0
147.4,6.2896882536292456,152.4,0
148.7,6.49871082090178,152.8,0
150.3,5.467542521564161,152.8,0
151.9,6.073403937696218,152.6,0
153.8,6.182454734748019,152.7,0
155.6,6.604869876396238,153.1,0
157.3,6.797923083991856,153.6,0
159.2,6.6930539407300795,153.8,0
161.3,7.074733827649584,153.9,0
163.2,6.905409162364282,154.1,0
165.0,6.398687088852023,153.9,0
166.7,7.362930924370469,153.8,0
168.3,7.27334104028279,154.0,0
169.8,5.792330368908654,154.3,0
171.2,5.514178772243274,154.2,0
172.3,5.259249500446251,154.0,0
173.2,5.749450111811084,153.9,0
173.8,5.816646184105079,154.0,0
174.1,5.943555150645856,154.0,0
174.9,6.094658374595079,153.9,0
175.8,7.245397891161916,153.9,0
176.9,6.305402997763025,154.0,0
177.9,6.563242600770326,154.0,0
179.2,6.704003562586709,154.0,0
180.4,7.656545885890893,154.2,0
181.7,7.919131285670227,154.4,0
183.0,7.588619475820883,154.5,0
184.4,7.406321268780235,154.4,0
186.1,7.520576144711759,154.4,0
187.5,8.3094316248519,154.5,0
188.8,7.375134436587719,154.3,0
189.8,7.827058001924938,154.2,0
190.8,7.748624877491475,154.0,0
191.6,7.9987671871463375,153.6,0
192.4,7.645540572726505,153.3,0
193.1,7.169784033856611,153.1,0
193.7,6.750127500874522,152.5,0
194.0,6.432908458843495,151.7,0
193.8,5.841998362657459,150.5,0
193.3,4.594156394353373,149.0,0
192.8,4.110155861171467,147.9,0
192.0,3.3405540143482257,146.6,0
190.9,2.9708802318339633,145.6,0
189.5,2.3095146464048537,144.9,0
188.0,2.329894672413564,144.0,0
186.6,2.287017388385822,143.3,0
185.2,2.8991916135140863,142.6,0
184.0,2.959097624045793,142.2,0
183.0,3.3107022692515136,142.4,0
182.3,3.6254349816049327,142.8,0
181.5,3.822275869865308,142.9,0
181.1,4.281050842428341,143.0,0
180.7,4.3857488089631165,143.1,0
180.4,4.384062584222162,143.1,0
180.1,4.562509899950315,143.4,0
180.0,4.547554896521764,143.9,0
179.8,3.7724025875291796,144.8,0
179.5,4.3657126424963755,145.8,0
179.1,4.007334311417103,146.5,0
178.6,3.840138833467349,147.4,0
178.2,4.007584965871647,148.7,0
177.4,3.8586587602585167,150.3,0
176.8,4.006831553121119,151.9,0
176.2,4.017386183084424,153.8,0
175.6,3.768122278859791,155.6,0
174.7,3.771418720016856,157.3,0
174.0,4.02405666034132,159.2,0
173.1,3.5242688211555544,161.3,1
172.2,4.144006380107166,163.2,1
171.5,4.172998662129286,165.0,1
170.8,3.8779266381198196,166.7,1
170.3,3.4691356377547145,168.3,1
169.7,3.5394142512601987,169.8,1
168.9,3.446974424299203,171.2,1
168.0,2.754329556797749,172.3,1
167.1,2.9913253712482715,173.2,1
166.0,2.93308714305567,173.8,1
164.9,3.004943728373724,174.1,1
163.8,2.7568480218015887,174.9,1
162.7,3.369666639518246,175.8,1
161.6,3.436121226571305,176.9,1
160.5,4.516283940827707,177.9,4
159.5,4.354446098773391,179.2,4
158.8,4.4770212326790135,180.4,4
158.3,5.229833502443461,181.7,4
158.1,4.922863498848757,183.0,4
158.1,4.731420715004921,184.4,4
158.2,4.49789398362825,186.1,4
158.1,4.027757659377798,187.5,4
157.9,3.287926981681322,188.8,4
157.4,3.1941606901031068,189.8,4
156.9,2.2362659570561707,190.8,4
156.4,2.0562805895125367,191.6,4
155.8,2.250460031310249,192.4,4
154.8,1.4315307118074614,193.1,4
153.9,1.3603762487802746,193.7,4
153.0,1.6849972655310494,194.0,4
152.0,1.7922888009590316,193.8,4
151.2,1.984958006765595,193.3,4
150.4,2.270273066880674,192.8,4
149.7,2.407404733137077,192.0,4
148.7,2.522957094217674,190.9,4
147.8,2.6935617679446864,189.5,4
147.2,3.0303063687441907,188.0,4
146.9,3.0733456752529773,186.6,4
146.5,3.494303173694303,185.2,4
145.9,3.3356677233262175,184.0,4
145.4,3.4069401128906818,183.0,4
145.1,4.061647826327788,182.3,4
144.6,3.863268462609747,181.5,4
144.6,4.517142021575414,181.1,4
145.1,5.140467150919375,180.7,4
145.8,5.061319741399365,180.4,4
146.4,5.316131255837274,180.1,4
147.2,5.406950038754249,180.0,4
147.9,5.449476255425095,179.8,4
148.8,5.516388701205473,179.5,4
150.0,5.70695168933597,179.1,4
151.3,5.120495397546094,178.6,4
152.8,5.191880929663364,178.2,4
153.9,5.148836640487614,177.4,1
155.0,4.437592875397174,176.8,1
155.9,5.213820282743856,176.2,1
157.0,4.395566371837272,175.6,1
158.0,4.474273654954197,174.7,1
159.1,4.307633514430181,174.0,1
160.2,4.289271463221558,173.1,1
161.2,4.196126409282735,172.2,1
161.8,4.699081376115503,171.5,1
162.4,4.714501151392886,170.8,1
163.1,4.767335474984263,170.3,1
163.9,4.807224641533816,169.7,1
164.5,5.143305597990551,168.9,1
164.9,5.185515877480264,168.0,1
165.2,5.061665047573579,167.1,1
165.3,5.36378197363322,166.0,1
165.4,6.241937629089902,164.9,1
165.6,6.019480712230998,163.8,1
165.9,5.538338981710412,162.7,1
166.2,6.619896469220137,161.6,1
166.6,5.965586993136257,160.5,1
166.8,6.970382354560897,159.5,1
167.2,6.005974800619983,158.8,0
167.4,6.027828424365884,158.3,0
167.7,6.418589456778442,158.1,0
167.9,6.1307032075004075,158.1,0
167.9,5.353061917312674,158.2,0
167.8,5.445430444051146,158.1,0
167.9,5.648114975313815,157.9,0
168.0,4.807529714534737,157.4,0
167.9,4.785363907619935,156.9,0
167.8,4.603972234692661,156.4,0
167.6,4.523701661680054,155.8,0
167.5,5.250116943443688,154.8,0
167.1,4.845891974274679,153.9,0
166.9,4.670773998059142,153.0,0
166.7,4.66267033800968,152.0,0
166.6,4.395397464901343,151.2,0
166.0,3.8845251078558802,150.4,0
164.7,3.4273208666991417,149.7,0
163.3,3.3974555952536227,148.7,0
162.2,2.5464399252569128,147.8,0
160.8,2.4587954977673006,147.2,0
159.3,2.3855366863568963,146.9,0
157.7,2.45261242249199,146.5,0
156.0,2.6836164063191124,145.9,0
154.4,3.0487091620102404,145.4,0
152.8,3.188422554396067,145.1,0
151.6,4.185042825135099,144.6,0
151.4,4.44415785076621,144.6,0
151.4,4.716877211691654,145.1,0
151.3,4.835946930107294,145.8,0
151.7,5.065267838035243,146.4,0
152.5,4.496608565015299,147.2,0
153.6,5.011098160603725,147.9,0
154.8,4.91373138036507,148.8,0
156.1,4.327626347482632,150.0,0
157.3,5.341225930523694,151.3,0
158.7,4.533555134885169,152.8,0
159.8,4.488371645556405,153.9,0
161.0,5.384908308051392,155.0,0
162.0,5.254363026844278,155.9,0
162.8,5.138413402199369,157.0,0
163.4,5.712010848730906,158.0,0
164.0,5.377755740756999,159.1,0
164.7,5.37806482467702,160.2,1
165.3,5.473777448302317,161.2,1
165.8,4.691207601140593,161.8,1
166.0,5.069704996111339,162.4,1
166.2,5.1040652390390004,163.1,1
166.2,4.3516799077418495,163.9,1
166.3,4.613305927353815,164.5,1
166.7,4.598197222402886,164.9,1
167.0,3.9831042400872256,165.2,1
167.3,3.936098681528127,165.3,1
167.4,4.102761234109792,165.4,1
167.6,4.628684513975722,165.6,1
167.9,4.471356863063733,165.9,1
168.2,4.305502637266715,166.2,1
168.5,4.428806079948643,166.6,1
168.8,4.00037468721416,166.8,1
169.1,4.304425144234576,167.2,1
168.8,4.404456704136201,167.4,1
168.8,4.317759211844118,167.7,1
168.9,4.671137412771042,167.9,1
169.1,4.388493580508517,167.9,1
169.2,4.365733180984269,167.8,1
169.3,4.345259182465374,167.9,1
169.4,4.393363080950936,168.0,1
169.5,4.280517101689886,167.9,1
169.7,5.328203251242494,167.8,1
169.9,4.871624202065911,167.6,1
170.4,4.780596394860862,167.5,1
170.7,5.013174298419381,167.1,1
170.9,4.857497380830018,166.9,1
171.0,4.8397227557602545,166.7,1
171.1,5.038743283817637,166.6,1
171.1,5.928748330713389,166.0,1
171.2,5.688164491811786,164.7,1
171.3,5.77491471431848,163.3,1
171.4,5.119581278350067,162.2,1
171.5,5.010022532915297,160.8,1
171.6,5.720527113355908,159.3,0
171.7,5.601723646525202,157.7,0
171.7,5.321181915435746,156.0,0
171.6,5.3437775660210125,154.4,0
171.5,4.564975202658955,152.8,0
171.2,3.827994348737281,151.6,0
170.8,3.9476232252944454,151.4,0
170.3,3.996396235963425,151.4,0
169.7,3.936208606617589,151.3,0
169.0,4.06165871015669,151.7,0
168.3,4.599845478729094,152.5,0
167.5,4.477881418720319,153.6,0
166.9,5.067333433240833,154.8,0
166.3,5.042001074682661,156.1,0
165.4,4.924240777899158,157.3,0
164.7,4.66252547012561,158.7,0
163.8,4.473432651977228,159.8,1
163.0,4.844018820469154,161.0,1
162.0,4.7517788510126175,162.0,1
160.9,4.763693516249516,162.8,1
159.7,3.589711000740542,163.4,1
158.1,4.026353907852224,164.0,1
156.4,3.6867850121443597,164.7,1
154.6,3.581672299338254,165.3,1
152.8,3.6537715476329042,165.8,1
151.2,3.651276011683341,166.0,1
149.8,3.5513710408561727,166.2,1
148.4,3.0004212441117772,166.2,1
147.0,2.6704561344582145,166.3,1
145.4,2.554933790356315,166.7,1
143.7,2.9010981303245487,167.0,1
142.7,2.6412500180620335,167.3,1
141.7,2.3578596377169596,167.4,1
140.5,2.5480044041918233,167.6,1
139.4,2.6102664384019243,167.9,1
138.4,3.0024936318670763,168.2,1
137.2,3.057266946559729,168.5,1
136.0,2.886422209950231,168.8,1
134.8,2.801199933718825,169.1,1
133.9,2.578664199756276,168.8,1
132.8,1.9509921780586157,168.8,1
131.6,1.613502233640044,168.9,1
130.5,1.4118961044105738,169.1,1
129.7,1.3171604329338193,169.2,1
129.6,1.1360968938285017,169.3,1
129.2,0.7315354889245252,169.4,1
128.8,0.710647198772678,169.5,1
128.0,0.9365589877065691,169.7,1
127.5,1.263967558414515,169.9,1
127.1,1.429965422926338,170.4,1
127.4,1.697319619677342,170.7,1
127.5,1.8268102881886297,170.9,1
127.2,1.7920704392850322,171.0,1
126.9,1.6731223136258357,171.1,1
125.9,1.6418916413600013,171.1,1
125.1,1.5656606865977845,171.2,1
124.9,1.5424078179149272,171.3,1
125.1,1.2938104932902916,171.4,1
124.9,0.973608335251549,171.5,1
124.6,0.8561608276823727,171.6,1
124.3,0.54622700041586,171.7,1
124.1,0.3632897724125087,171.7,1
123.9,0.36328977290761966,171.6,1
124.2,0.31810034918972896,171.5,1
124.6,0.271028032775667,171.2,1
124.9,0.31035993297864567,170.8,1
124.5,0.2777242177194402,170.3,1
124.0,0.2545029657628381,169.7,1
124.2,0.26988019553366277,169.0,1
124.2,0.2325372479977478,168.3,1
123.9,0.225005677210068,167.5,1
123.4,0.25701485305396404,166.9,1
123.3,0.2545037840863136,166.3,1
122.7,0.29467107101776696,165.4,1
122.3,0.29937830300013646,164.7,1
121.8,0.26172044937684014,163.8,1
121.8,0.27113491336777934,163.0,1
121.8,0.2523059865523883,162.0,1
121.7,0.2523059870474992,160.9,1
122.1,0.2890223955061801,159.7,1
122.0,0.3031440911842938,158.1,0
122.1,0.27132309611677774,156.4,0
122.0,0.2741164366812693,154.6,0
122.2,0.23406205842332217,152.8,0
122.1,0.22944891702522732,151.2,0
122.3,0.22003445388567316,149.8,0
122.2,0.22003445539346328,148.4,0
122.2,0.21106213499853652,147.0,0
122.3,1.789289389602692,145.4,0
122.3,2.3545368803125326,143.7,0
122.7,3.4555228396545274,142.7,0
122.6,6.01340582300302,141.7,0
122.6,7.215411270711014,140.5,0
122.7,7.994924034718856,139.4,2
123.1,9.570176400523204,138.4,2
123.4,10.117049351051936,137.2,2
123.8,12.226876808240911,136.0,2
124.5,13.09393364035626,134.8,2
125.0,13.299543780270582,133.9,2
125.5,13.241217846849517,132.8,2
126.0,13.619294717111018,131.6,2
127.1,11.474472593153978,130.5,2
128.4,10.506676794979729,129.7,2
128.9,10.173107500439404,129.6,2
128.7,9.779721264214297,129.2,2
128.2,10.11820199271908,128.8,2
128.1,9.0256017479925,128.0,2
128.0,9.387342586283236,127.5,2
128.1,8.726228323813835,127.1,2
128.0,9.185014216681404,127.4,2
128.1,8.982511868613354,127.5,2
128.3,10.234616798323163,127.2,2
128.6,10.786551783139076,126.9,2
129.5,11.289062947607881,125.9,2
130.8,12.506351740159358,125.1,2
132.5,12.708930672927812,124.9,2
134.0,12.75282253317159,125.1,2
135.3,13.72980685609095,124.9,2
136.3,13.754446094935053,124.6,2
137.2,15.18085982327887,124.3,2
137.8,15.295626842700699,124.1,2
138.1,14.896970145450018,123.9,2
137.7,15.444205233020233,124.2,2
137.2,17.39864070190476,124.6,2
136.9,17.58616451125956,124.9,2
136.6,17.563461157781553,124.5,2
136.4,18.395673969946333,124.0,2
136.2,17.82150422357227,124.2,2
136.0,18.01888563287876,124.2,2
136.0,17.529229412979774,123.9,2
136.4,16.906141926404448,123.4,2
136.8,16.527129295514644,123.3,2
137.6,16.48343845999156,122.7,2
138.3,14.63123298932758,122.3,2
139.0,13.244124522363318,121.8,2
139.4,12.496113012885127,121.8,2
139.3,10.665704418646984,121.8,2
139.4,9.05062932312558,121.7,2
139.3,7.774744005276245,122.1,2
138.7,6.166193795448057,122.0,2
137.8,5.605243738282837,122.1,2
136.1,5.34214966256842,122.0,2
134.6,5.944475722860524,122.2,2
133.5,6.84890048755654,122.1,2
132.7,6.607781008080108,122.3,2
132.2,8.773528218259951,122.2,2
132.2,11.618625233522247,122.2,2
132.1,12.986469317247057,122.3,2
132.2,14.302025579850545,122.3,2
132.6,16.847655211993896,122.7,2
133.0,19.13311924581323,122.6,2
134.2,20.67955379617206,122.6,2
135.0,20.90118469808137,122.7,2
135.5,21.096174511355223,123.1,2
135.7,22.277352967833732,123.4,2
135.8,22.294266536558464,123.8,2
136.3,21.82545177327929,124.5,2
136.8,21.691712989657418,125.0,2
137.3,22.794062786653395,125.5,2
137.9,22.43494978599166,126.0,2
138.5,22.07264296726788,127.1,2
139.1,22.016059815327946,128.4,2
139.8,21.979269107176155,128.9,2
140.5,21.856152230963055,128.7,2
141.3,21.663971395323944,128.2,2
142.0,21.05883525750864,128.1,2
142.2,20.431308881273537,128.0,2
142.2,21.07132726317834,128.1,2
142.2,20.477197220085934,128.0,2
142.2,19.909285673051215,128.1,2
142.3,19.771940969743962,128.3,2
142.3,19.653612212465145,128.6,2
142.5,19.535549392670998,129.5,2
142.7,19.483044718138856,130.8,2
142.8,19.502683569959338,132.5,2
142.8,19.58487197289663,134.0,2
142.7,19.819543590497005,135.3,2
142.6,20.036973376551323,136.3,2
142.5,20.176788651914766,137.2,2
142.4,20.288883150687674,137.8,2
142.3,20.314662530435598,138.1,2
142.3,20.174651808182947,137.7,2
142.3,19.8869065001279,137.2,2
142.3,19.495995665054267,136.9,2
142.3,18.89831289814514,136.6,2
142.5,18.18118689938138,136.4,2
142.7,17.09644031989628,136.2,2
143.1,15.379515101284667,136.0,2
143.6,13.890637594574864,136.0,2
144.2,11.9836913066883,136.4,2
145.1,9.984231554131098,136.8,2
145.7,8.120792004384715,137.6,2
144.1,6.421600570014974,138.3,2
142.9,5.166699277801138,139.0,0
142.1,4.681041901443966,139.4,0
141.3,3.9568269299101972,139.3,0
139.8,3.682221831831516,139.4,0
137.9,5.484859917678556,139.3,0
136.2,7.1415907673297045,138.7,2
134.6,8.038482167261185,137.8,2
132.8,10.374119269545066,136.1,2
131.3,12.795185368561633,134.6,2
132.0,14.870912278862136,133.5,2
132.3,16.724522119776175,132.7,2
132.2,17.953067776500106,132.2,2
132.0,19.5044231523955,132.2,2
132.6,20.938397237989665,132.1,2
133.5,21.022251622731233,132.2,2
134.2,21.47323630657548,132.6,2
134.8,23.104110632326346,133.0,2
135.3,22.025246232929856,134.2,2
135.7,22.50903728374282,135.0,2
135.8,23.20813962358376,135.5,2
135.8,22.306031997445032,135.7,2
135.8,22.687814215750453,135.8,2
135.8,21.819323047089515,136.3,2
135.4,21.643553169175465,136.8,2
135.0,21.343731158305427,137.3,2
134.6,19.903511970497377,137.9,2
134.2,17.51654446167568,138.5,2
133.8,16.842698978446883,139.1,2
133.6,14.297195095431817,139.8,2
133.6,11.55803716855219,140.5,2
133.4,10.29490118771167,141.3,2
133.3,7.8911907518149444,142.0,0
132.8,6.729147745505983,142.2,0
132.7,4.878206774007436,142.2,0
132.9,2.98916829516285,142.2,0
132.9,1.8006494057212916,142.2,0
132.5,1.525475670834426,142.3,0
131.8,1.1572460565937537,142.3,0
131.1,0.9196063076535317,142.5,0
129.8,1.0471541772018724,142.7,0
129.1,1.317447751480568,142.8,0
128.4,2.169406352019101,142.8,0
127.8,3.0979595339049815,142.7,0
127.4,3.5864976623709723,142.6,0
127.2,5.551384507634809,142.5,0
127.1,6.128361229504907,142.4,0
127.3,8.480620665715932,142.3,0
127.0,9.631216551713713,142.3,0
126.7,11.967798638015232,142.3,2
127.3,13.70842429592625,142.3,2
127.7,15.63098328064982,142.3,2
127.9,15.649705895547878,142.5,2
128.4,16.168520515678974,142.7,2
128.7,17.86404226871823,143.1,2
128.1,17.61612193235198,143.6,2
127.6,18.199692826281147,144.2,2
127.0,17.798223666236275,145.1,2
127.2,18.292524041016918,145.7,3
127.3,17.314112921667483,144.1,2
127.2,16.864237059484534,142.9,2
126.6,17.1938536903206,142.1,2
126.5,16.903888963151996,141.3,2
126.5,16.593725527003112,139.8,2
126.1,16.648875286042347,137.9,2
126.2,15.332835826899432,136.2,2
126.4,16.43323247896036,134.6,2
126.6,15.340484274554992,132.8,2
126.9,15.531811288230447,131.3,2
127.3,15.109669325531689,132.0,2
127.6,15.556486812534004,132.3,2
128.3,14.820562364690257,132.2,2
128.7,14.845517035772406,132.0,2
129.1,15.050626357664887,132.6,2
129.9,14.352601786886959,133.5,2
130.6,15.687891655386641,134.2,2
131.2,14.323375540429007,134.8,2
132.0,14.471841405768027,135.3,2
133.0,14.783370260681476,135.7,2
134.0,16.3816339980085,135.8,2
135.3,15.71519023176791,135.8,2
136.8,15.182463502418873,135.8,2
138.2,17.230752953030226,135.8,2
139.5,18.387118722465722,135.4,2
140.7,19.061255833553822,135.0,2
141.9,19.61133917131011,134.6,2
142.9,21.05003543028631,134.2,2
144.0,22.37163437434944,133.8,2
144.8,22.28759932306318,133.6,2
145.5,21.855984635528817,133.6,2
146.0,22.76563693053254,133.4,2
146.3,23.54675005829397,133.3,2
146.7,22.73684717131171,132.8,2
147.2,22.13436916605396,132.7,2
147.8,21.749121789542713,132.9,2
148.4,21.331357819514214,132.9,2
149.1,20.960333698316926,132.5,2
149.7,20.647611948010848,131.8,2
150.4,20.88698307811658,131.1,2
151.2,21.125852643400112,129.8,2
152.0,20.18238238480112,129.1,2
152.9,20.524821111752896,128.4,2
153.8,20.927754029723953,127.8,2
154.7,20.755517134590182,127.4,2
155.4,20.598620815745974,127.2,2
156.1,20.467645051639224,127.1,2
156.8,20.2138742444638,127.3,2
157.4,19.915492792130056,127.0,2
157.9,19.075182703622993,126.7,2
158.3,18.377308089261717,127.3,2
158.6,18.97136812404535,127.7,2
158.7,18.36729669488302,127.9,2
158.7,17.781269531950024,128.4,2
158.6,18.07076802010929,128.7,2
158.6,18.283299963368876,128.1,2
158.6,17.437794217865992,127.6,2
158.6,17.66926851734431,127.0,2
158.7,17.813944788069342,127.2,2
158.8,17.67175386346657,127.3,2
158.9,17.48138520323219,127.2,2
159.0,17.216475368513116,126.6,2
159.3,17.025701064595957,126.5,2
159.6,16.931251484003468,126.5,2
160.0,16.55953361506181,126.1,2
160.4,16.654729033354027,126.2,2
160.7,17.864901014252315,126.4,2
161.2,16.93467563420957,126.6,2
161.5,17.28739311483887,126.9,2
161.8,17.924343485944327,127.3,2
162.1,18.209108280648447,127.6,2
162.2,18.4817556442111,128.3,2
162.2,18.634551786248274,128.7,2
162.2,18.745733900942167,129.1,2
162.1,18.843426248897106,129.9,2
162.0,18.46647100995771,130.6,2
161.9,17.816922072430167,131.2,2
161.7,18.153954788046057,132.0,2
161.6,17.403317707084213,133.0,2
161.6,16.741434425871937,134.0,2
161.7,15.512020540087196,135.3,2
162.0,14.293328407172663,136.8,2
162.3,13.449779927079792,138.2,2
162.6,12.102559154014369,139.5,2
162.6,10.306528107468086,140.7,2
161.7,8.61782925984439,141.9,0
160.5,7.122154859067005,142.9,0
159.2,5.7242581339352405,144.0,0
157.6,4.23329112863295,144.8,0
156.2,2.690085294207437,145.5,0
155.3,2.0889701148059556,146.0,0
154.7,2.0689029075781504,146.3,0
154.2,1.924217339024186,146.7,0
153.1,2.12325477621982,147.2,0
152.1,4.294140508821293,147.8,0
152.1,6.629067066689056,148.4,0
152.3,8.35788165195684,149.1,0
152.7,10.119922265001913,149.7,0
153.4,11.954957199775652,150.4,0
153.7,13.812621969095641,151.2,0
153.5,15.674304526979878,152.0,3
153.1,16.973199537012356,152.9,3
152.7,18.007141904127547,153.8,3
152.9,19.11526733957814,154.7,3
153.3,18.56848190860992,155.4,3
153.8,17.83506512330486,156.1,3
154.5,17.81975873728728,156.8,3
155.1,17.831011264314327,157.4,3
155.7,17.798447328675774,157.9,3
156.5,17.881853450383442,158.3,3
157.2,17.895942758583153,158.6,3
157.9,17.89891259497069,158.7,3
158.5,17.944906528096446,158.7,3
159.1,18.04791104179098,158.6,3
159.8,18.22407546140698,158.6,3
160.3,18.388793361117642,158.6,3
160.8,18.497672375615892,158.6,3
161.2,18.61743756250744,158.7,3
161.6,18.671643389178193,158.8,3
161.9,18.62370590676978,158.9,3
162.3,18.786452818192704,159.0,3
162.6,19.247989534467237,159.3,3
162.9,19.949819687341602,159.6,3
163.1,21.000330426633084,160.0,3
163.2,22.320937726751236,160.4,3
163.4,23.854700226675266,160.7,3
163.4,25.340476225120163,161.2,3
163.4,27.33458938458931,161.5,3
163.4,29.18270368435564,161.8,3
163.5,29.052359196241422,162.1,3
163.5,30.642872949773373,162.2,3
163.6,32.059042396388904,162.2,3
163.7,31.077125637496756,162.2,3
163.8,29.49228253414811,162.1,3
163.8,27.494681351211614,162.0,3
163.6,25.879893255255116,161.9,3
163.1,23.084173121106065,161.7,3
162.7,19.411241605298038,161.6,3
162.0,15.991272333030755,161.6,3
160.8,14.271368762251365,161.7,3
159.5,10.60851491922906,162.0,1
157.7,6.868766193336981,162.3,1
156.2,5.3084822599166674,162.6,1
154.8,4.003005108368558,162.6,1
153.6,2.9308783822858215,161.7,1
150.6,1.2277455652193168,160.5,1
148.4,1.2749669207364374,159.2,1
145.9,1.4495969231812498,157.6,0
143.6,2.5383318016743353,156.2,0
141.3,4.085814588942804,155.3,0
139.0,5.591589706649148,154.7,0
137.1,8.443415916466247,154.2,0
135.3,10.96820472545927,153.1,0
133.6,13.078528466323371,152.1,0
132.0,15.115170923589684,152.1,3
132.4,17.159713948720537,152.3,3
132.6,18.70151329690933,152.7,3
133.1,20.47052883356564,153.4,3
134.0,21.311117092083613,153.7,3
135.5,21.942894658385182,153.5,3
137.2,22.719675745585224,153.1,3
139.0,22.181351343165467,152.7,3
140.5,21.88098181543496,152.9,3
142.1,21.91934590139646,153.3,3
143.5,22.233652855148065,153.8,3
145.0,22.51070598836659,154.5,3
146.5,21.419180757715303,155.1,3
148.0,21.282952645368102,155.7,3
149.3,20.79780160117378,156.5,3
150.6,19.15688483921517,157.2,3
151.7,17.055911860982945,157.9,3
152.7,15.635798768788675,158.5,3
153.3,13.711689536294887,159.1,3
153.7,12.29503886971339,159.8,3
154.1,10.443725545020538,160.3,3
154.3,8.231515866622127,160.8,1
154.4,7.567064946500369,161.2,1
154.3,6.546785056553313,161.6,1
154.4,5.155543983662241,161.9,1
154.2,5.850254844669599,162.3,1
154.2,7.060451919029037,162.6,1
154.2,7.232095211390822,162.9,1
154.3,7.929232937993812,163.1,1
154.1,8.73041831070121,163.2,1
153.8,9.839779067434467,163.4,1
153.7,10.650420127897242,163.4,1
153.5,12.225556532332655,163.4,3
153.5,13.290871770633052,163.4,3
153.3,14.782291501848004,163.5,3
153.2,15.39560034644677,163.5,3
153.1,15.989511666497028,163.6,3
153.0,16.9229599680054,163.7,3
153.2,17.958273476797533,163.8,3
153.8,18.358108981230348,163.8,3
154.6,18.60399729601548,163.6,3
155.4,19.770117437006153,163.1,3
156.2,20.301586715929915,162.7,3
157.2,19.446322265335684,162.0,3
158.2,18.85069528721176,160.8,3
159.2,19.353002502289723,159.5,3
160.2,19.4289729649038,157.7,3
161.0,19.058180804499592,156.2,3
161.8,18.54875450913014,154.8,3
162.4,18.506551465839507,153.6,3
162.9,19.02425208458829,150.6,3
163.1,18.119076465794798,148.4,3
163.3,16.825881831670475,145.9,0
163.2,18.139921722053444,143.6,2
163.1,19.07490968901032,141.3,2
163.0,18.40770234906143,139.0,2
162.9,18.573930771101203,137.1,2
163.0,19.19794632120606,135.3,2
163.0,18.77874456874151,133.6,2
163.1,19.118637778772694,132.0,2
163.3,18.91152293560958,132.4,2
163.5,19.351398958038935,132.6,2
163.6,19.56788712965559,133.1,2
163.7,18.43035497650922,134.0,2
163.7,17.43576948678404,135.5,2
163.7,16.538079466589014,137.2,2
163.6,14.965562101069494,139.0,2
163.4,13.252110178437466,140.5,2
163.2,12.258711945565711,142.1,2
163.0,10.040067197238166,143.5,0
162.3,7.81610351102984,145.0,0
160.2,6.176134918025538,146.5,0
158.0,4.9723603664146285,148.0,0
155.5,3.7263815000903477,149.3,0
153.2,3.030009307728162,150.6,0
151.1,3.5214146111796945,151.7,0
148.9,4.450884573935171,152.7,0
146.7,5.208384721115432,153.3,0
144.5,6.390015633837139,153.7,0
142.1,7.741168852981747,154.1,0
140.0,8.90975264832256,154.3,0
139.5,9.920594766065499,154.4,0
139.4,10.714116771197983,154.3,0
139.9,11.326055650955237,154.4,0
140.2,11.405525171764175,154.2,0
140.4,10.631492685059603,154.2,0
140.7,10.023139980287308,154.2,0
141.2,9.908472395505788,154.3,0
141.8,9.251328087882756,154.1,0
142.6,10.154839677596787,153.8,0
143.5,10.308491284796657,153.7,0
144.3,11.870500024479112,153.5,0
145.0,13.518184440505166,153.5,3
145.4,15.104977834355461,153.3,3
145.9,16.82405158256385,153.2,3
146.4,18.58413583520521,153.1,3
146.9,19.921509761988528,153.0,3
147.4,21.31180699391014,153.2,3
147.9,23.078221090156262,153.8,3
148.7,22.012150140574146,154.6,3
149.6,23.35311427999561,155.4,3
150.6,23.3208358852239,156.2,3
151.7,21.740161705782278,157.2,3
152.8,21.86987276439421,158.2,3
153.9,22.303770682520803,159.2,3
154.7,21.117931405182656,160.2,3
155.4,20.05137664831263,161.0,3
155.8,20.482834904731817,161.8,3
156.2,19.419275956491493,162.4,3
156.3,19.419790909473875,162.9,3
156.3,19.28210333964237,163.1,3
156.2,19.07187518171305,163.3,3
155.9,19.98578437303943,163.2,3
155.7,19.61580532767661,163.1,3
155.4,19.039858895573808,163.0,3
155.3,20.123582692608835,162.9,3
155.3,21.108100957059314,163.0,3
155.5,20.388840686022093,163.0,3
155.8,21.33691992571057,163.1,3
156.1,22.517095436610965,163.3,3
156.5,22.319139371120478,163.5,3
157.1,22.248536151688853,163.6,3
157.8,22.435010318901494,163.7,3
158.4,22.772456365202977,163.7,3
159.1,22.95655750241483,163.7,3
160.0,21.87649073776002,163.6,3
161.0,22.237414291110156,163.4,3
162.0,22.471832066552373,163.2,3
162.8,21.242093886986584,163.0,3
163.5,20.970448599889384,162.3,3
164.0,20.71206476450835,160.2,3
164.4,20.18937742117668,158.0,3
164.6,19.776141134721136,155.5,3
164.7,19.127037552479184,153.2,3
164.7,19.02132289003721,151.1,3
164.6,20.23048061781848,148.9,3
164.5,18.816736937417755,146.7,3
164.4,18.65984551570539,144.5,2
164.3,19.967969881050617,142.1,2
164.4,19.893841499795986,140.0,2
164.6,19.789135366643773,139.5,2
164.8,20.03276471823518,139.4,2
165.1,20.395396608921825,139.9,2
165.4,21.52818516370241,140.2,2
165.7,22.854292319665355,140.4,2
165.8,22.45818762574924,140.7,2
165.9,23.33012871146099,141.2,2
166.0,22.759790969645486,141.8,2
166.2,20.98236158641652,142.6,2
165.8,19.229280808156453,143.5,2
165.1,17.434372275139154,144.3,2
163.9,15.461068340008023,145.0,0
161.5,13.3426373612125,145.4,0
159.1,10.584548896247862,145.9,0
156.8,7.1758332311154565,146.4,0
154.6,6.217841061254564,146.9,0
151.8,5.403491875197169,147.4,0
149.3,4.27632090662315,147.9,0
147.1,5.126593068151194,148.7,0
145.6,6.369350206897688,149.6,0
144.5,7.713387975145951,150.6,0
143.5,9.24499997580741,151.7,0
143.3,10.080741590025742,152.8,0
143.2,11.629597345248389,153.9,0
143.2,13.20338653618162,154.7,3
143.1,13.701915893425872,155.4,3
143.5,14.466122006654368,155.8,3
143.7,15.935661039866185,156.2,3
143.5,15.614603747875899,156.3,3
143.3,16.801328492361815,156.3,3
143.2,18.023826192682794,156.2,3
143.4,17.670005773313548,155.9,3
144.0,20.044380156742626,155.7,3
144.7,21.581188370159047,155.4,3
145.4,20.8417526326589,155.3,3
145.9,22.856150812450018,155.3,3
146.3,24.625496362262325,155.5,3
146.7,23.932652045067442,155.8,3
147.3,24.36244159886342,156.1,3
147.6,24.681553246151747,156.5,3
147.6,23.20262159331272,157.1,3
147.5,24.23275516850176,157.8,3
147.3,23.578822791402224,158.4,3
147.2,21.485902201355287,159.1,3
146.8,21.7209475047343,160.0,3
146.8,20.620411159132555,161.0,3
146.9,18.969352211157524,162.0,3
146.9,19.605154793556828,162.8,3
146.7,20.056019733068222,163.5,3
146.5,18.002027744278173,164.0,3
146.4,18.875266745780095,164.4,3
146.4,19.23822366322433,164.6,3
146.6,17.789212182890616,164.7,3
146.6,17.71747616762959,164.7,3
146.8,19.026543328935702,164.6,3
146.9,19.143356795616704,164.5,3
147.2,18.150715345169907,164.4,3
147.6,17.204207904626166,164.3,3
148.0,18.124952906156096,164.4,3
148.6,19.78449557791671,164.6,3
149.2,18.38821375771284,164.8,3
149.7,17.836416094553392,165.1,3
150.1,18.595399096866537,165.4,3
150.4,18.98851687622024,165.7,3
150.5,17.92453867035605,165.8,3
150.6,16.11830117052499,165.9,3
150.5,16.75536096859771,166.0,3
150.3,17.48601012942094,166.2,3
149.9,15.372260937089958,165.8,3
149.5,14.456316302895555,165.1,3
149.2,15.732323293625717,163.9,3
149.3,14.556339926627217,161.5,3
149.3,13.555000189552084,159.1,3
149.4,13.758050389232219,156.8,3
149.6,13.683968275078238,154.6,3
149.9,14.507227850521058,151.8,3
150.3,14.284329164007383,149.3,0
150.7,13.204357021397916,147.1,0
151.3,13.957049910277624,145.6,0
151.8,14.041248970853621,144.5,0
152.2,13.417528482945173,143.5,0
152.3,14.244784163117576,143.3,2
152.5,15.449765540427322,143.2,2
152.8,14.832941986471306,143.2,2
153.1,14.3649418614804,143.1,2
153.3,14.434718975769295,143.5,2
153.5,14.598602515869127,143.7,2
153.8,14.45375659845522,143.5,2
153.9,13.115864156197492,143.3,0
153.7,12.510529242034902,143.2,0
153.4,11.765780671686153,143.4,0
153.1,11.087161183602177,144.0,0
152.8,9.942687643417653,144.7,0
152.5,9.300926460927606,145.4,0
152.2,8.639892167335367,145.9,0
151.8,7.277097188640541,146.3,0
151.3,5.855356378765371,146.7,0
150.5,5.483528098264644,147.3,0
150.0,6.045148967686952,147.6,0
149.8,5.512887613734799,147.6,0
149.9,5.036170774841512,147.5,0
150.0,4.215726425217463,147.3,0
150.4,3.5355525369821246,147.2,0
150.7,3.3923797434288283,146.8,0
150.7,3.3985089860482582,146.8,0
150.9,3.5527875379503113,146.9,0
151.2,3.467676141531843,146.9,0
151.5,4.249166526722845,146.7,0
151.8,3.825918330343364,146.5,0
152.2,3.309167803685201,146.4,0
152.4,3.2448643312971983,146.4,0
152.9,3.127132865082143,146.6,0
153.0,2.8962150293165276,146.6,0
152.9,2.6212455234876346,146.8,0
153.1,2.3911281924257475,146.9,0
152.9,2.0843423210629686,147.2,0
151.6,1.8879045658001483,147.6,0
150.3,0.8535512282212825,148.0,0
149.2,0.5112004330440281,148.6,0
148.4,0.39102088936305074,149.2,0
147.7,0.5227112668305542,149.7,0
147.0,0.5962696305399589,150.1,0
146.7,0.7075078287760546,150.4,0
146.6,0.9724983958514632,150.5,0
146.2,1.0011735728625255,150.6,0
146.0,1.028434522148971,150.5,0
146.5,1.377655511793836,150.3,0
147.3,1.5320449732221029,149.9,0
147.4,1.725576253622508,149.5,0
147.2,2.042629038383586,149.2,0
147.1,2.1627837074992997,149.3,0
146.8,2.368943455078688,149.3,0
146.4,2.6859832500294187,149.4,0
145.9,2.7069927986628555,149.6,0
145.9,4.103433734788373,149.9,0
146.0,4.218356150308312,150.3,0
146.1,4.093750162727684,150.7,0
146.4,4.683643424605273,151.3,0
147.1,4.913090867476757,151.8,0
147.7,4.8467722122009835,152.2,0
148.2,4.928090263058909,152.3,0
148.7,4.779457408061626,152.5,0
149.2,5.196412623715294,152.8,0
149.6,5.63698675121192,153.1,0
149.5,4.670641464597924,153.3,0
149.4,5.667096014280255,153.5,0
149.7,5.645690856574877,153.8,0
149.4,5.274734808901709,153.9,0
149.1,6.6011945248090145,153.7,0
148.9,6.6110615109169135,153.4,0
148.7,6.493054822302557,153.1,0
148.4,6.672150990434721,152.8,0
148.0,7.003857659565972,152.5,0
147.9,6.74506435753739,152.2,0
148.2,7.962463808893167,151.8,0
148.4,7.176112793569883,151.3,0
148.4,7.358774423338292,150.5,0
148.8,7.344102674686825,150.0,0
149.3,7.828039736744353,149.8,0
149.7,7.796046027157476,149.9,0
150.1,7.590155946927352,150.0,0
150.33333333333334,8.02036410813637,150.4,0
150.5,7.521776038612855,150.7,0
150.57142857142858,7.920314411836289,150.7,0
150.5,6.406490190220339,150.9,0
