cohort,stage,feature,coefficient,standardizedCoefficient,absStandardizedCoefficient
hardTrailRun,E1 distance,intercept,6.287231990806307,,
hardTrailRun,E1 distance,logDistanceKm,1.1717294413855888,0.5906967332775331,0.5906967332775331
hardTrailRun,E2 terrain physics + progress,intercept,5.091469345456005,,
hardTrailRun,E2 terrain physics + progress,logDistanceKm,1.0932034174018552,0.5511098933415036,0.5511098933415036
hardTrailRun,E2 terrain physics + progress,logGapFactor,0.6157086004180033,0.4964996134288259,0.4964996134288259
hardTrailRun,E2 terrain physics + progress,altitudePenalty,11.359973618707107,0.43221108704689737,0.43221108704689737
hardTrailRun,E2 terrain physics + progress,progress,0.14769295284735032,0.08361737108644704,0.08361737108644704
hardTrailRun,E2 terrain physics + progress,terrain_climb,0.8257075665142556,0.664906265543474,0.664906265543474
hardTrailRun,E2 terrain physics + progress,terrain_descent,0.8726750791076356,0.7066409507574434,0.7066409507574434
hardTrailRun,E2 terrain physics + progress,terrain_flat,0.7919763241551342,0.6694243815919838,0.6694243815919838
hardTrailRun,E2 terrain physics + progress,terrain_mixed_climb_descent,0.8172165869393685,0.5317609931989702,0.5317609931989702
hardTrailRun,E2 terrain physics + progress,terrain_steep_climb,0.7641114585068517,0.3825324187620585,0.3825324187620585
hardTrailRun,E2 terrain physics + progress,terrain_steep_descent,1.0197823302327462,0.5329739745291174,0.5329739745291174
hardTrailRun,E3 CTL readiness,intercept,5.105146639369609,,
hardTrailRun,E3 CTL readiness,logDistanceKm,1.0929900884733352,0.5510023491450879,0.5510023491450879
hardTrailRun,E3 CTL readiness,logGapFactor,0.6190495189773269,0.4991936878206327,0.4991936878206327
hardTrailRun,E3 CTL readiness,altitudePenalty,11.303693712381396,0.4300698145133172,0.4300698145133172
hardTrailRun,E3 CTL readiness,progress,0.14822524093870748,0.08391872961440545,0.08391872961440545
hardTrailRun,E3 CTL readiness,ctl,-0.01645406938356475,-0.00800459122939393,0.00800459122939393
hardTrailRun,E3 CTL readiness,tsb,-0.035057283207215115,-0.02032883210720735,0.02032883210720735
hardTrailRun,E3 CTL readiness,terrain_climb,0.8259586204550967,0.665108428324856,0.665108428324856
hardTrailRun,E3 CTL readiness,terrain_descent,0.8756391690022246,0.7090410964146159,0.7090410964146159
hardTrailRun,E3 CTL readiness,terrain_flat,0.7923305105142093,0.6697237604713273,0.6697237604713273
hardTrailRun,E3 CTL readiness,terrain_mixed_climb_descent,0.8192108532637554,0.5330586578062574,0.5330586578062574
hardTrailRun,E3 CTL readiness,terrain_steep_climb,0.7675799679409513,0.3842688373022514,0.3842688373022514
hardTrailRun,E3 CTL readiness,terrain_steep_descent,1.0244275181934224,0.5354017125046042,0.5354017125046042
hardTrailRun,E4 REDI readiness,intercept,5.105117482727767,,
hardTrailRun,E4 REDI readiness,logDistanceKm,1.0939453843914038,0.5514839365817313,0.5514839365817313
hardTrailRun,E4 REDI readiness,logGapFactor,0.6192296898928069,0.49933897536384103,0.49933897536384103
hardTrailRun,E4 REDI readiness,altitudePenalty,11.299110561068742,0.4298954400933203,0.4298954400933203
hardTrailRun,E4 REDI readiness,progress,0.1483632720169254,0.08399687684937028,0.08399687684937028
hardTrailRun,E4 REDI readiness,trimpRediSlow,-0.015443080411705298,-0.007970237453733563,0.007970237453733563
hardTrailRun,E4 REDI readiness,trimpRediBalance,-0.039780558574888034,-0.021036626857704764,0.021036626857704764
hardTrailRun,E4 REDI readiness,terrain_climb,0.8259844808847311,0.6651292526001694,0.6651292526001694
hardTrailRun,E4 REDI readiness,terrain_descent,0.8757292274031119,0.7091140204106715,0.7091140204106715
hardTrailRun,E4 REDI readiness,terrain_flat,0.7926017174245934,0.6699530003017743,0.6699530003017743
hardTrailRun,E4 REDI readiness,terrain_mixed_climb_descent,0.819149129553305,0.5330184943268351,0.5330184943268351
hardTrailRun,E4 REDI readiness,terrain_steep_climb,0.7672993189887183,0.3841283377438094,0.3841283377438094
hardTrailRun,E4 REDI readiness,terrain_steep_descent,1.0243536084733427,0.5353630846954145,0.5353630846954145
hardTrailRun,E5 HR effort,intercept,6.125215480382695,,
hardTrailRun,E5 HR effort,logDistanceKm,1.0106254822685823,0.5094803884394616,0.5094803884394616
hardTrailRun,E5 HR effort,logGapFactor,0.815767464315202,0.6578245462306982,0.6578245462306982
hardTrailRun,E5 HR effort,altitudePenalty,6.096023513494282,0.2319344250141557,0.2319344250141557
hardTrailRun,E5 HR effort,progress,0.19625496572620144,0.11111108539922554,0.11111108539922554
hardTrailRun,E5 HR effort,meanHrReserve,-1.5657809575944734,-0.4239593090139815,0.4239593090139815
hardTrailRun,E5 HR effort,ctl,-0.1794171651755532,-0.08728303213559277,0.08728303213559277
hardTrailRun,E5 HR effort,tsb,0.09465756753625928,0.05488952999430434,0.05488952999430434
hardTrailRun,E5 HR effort,terrain_climb,0.911677271369266,0.7341339167400466,0.7341339167400466
hardTrailRun,E5 HR effort,terrain_descent,1.0936848168165123,0.885601637180335,0.885601637180335
hardTrailRun,E5 HR effort,terrain_flat,0.9271002459465327,0.7836389673373172,0.7836389673373172
hardTrailRun,E5 HR effort,terrain_mixed_climb_descent,0.9966773641066534,0.6485357168547136,0.6485357168547136
hardTrailRun,E5 HR effort,terrain_steep_climb,0.886395409947366,0.44375068109741206,0.44375068109741206
hardTrailRun,E5 HR effort,terrain_steep_descent,1.3096803721963024,0.6844848480292122,0.6844848480292122
hardTrailRun,E6 decayed acute TRIMP,intercept,6.192198290948944,,
hardTrailRun,E6 decayed acute TRIMP,logDistanceKm,0.9673309107231297,0.48765456322992545,0.48765456322992545
hardTrailRun,E6 decayed acute TRIMP,logGapFactor,0.7964079343266635,0.642213266562122,0.642213266562122
hardTrailRun,E6 decayed acute TRIMP,altitudePenalty,4.083706758386035,0.1553721334630766,0.1553721334630766
hardTrailRun,E6 decayed acute TRIMP,meanHrReserve,-1.760624816836795,-0.4767162847131243,0.4767162847131243
hardTrailRun,E6 decayed acute TRIMP,ctl,-0.135795012117121,-0.06606168587534275,0.06606168587534275
hardTrailRun,E6 decayed acute TRIMP,tsb,0.04748207281642681,0.02753365344034064,0.02753365344034064
hardTrailRun,E6 decayed acute TRIMP,decayedTrimpBefore,0.2045223544638279,0.1383338368389606,0.1383338368389606
hardTrailRun,E6 decayed acute TRIMP,terrain_climb,0.924437437785811,0.7444091218414786,0.7444091218414786
hardTrailRun,E6 decayed acute TRIMP,terrain_descent,1.102621686245427,0.8928381884022413,0.8928381884022413
hardTrailRun,E6 decayed acute TRIMP,terrain_flat,0.9419143348321254,0.7961606955615362,0.7961606955615362
hardTrailRun,E6 decayed acute TRIMP,terrain_mixed_climb_descent,0.9984535245047291,0.6496914604268046,0.6496914604268046
hardTrailRun,E6 decayed acute TRIMP,terrain_steep_climb,0.9150177094850214,0.4580796868344374,0.4580796868344374
hardTrailRun,E6 decayed acute TRIMP,terrain_steep_descent,1.309753598095834,0.6845231184498253,0.6845231184498253
hardTrailRun,E6bis cumulative acute TRIMP,intercept,6.161850813806242,,
hardTrailRun,E6bis cumulative acute TRIMP,logDistanceKm,0.9702710142250479,0.48913673946681097,0.48913673946681097
hardTrailRun,E6bis cumulative acute TRIMP,logGapFactor,0.7945060019046426,0.6406795723573309,0.6406795723573309
hardTrailRun,E6bis cumulative acute TRIMP,altitudePenalty,5.28741952840013,0.20116959939761767,0.20116959939761767
hardTrailRun,E6bis cumulative acute TRIMP,meanHrReserve,-1.559319910119828,-0.42220988090299877,0.42220988090299877
hardTrailRun,E6bis cumulative acute TRIMP,ctl,-0.1624096889403246,-0.07900921901781056,0.07900921901781056
hardTrailRun,E6bis cumulative acute TRIMP,tsb,0.024303928544816947,0.014093233637438958,0.014093233637438958
hardTrailRun,E6bis cumulative acute TRIMP,cumTrimpBefore,0.01810339473129653,0.11326922157613466,0.11326922157613466
hardTrailRun,E6bis cumulative acute TRIMP,terrain_climb,0.9086230846501857,0.7316745134742766,0.7316745134742766
hardTrailRun,E6bis cumulative acute TRIMP,terrain_descent,1.1082377698931185,0.8973857626178315,0.8973857626178315
hardTrailRun,E6bis cumulative acute TRIMP,terrain_flat,0.9279986892260077,0.7843983837723978,0.7843983837723978
hardTrailRun,E6bis cumulative acute TRIMP,terrain_mixed_climb_descent,1.0063407259067183,0.6548236446214376,0.6548236446214376
hardTrailRun,E6bis cumulative acute TRIMP,terrain_steep_climb,0.9044815238075354,0.45280502101590525,0.45280502101590525
hardTrailRun,E6bis cumulative acute TRIMP,terrain_steep_descent,1.306169020322627,0.6826496925174905,0.6826496925174905
top10HardTrailByHRR,E1 distance,intercept,5.9777242266413095,,
top10HardTrailByHRR,E1 distance,logDistanceKm,1.0682339949866297,0.7807378454030535,0.7807378454030535
top10HardTrailByHRR,E2 terrain physics + progress,intercept,4.932078122766593,,
top10HardTrailByHRR,E2 terrain physics + progress,logDistanceKm,1.134228986349764,0.8289714605155285,0.8289714605155285
top10HardTrailByHRR,E2 terrain physics + progress,logGapFactor,0.7496250968608782,0.5815798522661247,0.5815798522661247
top10HardTrailByHRR,E2 terrain physics + progress,altitudePenalty,9.116004838456607,0.1618016290543158,0.1618016290543158
top10HardTrailByHRR,E2 terrain physics + progress,progress,0.17526054426643217,0.10087806355113559,0.10087806355113559
top10HardTrailByHRR,E2 terrain physics + progress,terrain_climb,0.7925139372057287,0.6811781742012324,0.6811781742012324
top10HardTrailByHRR,E2 terrain physics + progress,terrain_descent,0.8807206826521572,0.7248582979868169,0.7248582979868169
top10HardTrailByHRR,E2 terrain physics + progress,terrain_flat,0.7280467516315644,0.6351519726593268,0.6351519726593268
top10HardTrailByHRR,E2 terrain physics + progress,terrain_mixed_climb_descent,0.781053595962052,0.5212414805017966,0.5212414805017966
top10HardTrailByHRR,E2 terrain physics + progress,terrain_steep_climb,0.7005682417781133,0.28377935607809524,0.28377935607809524
top10HardTrailByHRR,E2 terrain physics + progress,terrain_steep_descent,1.0491749135369515,0.3947999111408602,0.3947999111408602
top10HardTrailByHRR,E3 CTL readiness,intercept,5.069485875492734,,
top10HardTrailByHRR,E3 CTL readiness,logDistanceKm,1.1372563587622149,0.8311840695746131,0.8311840695746131
top10HardTrailByHRR,E3 CTL readiness,logGapFactor,0.7520314954870357,0.5834468027769263,0.5834468027769263
top10HardTrailByHRR,E3 CTL readiness,altitudePenalty,7.707864214352339,0.13680828482566068,0.13680828482566068
top10HardTrailByHRR,E3 CTL readiness,progress,0.19514896801546358,0.11232562400054687,0.11232562400054687
top10HardTrailByHRR,E3 CTL readiness,ctl,-0.18289713136716362,-0.10542004002935557,0.10542004002935557
top10HardTrailByHRR,E3 CTL readiness,tsb,0.03710603511296861,0.012536366010155486,0.012536366010155486
top10HardTrailByHRR,E3 CTL readiness,terrain_climb,0.8007108350871976,0.6882235366496199,0.6882235366496199
top10HardTrailByHRR,E3 CTL readiness,terrain_descent,0.8888263802348002,0.7315295188057233,0.7315295188057233
top10HardTrailByHRR,E3 CTL readiness,terrain_flat,0.7796355466742632,0.6801583199372413,0.6801583199372413
top10HardTrailByHRR,E3 CTL readiness,terrain_mixed_climb_descent,0.8209097938678057,0.5478397878535203,0.5478397878535203
top10HardTrailByHRR,E3 CTL readiness,terrain_steep_climb,0.7495879431688639,0.30363577900200733,0.30363577900200733
top10HardTrailByHRR,E3 CTL readiness,terrain_steep_descent,1.0298153764600717,0.38751500238154385,0.38751500238154385
top10HardTrailByHRR,E4 REDI readiness,intercept,5.064637731161625,,
top10HardTrailByHRR,E4 REDI readiness,logDistanceKm,1.1423792514281665,0.8349282269418351,0.8349282269418351
top10HardTrailByHRR,E4 REDI readiness,logGapFactor,0.7633700844681649,0.5922435932421409,0.5922435932421409
top10HardTrailByHRR,E4 REDI readiness,altitudePenalty,6.880799048421393,0.12212855466391564,0.12212855466391564
top10HardTrailByHRR,E4 REDI readiness,progress,0.20160303762940043,0.11604051629078424,0.11604051629078424
top10HardTrailByHRR,E4 REDI readiness,trimpRediSlow,-0.1744693875611967,-0.10925861565041,0.10925861565041
top10HardTrailByHRR,E4 REDI readiness,trimpRediBalance,-0.004561782618367116,-0.0013047419758679733,0.0013047419758679733
top10HardTrailByHRR,E4 REDI readiness,terrain_climb,0.7999022741546474,0.6875285658309275,0.6875285658309275
top10HardTrailByHRR,E4 REDI readiness,terrain_descent,0.8950032602557452,0.7366132676344302,0.7366132676344302
top10HardTrailByHRR,E4 REDI readiness,terrain_flat,0.7804740359552036,0.6808898225772153,0.6808898225772153
top10HardTrailByHRR,E4 REDI readiness,terrain_mixed_climb_descent,0.820133887539525,0.5473219814374503,0.5473219814374503
top10HardTrailByHRR,E4 REDI readiness,terrain_steep_climb,0.7462674115144172,0.30229073039925575,0.30229073039925575
top10HardTrailByHRR,E4 REDI readiness,terrain_steep_descent,1.0228568617420977,0.38489654386058364,0.38489654386058364
top10HardTrailByHRR,E5 HR effort,intercept,5.520121044537864,,
top10HardTrailByHRR,E5 HR effort,logDistanceKm,1.096088410410039,0.8010957411306711,0.8010957411306711
top10HardTrailByHRR,E5 HR effort,logGapFactor,0.7856046793641501,0.6094938060071015,0.6094938060071015
top10HardTrailByHRR,E5 HR effort,altitudePenalty,6.987788701584718,0.12402753349077565,0.12402753349077565
top10HardTrailByHRR,E5 HR effort,progress,0.2010515648682375,0.11572309456600206,0.11572309456600206
top10HardTrailByHRR,E5 HR effort,meanHrReserve,-0.7042484155651463,-0.08462433604042831,0.08462433604042831
top10HardTrailByHRR,E5 HR effort,ctl,-0.16000229539406038,-0.092223690219446,0.092223690219446
top10HardTrailByHRR,E5 HR effort,tsb,0.07618808846721446,0.025740334684944292,0.025740334684944292
top10HardTrailByHRR,E5 HR effort,terrain_climb,0.8721270608733429,0.749606904191232,0.749606904191232
top10HardTrailByHRR,E5 HR effort,terrain_descent,0.9633733439077955,0.7928838008981697,0.7928838008981697
top10HardTrailByHRR,E5 HR effort,terrain_flat,0.8434148935701676,0.735799771403201,0.735799771403201
top10HardTrailByHRR,E5 HR effort,terrain_mixed_climb_descent,0.8925786371290363,0.5956684825301275,0.5956684825301275
top10HardTrailByHRR,E5 HR effort,terrain_steep_climb,0.8303303341746681,0.3363421198856268,0.3363421198856268
top10HardTrailByHRR,E5 HR effort,terrain_steep_descent,1.118296774882851,0.42081016392631326,0.42081016392631326
top10HardTrailByHRR,E6 decayed acute TRIMP,intercept,5.571373431842783,,
top10HardTrailByHRR,E6 decayed acute TRIMP,logDistanceKm,1.0609417676830555,0.7754081911700845,0.7754081911700845
top10HardTrailByHRR,E6 decayed acute TRIMP,logGapFactor,0.8248047934068525,0.6399063370566069,0.6399063370566069
top10HardTrailByHRR,E6 decayed acute TRIMP,altitudePenalty,3.3989380782736385,0.06032837058174824,0.06032837058174824
top10HardTrailByHRR,E6 decayed acute TRIMP,meanHrReserve,-0.8171200216633582,-0.09818728416039375,0.09818728416039375
top10HardTrailByHRR,E6 decayed acute TRIMP,ctl,-0.13113068527125538,-0.07558238878346026,0.07558238878346026
top10HardTrailByHRR,E6 decayed acute TRIMP,tsb,0.07756884694158768,0.02620682736069549,0.02620682736069549
top10HardTrailByHRR,E6 decayed acute TRIMP,decayedTrimpBefore,0.18276930717681034,0.12116888174711546,0.12116888174711546
top10HardTrailByHRR,E6 decayed acute TRIMP,terrain_climb,0.8331997311095296,0.7161482529673353,0.7161482529673353
top10HardTrailByHRR,E6 decayed acute TRIMP,terrain_descent,0.9876952687895831,0.812901440339185,0.812901440339185
top10HardTrailByHRR,E6 decayed acute TRIMP,terrain_flat,0.8243320307908779,0.719151777423294,0.719151777423294
top10HardTrailByHRR,E6 decayed acute TRIMP,terrain_mixed_climb_descent,0.8826174013598167,0.5890207834390297,0.5890207834390297
top10HardTrailByHRR,E6 decayed acute TRIMP,terrain_steep_climb,0.858587394322996,0.34778821443481744,0.34778821443481744
top10HardTrailByHRR,E6 decayed acute TRIMP,terrain_steep_descent,1.1849416054699455,0.44588832091834657,0.44588832091834657
top10HardTrailByHRR,E6bis cumulative acute TRIMP,intercept,5.4505934705947015,,
top10HardTrailByHRR,E6bis cumulative acute TRIMP,logDistanceKm,1.069818159006961,0.7818956598985696,0.7818956598985696
top10HardTrailByHRR,E6bis cumulative acute TRIMP,logGapFactor,0.8041169052561834,0.6238561020994958,0.6238561020994958
top10HardTrailByHRR,E6bis cumulative acute TRIMP,altitudePenalty,6.659143503820765,0.11819435005994187,0.11819435005994187
top10HardTrailByHRR,E6bis cumulative acute TRIMP,meanHrReserve,-0.5716158898067215,-0.0686868640041374,0.0686868640041374
top10HardTrailByHRR,E6bis cumulative acute TRIMP,ctl,-0.14651787731753724,-0.08445140925050103,0.08445140925050103
top10HardTrailByHRR,E6bis cumulative acute TRIMP,tsb,0.08351643437462086,0.028216234528853044,0.028216234528853044
top10HardTrailByHRR,E6bis cumulative acute TRIMP,cumTrimpBefore,0.030330615094335198,0.11241357909771504,0.11241357909771504
top10HardTrailByHRR,E6bis cumulative acute TRIMP,terrain_climb,0.8349160694677188,0.7176234727385674,0.7176234727385674
top10HardTrailByHRR,E6bis cumulative acute TRIMP,terrain_descent,0.9628339838362022,0.7924398921411733,0.7924398921411733
top10HardTrailByHRR,E6bis cumulative acute TRIMP,terrain_flat,0.8125815529105632,0.7089005961788941,0.7089005961788941
top10HardTrailByHRR,E6bis cumulative acute TRIMP,terrain_mixed_climb_descent,0.8699875855313395,0.5805921891211305,0.5805921891211305
top10HardTrailByHRR,E6bis cumulative acute TRIMP,terrain_steep_climb,0.8174202068716276,0.3311126113317643,0.3311126113317643
top10HardTrailByHRR,E6bis cumulative acute TRIMP,terrain_steep_descent,1.1528540719773008,0.4338139230194119,0.4338139230194119
selectedDateRaces,E1 distance,intercept,6.107982940514276,,
selectedDateRaces,E1 distance,logDistanceKm,1.2121692898280987,0.6274502098477691,0.6274502098477691
selectedDateRaces,E2 terrain physics + progress,intercept,4.967889877404271,,
selectedDateRaces,E2 terrain physics + progress,logDistanceKm,1.2231699549606245,0.6331444389490914,0.6331444389490914
selectedDateRaces,E2 terrain physics + progress,logGapFactor,0.5908942659386891,0.4484613952422547,0.4484613952422547
selectedDateRaces,E2 terrain physics + progress,altitudePenalty,12.668156905201052,0.3909430397085854,0.3909430397085854
selectedDateRaces,E2 terrain physics + progress,progress,0.23702341496549179,0.14112107167745125,0.14112107167745125
selectedDateRaces,E2 terrain physics + progress,terrain_climb,0.8409589920168596,0.6726006258603707,0.6726006258603707
selectedDateRaces,E2 terrain physics + progress,terrain_descent,0.8127832626968944,0.6531063194378368,0.6531063194378368
selectedDateRaces,E2 terrain physics + progress,terrain_flat,0.773754487739063,0.7450228183979756,0.7450228183979756
selectedDateRaces,E2 terrain physics + progress,terrain_mixed_climb_descent,0.8043610623375247,0.6005786313433283,0.6005786313433283
selectedDateRaces,E2 terrain physics + progress,terrain_steep_climb,0.8025795314075905,0.3774835110883787,0.3774835110883787
selectedDateRaces,E2 terrain physics + progress,terrain_steep_descent,0.933452541206441,0.4303337001164654,0.4303337001164654
selectedDateRaces,E3 CTL readiness,intercept,5.1164210091569595,,
selectedDateRaces,E3 CTL readiness,logDistanceKm,1.2162671320497092,0.6295713590828212,0.6295713590828212
selectedDateRaces,E3 CTL readiness,logGapFactor,0.6000807704897065,0.4554335269514767,0.4554335269514767
selectedDateRaces,E3 CTL readiness,altitudePenalty,9.679443300508794,0.29871046079593483,0.29871046079593483
selectedDateRaces,E3 CTL readiness,progress,0.22910111822168755,0.13640422542496092,0.13640422542496092
selectedDateRaces,E3 CTL readiness,ctl,-0.21244062240284625,-0.10374807986445943,0.10374807986445943
selectedDateRaces,E3 CTL readiness,tsb,0.41615635649089655,0.15494047262103566,0.15494047262103566
selectedDateRaces,E3 CTL readiness,terrain_climb,0.850026906897199,0.6798531616934644,0.6798531616934644
selectedDateRaces,E3 CTL readiness,terrain_descent,0.8320864103856375,0.6686172290728712,0.6686172290728712
selectedDateRaces,E3 CTL readiness,terrain_flat,0.8120606071729553,0.7819065244245728,0.7819065244245728
selectedDateRaces,E3 CTL readiness,terrain_mixed_climb_descent,0.8318488632308434,0.6211024814053543,0.6211024814053543
selectedDateRaces,E3 CTL readiness,terrain_steep_climb,0.8276506217167946,0.3892753931715587,0.3892753931715587
selectedDateRaces,E3 CTL readiness,terrain_steep_descent,0.9627475997535617,0.4438391011767243,0.4438391011767243
selectedDateRaces,E4 REDI readiness,intercept,5.1106107068955176,,
selectedDateRaces,E4 REDI readiness,logDistanceKm,1.2149707530206537,0.6289003197315945,0.6289003197315945
selectedDateRaces,E4 REDI readiness,logGapFactor,0.6034980375498358,0.45802707446418855,0.45802707446418855
selectedDateRaces,E4 REDI readiness,altitudePenalty,9.249402724064687,0.2854392824065934,0.2854392824065934
selectedDateRaces,E4 REDI readiness,progress,0.22743607365133406,0.1354128766411574,0.1354128766411574
selectedDateRaces,E4 REDI readiness,trimpRediSlow,-0.21173173550372976,-0.11302719887917434,0.11302719887917434
selectedDateRaces,E4 REDI readiness,trimpRediBalance,0.4955484850705739,0.16507379527980653,0.16507379527980653
selectedDateRaces,E4 REDI readiness,terrain_climb,0.8470412601578771,0.6774652356655262,0.6774652356655262
selectedDateRaces,E4 REDI readiness,terrain_descent,0.8336679781051837,0.6698880867783156,0.6698880867783156
selectedDateRaces,E4 REDI readiness,terrain_flat,0.8113586274736855,0.7812306111958994,0.7812306111958994
selectedDateRaces,E4 REDI readiness,terrain_mixed_climb_descent,0.8316501468404123,0.6209541092086149,0.6209541092086149
selectedDateRaces,E4 REDI readiness,terrain_steep_climb,0.824136889559033,0.3876227520312971,0.3876227520312971
selectedDateRaces,E4 REDI readiness,terrain_steep_descent,0.9627558047593997,0.4438428837905862,0.4438428837905862
selectedDateRaces,E5 HR effort,intercept,6.06565337803303,,
selectedDateRaces,E5 HR effort,logDistanceKm,1.0948992260326802,0.5667481884760419,0.5667481884760419
selectedDateRaces,E5 HR effort,logGapFactor,0.7193471576523836,0.5459511939447571,0.5459511939447571
selectedDateRaces,E5 HR effort,altitudePenalty,6.711372722416638,0.2071149317420934,0.2071149317420934
selectedDateRaces,E5 HR effort,progress,0.2030863047740389,0.120915298502886,0.120915298502886
selectedDateRaces,E5 HR effort,meanHrReserve,-1.4197682152154347,-0.27561811821680415,0.27561811821680415
selectedDateRaces,E5 HR effort,ctl,-0.2414706725059686,-0.11792527404936803,0.11792527404936803
selectedDateRaces,E5 HR effort,tsb,0.23571247597573775,0.08775884799239929,0.08775884799239929
selectedDateRaces,E5 HR effort,terrain_climb,0.9485089929845546,0.7586193243330125,0.7586193243330125
selectedDateRaces,E5 HR effort,terrain_descent,1.0456480613001256,0.8402232035106645,0.8402232035106645
selectedDateRaces,E5 HR effort,terrain_flat,0.9143998458562801,0.8804456207978222,0.8804456207978222
selectedDateRaces,E5 HR effort,terrain_mixed_climb_descent,0.9839174260457509,0.7346449359099468,0.7346449359099468
selectedDateRaces,E5 HR effort,terrain_steep_climb,0.9494970195547118,0.44658436289903336,0.44658436289903336
selectedDateRaces,E5 HR effort,terrain_steep_descent,1.2236820322916049,0.5641332509968733,0.5641332509968733
selectedDateRaces,E6 decayed acute TRIMP,intercept,6.079680420622658,,
selectedDateRaces,E6 decayed acute TRIMP,logDistanceKm,1.0542961512938263,0.5457309856982258,0.5457309856982258
selectedDateRaces,E6 decayed acute TRIMP,logGapFactor,0.7201908928850158,0.5465915499296644,0.5465915499296644
selectedDateRaces,E6 decayed acute TRIMP,altitudePenalty,2.006202213344618,0.06191198904656994,0.06191198904656994
selectedDateRaces,E6 decayed acute TRIMP,meanHrReserve,-1.602534604720032,-0.31109836619579756,0.31109836619579756
selectedDateRaces,E6 decayed acute TRIMP,ctl,-0.1787315121082823,-0.08728580712469816,0.08728580712469816
selectedDateRaces,E6 decayed acute TRIMP,tsb,0.2830352033002676,0.10537772037778227,0.10537772037778227
selectedDateRaces,E6 decayed acute TRIMP,decayedTrimpBefore,0.2666821949909413,0.1866190059662723,0.1866190059662723
selectedDateRaces,E6 decayed acute TRIMP,terrain_climb,0.9402458773908882,0.7520104685236139,0.7520104685236139
selectedDateRaces,E6 decayed acute TRIMP,terrain_descent,1.047408537357762,0.8416378217628246,0.8416378217628246
selectedDateRaces,E6 decayed acute TRIMP,terrain_flat,0.9211263336374218,0.8869223352647964,0.8869223352647964
selectedDateRaces,E6 decayed acute TRIMP,terrain_mixed_climb_descent,0.9779899476840624,0.7302191661798275,0.7302191661798275
selectedDateRaces,E6 decayed acute TRIMP,terrain_steep_climb,0.9615959356401368,0.4522749407739511,0.4522749407739511
selectedDateRaces,E6 decayed acute TRIMP,terrain_steep_descent,1.2313137889123755,0.5676515895518895,0.5676515895518895
selectedDateRaces,E6bis cumulative acute TRIMP,intercept,6.015008793025393,,
selectedDateRaces,E6bis cumulative acute TRIMP,logDistanceKm,1.0647581329505897,0.5511463782849252,0.5511463782849252
selectedDateRaces,E6bis cumulative acute TRIMP,logGapFactor,0.7463144442779532,0.5664181161728628,0.5664181161728628
selectedDateRaces,E6bis cumulative acute TRIMP,altitudePenalty,4.98865762963346,0.1539514384285548,0.1539514384285548
selectedDateRaces,E6bis cumulative acute TRIMP,meanHrReserve,-1.2790915559762899,-0.24830870553873802,0.24830870553873802
selectedDateRaces,E6bis cumulative acute TRIMP,ctl,-0.2316079801909851,-0.11310870281925196,0.11310870281925196
selectedDateRaces,E6bis cumulative acute TRIMP,tsb,0.12709559412722468,0.04731935753227954,0.04731935753227954
selectedDateRaces,E6bis cumulative acute TRIMP,cumTrimpBefore,0.01923851868738887,0.15466536374952283,0.15466536374952283
selectedDateRaces,E6bis cumulative acute TRIMP,terrain_climb,0.9246941405452905,0.7395721593612629,0.7395721593612629
selectedDateRaces,E6bis cumulative acute TRIMP,terrain_descent,1.0581436043676409,0.8502639099532692,0.8502639099532692
selectedDateRaces,E6bis cumulative acute TRIMP,terrain_flat,0.9088836246330303,0.8751342323047344,0.8751342323047344
selectedDateRaces,E6bis cumulative acute TRIMP,terrain_mixed_climb_descent,0.9756878623365393,0.7285003071599326,0.7285003071599326
selectedDateRaces,E6bis cumulative acute TRIMP,terrain_steep_climb,0.9364747101013411,0.4404594781959355,0.4404594781959355
selectedDateRaces,E6bis cumulative acute TRIMP,terrain_steep_descent,1.211124851041593,0.5583442279541307,0.5583442279541307
