timestamp,hr,paceKmh,elevationM,cadence,lat,lon
2026-05-05T18:21:13+00:00,102,0.0,213.0,,45.185387,5.75788
2026-05-05T18:21:14+00:00,102,0.0,212.8,,45.185387,5.75788
2026-05-05T18:21:16+00:00,105,0.0,212.6,,45.185387,5.75788
2026-05-05T18:21:22+00:00,106,0.0,212.2,,45.185387,5.75788
2026-05-05T18:21:26+00:00,106,0.0,212.2,,45.185387,5.75788
2026-05-05T18:21:32+00:00,106,7.596,212.6,,45.185363,5.757615
2026-05-05T18:21:36+00:00,108,11.916,212.2,,45.185321,5.757476
2026-05-05T18:21:37+00:00,107,11.592,212.0,,45.185295,5.757441
2026-05-05T18:21:41+00:00,108,15.192,211.8,,45.185149,5.757399
2026-05-05T18:21:47+00:00,109,16.56,211.4,,45.184884,5.757407
2026-05-05T18:21:48+00:00,110,17.8956,211.4,,45.184833,5.757416
2026-05-05T18:21:52+00:00,114,20.736,211.6,,45.184631,5.757427
2026-05-05T18:21:55+00:00,115,20.1096,211.8,,45.184486,5.757394
2026-05-05T18:21:58+00:00,118,19.3212,211.6,,45.184348,5.757327
2026-05-05T18:22:01+00:00,118,20.52,211.6,,45.184198,5.75724
2026-05-05T18:22:04+00:00,121,21.7188,211.6,,45.184046,5.757162
2026-05-05T18:22:06+00:00,124,21.384,211.8,,45.18395,5.757107
2026-05-05T18:22:09+00:00,125,20.592,211.8,,45.183805,5.757027
2026-05-05T18:22:15+00:00,125,20.0016,212.2,,45.183522,5.756902
2026-05-05T18:22:16+00:00,124,19.695600000000002,212.4,,45.183478,5.756876
2026-05-05T18:22:20+00:00,125,17.64,212.8,,45.183317,5.756776
2026-05-05T18:22:22+00:00,124,17.2188,212.8,,45.183269,5.756676
2026-05-05T18:22:24+00:00,123,17.6868,212.6,,45.183274,5.756542
2026-05-05T18:22:25+00:00,123,18.432000000000002,212.6,,45.183289,5.756476
2026-05-05T18:22:31+00:00,121,20.314799999999998,212.4,,45.183389,5.756066
2026-05-05T18:22:33+00:00,122,20.653200000000002,212.4,,45.183428,5.755929
2026-05-05T18:22:36+00:00,126,21.096,212.4,,45.18348,5.755719
2026-05-05T18:22:37+00:00,131,21.3588,212.4,,45.1835,5.755646
2026-05-05T18:22:39+00:00,132,20.761200000000002,212.8,,45.183544,5.75552
2026-05-05T18:22:40+00:00,133,20.8296,213.0,,45.183559,5.755445
2026-05-05T18:22:44+00:00,133,21.96,212.4,,45.183634,5.755153
2026-05-05T18:22:50+00:00,136,19.836,213.0,,45.183738,5.754795
2026-05-05T18:22:51+00:00,141,18.2556,213.0,,45.183754,5.754735
2026-05-05T18:22:57+00:00,141,17.1252,213.2,,45.18383,5.754393
2026-05-05T18:22:58+00:00,141,16.4052,213.2,,45.183812,5.75435
2026-05-05T18:22:59+00:00,141,16.3332,213.2,,45.183785,5.754309
2026-05-05T18:23:00+00:00,140,16.279200000000003,213.4,,45.183765,5.754264
2026-05-05T18:23:04+00:00,140,12.384,213.4,,45.183758,5.754101
2026-05-05T18:23:05+00:00,139,11.592,213.4,,45.183743,5.754074
2026-05-05T18:23:07+00:00,139,11.9844,213.6,,45.183689,5.754045
2026-05-05T18:23:10+00:00,137,13.176,213.4,,45.183578,5.754064
2026-05-05T18:23:12+00:00,132,15.192,213.4,,45.18349,5.754055
2026-05-05T18:23:13+00:00,129,15.541200000000002,213.4,,45.183446,5.754064
2026-05-05T18:23:15+00:00,127,18.0,213.4,,45.183355,5.754077
2026-05-05T18:23:20+00:00,124,19.2348,213.4,,45.183112,5.754103
2026-05-05T18:23:22+00:00,124,19.954800000000002,213.2,,45.183011,5.754113
2026-05-05T18:23:28+00:00,124,20.203200000000002,213.2,,45.18271,5.754135
2026-05-05T18:23:29+00:00,124,20.2104,213.2,,45.182658,5.754143
2026-05-05T18:23:35+00:00,123,21.6504,212.6,,45.182334,5.754169
2026-05-05T18:23:36+00:00,123,21.6,212.6,,45.18228,5.754178
2026-05-05T18:23:42+00:00,122,22.424400000000002,212.6,,45.181943,5.754237
2026-05-05T18:23:45+00:00,122,22.7592,212.8,,45.181771,5.754269
2026-05-05T18:23:49+00:00,123,22.784399999999998,212.8,,45.181549,5.754321
2026-05-05T18:23:51+00:00,124,22.3812,213.0,,45.181441,5.754353
2026-05-05T18:23:57+00:00,124,22.6368,213.2,,45.181107,5.754457
2026-05-05T18:24:00+00:00,124,22.6008,213.2,,45.180948,5.754513
2026-05-05T18:24:06+00:00,124,20.1996,213.6,,45.18067,5.754628
2026-05-05T18:24:07+00:00,124,19.44,213.6,,45.18062,5.754646
2026-05-05T18:24:13+00:00,123,21.0348,213.4,,45.180315,5.754756
2026-05-05T18:24:16+00:00,123,21.038400000000003,213.4,,45.180162,5.754819
2026-05-05T18:24:22+00:00,124,20.9196,213.4,,45.179862,5.754936
2026-05-05T18:24:24+00:00,126,20.8368,213.4,,45.17976,5.754972
2026-05-05T18:24:26+00:00,126,20.952,213.2,,45.17966,5.75501
2026-05-05T18:24:29+00:00,126,20.232,213.4,,45.179517,5.755061
2026-05-05T18:24:35+00:00,126,19.198800000000002,213.8,,45.179238,5.755156
2026-05-05T18:24:36+00:00,125,18.9252,214.0,,45.179195,5.755174
2026-05-05T18:24:38+00:00,125,18.720000000000002,213.8,,45.179108,5.75521
2026-05-05T18:24:40+00:00,125,18.144000000000002,214.0,,45.179021,5.75524
2026-05-05T18:24:41+00:00,124,17.928,214.0,,45.178982,5.755262
2026-05-05T18:24:43+00:00,124,17.352,214.0,,45.178902,5.755299
2026-05-05T18:24:47+00:00,125,17.9388,213.8,,45.178724,5.755376
2026-05-05T18:24:53+00:00,128,19.98,213.2,,45.178427,5.755508
2026-05-05T18:24:54+00:00,127,20.7756,213.2,,45.178378,5.755532
2026-05-05T18:25:00+00:00,128,21.189600000000002,213.0,,45.17808,5.755706
2026-05-05T18:25:01+00:00,127,21.6,213.0,,45.178026,5.75573
2026-05-05T18:25:07+00:00,127,20.9844,213.6,,45.177736,5.755887
2026-05-05T18:25:09+00:00,126,18.6768,214.0,,45.177673,5.755867
2026-05-05T18:25:10+00:00,126,17.9208,214.2,,45.177656,5.755829
2026-05-05T18:25:12+00:00,124,13.968,214.0,,45.177629,5.755723
2026-05-05T18:25:14+00:00,124,15.840000000000002,213.8,,45.177597,5.755605
2026-05-05T18:25:20+00:00,122,18.9468,213.6,,45.1775,5.755218
2026-05-05T18:25:21+00:00,122,19.4904,213.6,,45.177482,5.755153
2026-05-05T18:25:27+00:00,121,20.0556,213.8,,45.177378,5.754751
2026-05-05T18:25:28+00:00,121,20.52,213.8,,45.177355,5.754677
2026-05-05T18:25:32+00:00,120,22.896,213.4,,45.177271,5.754378
2026-05-05T18:25:34+00:00,120,23.1588,213.4,,45.177233,5.754217
2026-05-05T18:25:40+00:00,119,24.39,213.6,,45.177104,5.753732
2026-05-05T18:25:45+00:00,119,23.824800000000003,214.0,,45.177002,5.753352
2026-05-05T18:25:47+00:00,119,22.9896,214.2,,45.17696,5.753199
2026-05-05T18:25:49+00:00,117,23.040000000000003,214.4,,45.176918,5.753046
2026-05-05T18:25:54+00:00,119,22.370400000000004,215.6,,45.176816,5.752685
2026-05-05T18:25:55+00:00,118,21.3588,215.6,,45.176799,5.752626
2026-05-05T18:25:58+00:00,117,18.720000000000002,216.0,,45.176763,5.752494
2026-05-05T18:26:04+00:00,117,9.518400000000002,216.4,,45.176719,5.752344
2026-05-05T18:26:09+00:00,120,6.84,216.4,,45.176681,5.75226
2026-05-05T18:26:13+00:00,122,9.0792,215.4,,45.176629,5.75209
2026-05-05T18:26:15+00:00,122,14.6988,215.0,,45.176594,5.751971
2026-05-05T18:26:18+00:00,123,19.872,214.6,,45.17653,5.751768
2026-05-05T18:26:19+00:00,123,20.0988,214.4,,45.17651,5.751699
2026-05-05T18:26:25+00:00,123,21.3444,214.0,,45.176404,5.751273
2026-05-05T18:26:26+00:00,123,21.3948,213.8,,45.176391,5.751199
2026-05-05T18:26:28+00:00,123,21.3192,213.6,,45.176357,5.751053
2026-05-05T18:26:30+00:00,121,21.816,213.2,,45.176315,5.750905
2026-05-05T18:26:34+00:00,118,23.400000000000002,213.2,,45.176245,5.750583
2026-05-05T18:26:35+00:00,118,23.759999999999998,213.0,,45.176218,5.750507
2026-05-05T18:26:36+00:00,117,23.94,213.0,,45.176198,5.750425
2026-05-05T18:26:40+00:00,116,24.48,213.0,,45.176107,5.750107
2026-05-05T18:26:46+00:00,115,24.66,213.2,,45.175976,5.749615
2026-05-05T18:26:48+00:00,115,24.93,213.2,,45.175927,5.749451
2026-05-05T18:26:50+00:00,114,24.696,213.0,,45.175857,5.749314
2026-05-05T18:26:53+00:00,115,22.392,213.4,,45.175771,5.749119
2026-05-05T18:26:55+00:00,114,21.168,213.8,,45.175726,5.748989
2026-05-05T18:26:56+00:00,115,21.06,214.0,,45.175714,5.74892
2026-05-05T18:26:58+00:00,115,20.376,214.4,,45.175674,5.748786
2026-05-05T18:27:00+00:00,116,20.808,214.4,,45.175639,5.748639
2026-05-05T18:27:03+00:00,119,22.608,214.4,,45.175575,5.74841
2026-05-05T18:27:06+00:00,121,23.58,214.2,,45.175515,5.748172
2026-05-05T18:27:10+00:00,121,22.8852,214.6,,45.175443,5.747877
2026-05-05T18:27:11+00:00,121,21.816,214.8,,45.17543,5.747805
2026-05-05T18:27:12+00:00,121,21.481199999999998,215.0,,45.175409,5.747742
2026-05-05T18:27:15+00:00,122,20.952,215.4,,45.175344,5.747537
2026-05-05T18:27:16+00:00,122,20.952,215.6,,45.175328,5.747466
2026-05-05T18:27:22+00:00,124,21.7044,215.4,,45.17523,5.747025
2026-05-05T18:27:23+00:00,125,21.96,215.4,,45.175209,5.74695
2026-05-05T18:27:28+00:00,128,23.1588,215.4,,45.175112,5.746564
2026-05-05T18:27:29+00:00,128,23.4612,215.4,,45.175086,5.746487
2026-05-05T18:27:35+00:00,130,24.840000000000003,215.2,,45.174964,5.745987
2026-05-05T18:27:36+00:00,130,24.9444,215.2,,45.174955,5.7459
2026-05-05T18:27:41+00:00,130,24.12,215.2,,45.174922,5.745481
2026-05-05T18:27:46+00:00,128,23.076,215.2,,45.174845,5.745101
2026-05-05T18:27:49+00:00,127,22.68,215.0,,45.174791,5.744867
2026-05-05T18:27:50+00:00,127,22.960800000000003,214.8,,45.174761,5.744794
2026-05-05T18:27:56+00:00,126,21.4452,215.0,,45.174622,5.744393
2026-05-05T18:27:57+00:00,125,21.549599999999998,215.0,,45.174602,5.744308
2026-05-05T18:28:03+00:00,126,24.685200000000002,215.0,,45.174466,5.743827
2026-05-05T18:28:04+00:00,126,24.48,215.0,,45.174447,5.743745
2026-05-05T18:28:07+00:00,127,24.876,215.2,,45.174375,5.743491
2026-05-05T18:28:10+00:00,129,25.981199999999998,214.8,,45.174292,5.743242
2026-05-05T18:28:13+00:00,129,26.1,214.4,,45.174225,5.742979
2026-05-05T18:28:16+00:00,126,26.0388,214.4,,45.174159,5.742721
2026-05-05T18:28:21+00:00,125,25.650000000000002,214.4,,45.174066,5.742293
2026-05-05T18:28:25+00:00,125,24.0804,215.4,,45.173992,5.741994
2026-05-05T18:28:28+00:00,124,22.8348,215.0,,45.173927,5.741762
2026-05-05T18:28:30+00:00,123,24.48,214.2,,45.173879,5.741591
2026-05-05T18:28:33+00:00,122,25.632,213.8,,45.173814,5.741339
2026-05-05T18:28:39+00:00,121,25.3584,214.6,,45.173671,5.740835
2026-05-05T18:28:42+00:00,121,25.520400000000002,215.4,,45.173597,5.740587
2026-05-05T18:28:44+00:00,122,24.624,216.0,,45.173573,5.74043
2026-05-05T18:28:45+00:00,121,24.0012,216.2,,45.173559,5.740361
2026-05-05T18:28:47+00:00,121,21.96,216.0,,45.173535,5.740209
2026-05-05T18:28:49+00:00,120,21.456,216.0,,45.173513,5.740065
2026-05-05T18:28:50+00:00,121,21.456,216.0,,45.173502,5.739994
2026-05-05T18:28:52+00:00,121,21.168,215.6,,45.173472,5.73985
2026-05-05T18:28:56+00:00,122,23.400000000000002,215.2,,45.173411,5.739508
2026-05-05T18:28:59+00:00,127,25.4052,215.0,,45.173363,5.73924
2026-05-05T18:29:00+00:00,135,25.3368,215.2,,45.173343,5.739159
2026-05-05T18:29:01+00:00,140,25.272,215.4,,45.173325,5.739083
2026-05-05T18:29:03+00:00,142,24.0696,216.0,,45.1733,5.738939
2026-05-05T18:29:04+00:00,143,21.384,216.4,,45.173282,5.73888
2026-05-05T18:29:05+00:00,143,20.16,216.4,,45.17327,5.738814
2026-05-05T18:29:08+00:00,142,19.44,216.0,,45.173234,5.738608
2026-05-05T18:29:11+00:00,142,20.761200000000002,215.2,,45.173196,5.738388
2026-05-05T18:29:14+00:00,143,21.42,215.0,,45.173154,5.738168
2026-05-05T18:29:16+00:00,145,21.96,215.0,,45.173117,5.738018
2026-05-05T18:29:19+00:00,146,22.968,215.2,,45.173029,5.737803
2026-05-05T18:29:22+00:00,145,22.86,215.0,,45.172926,5.737616
2026-05-05T18:29:25+00:00,145,23.220000000000002,215.2,,45.172813,5.737409
2026-05-05T18:29:29+00:00,145,22.784399999999998,216.0,,45.172737,5.737125
2026-05-05T18:29:32+00:00,146,20.7756,216.4,,45.17274,5.73692
2026-05-05T18:29:34+00:00,145,20.232,216.6,,45.17273,5.736764
2026-05-05T18:29:40+00:00,147,22.993199999999998,216.8,,45.172741,5.73627
2026-05-05T18:29:41+00:00,147,23.6556,216.6,,45.17274,5.736184
2026-05-05T18:29:44+00:00,146,23.652,216.4,,45.172733,5.735931
2026-05-05T18:29:46+00:00,147,24.12,216.2,,45.172738,5.735756
2026-05-05T18:29:48+00:00,146,24.5844,216.0,,45.172746,5.735577
2026-05-05T18:29:51+00:00,145,26.136,215.8,,45.172742,5.735295
2026-05-05T18:29:55+00:00,146,24.840000000000003,216.8,,45.172736,5.73496
2026-05-05T18:29:56+00:00,145,22.608,217.2,,45.172762,5.734903
2026-05-05T18:29:57+00:00,144,22.0212,217.4,,45.172793,5.734855
2026-05-05T18:29:59+00:00,144,20.52,217.4,,45.172875,5.734839
2026-05-05T18:30:02+00:00,143,17.424,217.2,,45.173015,5.734813
2026-05-05T18:30:03+00:00,143,17.2188,217.0,,45.173048,5.734773
2026-05-05T18:30:04+00:00,143,17.856,217.0,,45.173071,5.734716
2026-05-05T18:30:06+00:00,142,18.309600000000003,216.8,,45.173091,5.734585
2026-05-05T18:30:07+00:00,142,18.144000000000002,216.6,,45.173095,5.734521
2026-05-05T18:30:11+00:00,141,19.08,216.8,,45.173113,5.73425
2026-05-05T18:30:16+00:00,139,20.4408,217.0,,45.173087,5.733875
2026-05-05T18:30:17+00:00,139,21.3588,217.2,,45.173088,5.733797
2026-05-05T18:30:23+00:00,139,22.474800000000002,216.8,,45.17308,5.733319
2026-05-05T18:30:24+00:00,139,22.8348,216.6,,45.173077,5.733232
2026-05-05T18:30:30+00:00,140,22.8348,217.6,,45.173051,5.732757
2026-05-05T18:30:32+00:00,139,22.23,218.6,,45.173046,5.732603
2026-05-05T18:30:35+00:00,137,22.248,218.0,,45.173039,5.732363
2026-05-05T18:30:36+00:00,136,21.5388,217.6,,45.173056,5.732302
2026-05-05T18:30:37+00:00,135,20.736,217.2,,45.173081,5.732254
2026-05-05T18:30:39+00:00,134,19.0296,217.2,,45.173145,5.732199
2026-05-05T18:30:41+00:00,134,14.904,217.4,,45.173198,5.732134
2026-05-05T18:30:42+00:00,133,13.895999999999999,217.4,,45.17321,5.732093
2026-05-05T18:30:47+00:00,132,13.32,217.4,,45.173236,5.731855
2026-05-05T18:30:49+00:00,132,13.5756,217.2,,45.173277,5.731779
2026-05-05T18:30:50+00:00,132,13.3632,216.8,,45.173308,5.731769
2026-05-05T18:30:51+00:00,132,13.5216,216.6,,45.173344,5.731757
2026-05-05T18:30:52+00:00,133,13.968,216.4,,45.173384,5.731751
2026-05-05T18:30:55+00:00,132,16.344,215.8,,45.173513,5.731754
2026-05-05T18:30:59+00:00,131,16.92,216.4,,45.173687,5.731713
2026-05-05T18:31:02+00:00,129,16.6104,216.2,,45.173768,5.731595
2026-05-05T18:31:03+00:00,129,16.740000000000002,216.2,,45.17378,5.731536
2026-05-05T18:31:04+00:00,128,16.848,216.2,,45.173801,5.731479
2026-05-05T18:31:07+00:00,125,18.144000000000002,216.4,,45.173843,5.731295
2026-05-05T18:31:08+00:00,124,18.432000000000002,216.4,,45.173864,5.731234
2026-05-05T18:31:10+00:00,121,18.7812,216.2,,45.173904,5.73111
2026-05-05T18:31:15+00:00,120,20.4156,216.0,,45.173989,5.730761
2026-05-05T18:31:21+00:00,120,21.078000000000003,216.0,,45.174088,5.730334
2026-05-05T18:31:23+00:00,120,21.3768,216.0,,45.174124,5.730189
2026-05-05T18:31:28+00:00,122,21.0348,216.6,,45.174206,5.729841
2026-05-05T18:31:30+00:00,123,20.570400000000003,216.8,,45.174235,5.729703
2026-05-05T18:31:36+00:00,124,19.486800000000002,217.0,,45.174314,5.729312
2026-05-05T18:31:37+00:00,125,18.2052,217.2,,45.174342,5.729279
2026-05-05T18:31:38+00:00,125,17.776799999999998,217.2,,45.174383,5.729267
2026-05-05T18:31:40+00:00,125,18.108,217.0,,45.174477,5.729304
2026-05-05T18:31:46+00:00,125,21.240000000000002,216.8,,45.174801,5.729403
2026-05-05T18:31:50+00:00,124,19.224,217.2,,45.174932,5.729473
2026-05-05T18:31:54+00:00,123,12.2868,217.0,,45.174918,5.729606
2026-05-05T18:31:59+00:00,121,10.2816,217.0,,45.174921,5.729797
2026-05-05T18:32:00+00:00,121,11.700000000000001,217.0,,45.174954,5.729827
2026-05-05T18:32:04+00:00,121,14.184,216.8,,45.175094,5.729871
2026-05-05T18:32:08+00:00,121,13.05,216.8,,45.175205,5.729871
2026-05-05T18:32:13+00:00,119,5.4,217.0,,45.175209,5.729874
2026-05-05T18:32:17+00:00,115,0.1188,217.0,,45.175209,5.729874
2026-05-05T18:32:18+00:00,114,0.14400000000000002,217.0,,45.175209,5.729874
2026-05-05T18:32:24+00:00,111,0.0,217.0,,45.175209,5.729874
2026-05-05T18:32:27+00:00,110,0.1188,217.0,,45.175207,5.729867
2026-05-05T18:32:30+00:00,107,0.18000000000000002,217.0,,45.175209,5.729874
2026-05-05T18:32:34+00:00,106,0.0,217.0,,45.175209,5.729874
2026-05-05T18:32:40+00:00,107,0.0,217.0,,45.175209,5.729874
2026-05-05T18:32:44+00:00,108,0.0,217.0,,45.175209,5.729874
2026-05-05T18:32:50+00:00,109,0.216,217.0,,45.175204,5.72986
2026-05-05T18:32:55+00:00,108,0.6228,217.0,,45.175201,5.729864
2026-05-05T18:33:00+00:00,107,0.684,217.0,,45.175199,5.729864
2026-05-05T18:33:06+00:00,105,0.198,217.0,,45.175199,5.729864
2026-05-05T18:33:08+00:00,105,0.0,217.0,,45.175199,5.729864
2026-05-05T18:33:13+00:00,104,0.41040000000000004,217.0,,45.175205,5.729861
2026-05-05T18:33:16+00:00,104,0.6768000000000001,217.0,,45.175199,5.729864
2026-05-05T18:33:21+00:00,106,1.3068,217.0,,45.17519,5.729855
2026-05-05T18:33:23+00:00,109,2.0052000000000003,217.0,,45.175174,5.729849
2026-05-05T18:33:24+00:00,112,2.3832,217.0,,45.17516,5.729854
2026-05-05T18:33:26+00:00,115,4.176,217.0,,45.175136,5.729845
2026-05-05T18:33:27+00:00,115,4.5611999999999995,217.0,,45.175121,5.729843
2026-05-05T18:33:31+00:00,111,5.4,217.0,,45.175073,5.729821
2026-05-05T18:33:33+00:00,108,5.1012,217.0,,45.175047,5.729809
2026-05-05T18:33:36+00:00,107,4.464,217.2,,45.175015,5.729812
2026-05-05T18:33:38+00:00,107,4.5360000000000005,217.2,,45.174984,5.729809
2026-05-05T18:33:41+00:00,108,5.904,217.2,,45.174938,5.729811
2026-05-05T18:33:43+00:00,108,4.464,217.4,,45.174931,5.729798
2026-05-05T18:33:44+00:00,108,3.9600000000000004,217.4,,45.17493,5.729787
2026-05-05T18:33:46+00:00,108,3.456,217.6,,45.174922,5.729739
2026-05-05T18:33:47+00:00,109,4.0788,217.6,,45.174926,5.729714
2026-05-05T18:33:49+00:00,110,6.48,217.8,,45.174937,5.729672
2026-05-05T18:33:50+00:00,113,5.9399999999999995,217.8,,45.174946,5.729662
2026-05-05T18:33:51+00:00,114,5.04,217.8,,45.17495,5.729658
2026-05-05T18:33:53+00:00,114,4.9212,217.8,,45.174976,5.72964
2026-05-05T18:33:56+00:00,115,5.472,217.6,,45.175016,5.729648
2026-05-05T18:33:58+00:00,116,5.184,217.6,,45.175042,5.729654
2026-05-05T18:34:01+00:00,116,5.832000000000001,217.6,,45.175086,5.729651
2026-05-05T18:34:07+00:00,117,5.3604,217.6,,45.175158,5.729666
2026-05-05T18:34:10+00:00,115,4.6404,217.4,,45.175191,5.729671
2026-05-05T18:34:16+00:00,114,4.5216,217.4,,45.175262,5.729677
2026-05-05T18:34:22+00:00,114,3.8411999999999997,217.6,,45.175301,5.729664
2026-05-05T18:34:28+00:00,113,1.5588,217.6,,45.175301,5.729663
2026-05-05T18:34:29+00:00,112,0.1044,217.6,,45.175301,5.729663
2026-05-05T18:34:35+00:00,110,0.0,217.8,,45.175325,5.729671
2026-05-05T18:34:40+00:00,110,0.0,218.0,,45.175319,5.729644
2026-05-05T18:34:43+00:00,113,0.36000000000000004,218.4,,45.175322,5.729634
2026-05-05T18:34:44+00:00,113,0.8388000000000001,218.6,,45.175317,5.729664
2026-05-05T18:34:49+00:00,114,6.3612,219.0,,45.175277,5.729786
2026-05-05T18:34:53+00:00,115,3.8016,219.8,,45.175287,5.729781
2026-05-05T18:34:54+00:00,115,0.14400000000000002,220.2,,45.175289,5.729777
