runId,experimentGroup,experimentName,description,runOutputDir,overrideJson,ctlWeight,tsbWeight,ctlFactorMin,ctlFactorMax,hrrReference,hrrMinFactor,hrrMaxFactor,decayLambda,minFatigueFactor,enabledObjectives,hrrTrimpAlphaGrid,hrrTrimpKappaGrid,hrrTrimpSecondaryKappaGrid,fatigueModels,stage3FatigueStates
000_best_setup_anchor_hrr085_clip030_120_decay025_floor050,best_setup_anchor,hrr085_clip030_120_decay025_floor050,Best-known high-reference setup before fatigue-floor and decay sweeps.,/home/pmarrec/Projet_Perso/RunningManager/data/exp_perf_predictions/trail_digital_twin_best_factor_sweep/runs/000_best_setup_anchor_hrr085_clip030_120_decay025_floor050,"{""fitting.enabled_objectives"":[""activity""],""fitting.validation_modes"":[""in_sample"",""loo""],""physiology.decay_lambda"":0.25,""physiology.hrr_max_factor"":1.2,""physiology.hrr_min_factor"":0.3,""physiology.hrr_reference"":0.85,""physiology.min_fatigue_factor"":0.5,""readiness.ctl_weight"":0.05,""readiness.tsb_weight"":0.1}",0.05,0.1,0.9,1.1,0.85,0.3,1.2,0.25,0.5,"[""activity""]","[0.35,0.4,0.45,0.5,0.55,0.6,0.65,0.7,0.75,0.8,0.85]","[0.0,0.1,0.2,0.3,0.4]","[0.0,0.1,0.2,0.3,0.4]","[""linear"",""exponential""]","[{""acute_trimp_col"":""decayedTrimpBefore"",""fatigue_state"":""decayed"",""label"":""decayed TRIMP""},{""acute_trimp_col"":""cumTrimpBefore"",""fatigue_state"":""cumulative"",""label"":""cumulative TRIMP""},{""acute_trimp_col"":""progress"",""fatigue_models"":[""linear""],""fatigue_state"":""progress"",""label"":""linear progress""},{""acute_trimp_col"":""decayedTrimpBefore"",""fatigue_models"":[""exponential""],""fatigue_state"":""decayed_cumulative"",""label"":""decayed exp + cumulative TRIMP"",""secondary_acute_trimp_col"":""cumTrimpBefore"",""secondary_fatigue_model"":""exponential""},{""acute_trimp_col"":""decayedTrimpBefore"",""fatigue_models"":[""exponential""],""fatigue_state"":""decayed_progress"",""label"":""decayed exp + progress"",""secondary_acute_trimp_col"":""progress"",""secondary_fatigue_model"":""exponential""}]"
001_min_fatigue_factor_sweep_min_fatigue_factor_0,min_fatigue_factor_sweep,min_fatigue_factor_0,Fatigue-floor sweep from no floor to no fatigue penalty under the best-known setup.,/home/pmarrec/Projet_Perso/RunningManager/data/exp_perf_predictions/trail_digital_twin_best_factor_sweep/runs/001_min_fatigue_factor_sweep_min_fatigue_factor_0,"{""fitting.enabled_objectives"":[""activity""],""fitting.validation_modes"":[""in_sample"",""loo""],""physiology.decay_lambda"":0.25,""physiology.hrr_max_factor"":1.2,""physiology.hrr_min_factor"":0.3,""physiology.hrr_reference"":0.85,""physiology.min_fatigue_factor"":0.0,""readiness.ctl_weight"":0.05,""readiness.tsb_weight"":0.1}",0.05,0.1,0.9,1.1,0.85,0.3,1.2,0.25,0.0,"[""activity""]","[0.35,0.4,0.45,0.5,0.55,0.6,0.65,0.7,0.75,0.8,0.85]","[0.0,0.1,0.2,0.3,0.4]","[0.0,0.1,0.2,0.3,0.4]","[""linear"",""exponential""]","[{""acute_trimp_col"":""decayedTrimpBefore"",""fatigue_state"":""decayed"",""label"":""decayed TRIMP""},{""acute_trimp_col"":""cumTrimpBefore"",""fatigue_state"":""cumulative"",""label"":""cumulative TRIMP""},{""acute_trimp_col"":""progress"",""fatigue_models"":[""linear""],""fatigue_state"":""progress"",""label"":""linear progress""},{""acute_trimp_col"":""decayedTrimpBefore"",""fatigue_models"":[""exponential""],""fatigue_state"":""decayed_cumulative"",""label"":""decayed exp + cumulative TRIMP"",""secondary_acute_trimp_col"":""cumTrimpBefore"",""secondary_fatigue_model"":""exponential""},{""acute_trimp_col"":""decayedTrimpBefore"",""fatigue_models"":[""exponential""],""fatigue_state"":""decayed_progress"",""label"":""decayed exp + progress"",""secondary_acute_trimp_col"":""progress"",""secondary_fatigue_model"":""exponential""}]"
002_min_fatigue_factor_sweep_min_fatigue_factor_0_1,min_fatigue_factor_sweep,min_fatigue_factor_0_1,Fatigue-floor sweep from no floor to no fatigue penalty under the best-known setup.,/home/pmarrec/Projet_Perso/RunningManager/data/exp_perf_predictions/trail_digital_twin_best_factor_sweep/runs/002_min_fatigue_factor_sweep_min_fatigue_factor_0_1,"{""fitting.enabled_objectives"":[""activity""],""fitting.validation_modes"":[""in_sample"",""loo""],""physiology.decay_lambda"":0.25,""physiology.hrr_max_factor"":1.2,""physiology.hrr_min_factor"":0.3,""physiology.hrr_reference"":0.85,""physiology.min_fatigue_factor"":0.1,""readiness.ctl_weight"":0.05,""readiness.tsb_weight"":0.1}",0.05,0.1,0.9,1.1,0.85,0.3,1.2,0.25,0.1,"[""activity""]","[0.35,0.4,0.45,0.5,0.55,0.6,0.65,0.7,0.75,0.8,0.85]","[0.0,0.1,0.2,0.3,0.4]","[0.0,0.1,0.2,0.3,0.4]","[""linear"",""exponential""]","[{""acute_trimp_col"":""decayedTrimpBefore"",""fatigue_state"":""decayed"",""label"":""decayed TRIMP""},{""acute_trimp_col"":""cumTrimpBefore"",""fatigue_state"":""cumulative"",""label"":""cumulative TRIMP""},{""acute_trimp_col"":""progress"",""fatigue_models"":[""linear""],""fatigue_state"":""progress"",""label"":""linear progress""},{""acute_trimp_col"":""decayedTrimpBefore"",""fatigue_models"":[""exponential""],""fatigue_state"":""decayed_cumulative"",""label"":""decayed exp + cumulative TRIMP"",""secondary_acute_trimp_col"":""cumTrimpBefore"",""secondary_fatigue_model"":""exponential""},{""acute_trimp_col"":""decayedTrimpBefore"",""fatigue_models"":[""exponential""],""fatigue_state"":""decayed_progress"",""label"":""decayed exp + progress"",""secondary_acute_trimp_col"":""progress"",""secondary_fatigue_model"":""exponential""}]"
003_min_fatigue_factor_sweep_min_fatigue_factor_0_2,min_fatigue_factor_sweep,min_fatigue_factor_0_2,Fatigue-floor sweep from no floor to no fatigue penalty under the best-known setup.,/home/pmarrec/Projet_Perso/RunningManager/data/exp_perf_predictions/trail_digital_twin_best_factor_sweep/runs/003_min_fatigue_factor_sweep_min_fatigue_factor_0_2,"{""fitting.enabled_objectives"":[""activity""],""fitting.validation_modes"":[""in_sample"",""loo""],""physiology.decay_lambda"":0.25,""physiology.hrr_max_factor"":1.2,""physiology.hrr_min_factor"":0.3,""physiology.hrr_reference"":0.85,""physiology.min_fatigue_factor"":0.2,""readiness.ctl_weight"":0.05,""readiness.tsb_weight"":0.1}",0.05,0.1,0.9,1.1,0.85,0.3,1.2,0.25,0.2,"[""activity""]","[0.35,0.4,0.45,0.5,0.55,0.6,0.65,0.7,0.75,0.8,0.85]","[0.0,0.1,0.2,0.3,0.4]","[0.0,0.1,0.2,0.3,0.4]","[""linear"",""exponential""]","[{""acute_trimp_col"":""decayedTrimpBefore"",""fatigue_state"":""decayed"",""label"":""decayed TRIMP""},{""acute_trimp_col"":""cumTrimpBefore"",""fatigue_state"":""cumulative"",""label"":""cumulative TRIMP""},{""acute_trimp_col"":""progress"",""fatigue_models"":[""linear""],""fatigue_state"":""progress"",""label"":""linear progress""},{""acute_trimp_col"":""decayedTrimpBefore"",""fatigue_models"":[""exponential""],""fatigue_state"":""decayed_cumulative"",""label"":""decayed exp + cumulative TRIMP"",""secondary_acute_trimp_col"":""cumTrimpBefore"",""secondary_fatigue_model"":""exponential""},{""acute_trimp_col"":""decayedTrimpBefore"",""fatigue_models"":[""exponential""],""fatigue_state"":""decayed_progress"",""label"":""decayed exp + progress"",""secondary_acute_trimp_col"":""progress"",""secondary_fatigue_model"":""exponential""}]"
004_min_fatigue_factor_sweep_min_fatigue_factor_0_3,min_fatigue_factor_sweep,min_fatigue_factor_0_3,Fatigue-floor sweep from no floor to no fatigue penalty under the best-known setup.,/home/pmarrec/Projet_Perso/RunningManager/data/exp_perf_predictions/trail_digital_twin_best_factor_sweep/runs/004_min_fatigue_factor_sweep_min_fatigue_factor_0_3,"{""fitting.enabled_objectives"":[""activity""],""fitting.validation_modes"":[""in_sample"",""loo""],""physiology.decay_lambda"":0.25,""physiology.hrr_max_factor"":1.2,""physiology.hrr_min_factor"":0.3,""physiology.hrr_reference"":0.85,""physiology.min_fatigue_factor"":0.3,""readiness.ctl_weight"":0.05,""readiness.tsb_weight"":0.1}",0.05,0.1,0.9,1.1,0.85,0.3,1.2,0.25,0.3,"[""activity""]","[0.35,0.4,0.45,0.5,0.55,0.6,0.65,0.7,0.75,0.8,0.85]","[0.0,0.1,0.2,0.3,0.4]","[0.0,0.1,0.2,0.3,0.4]","[""linear"",""exponential""]","[{""acute_trimp_col"":""decayedTrimpBefore"",""fatigue_state"":""decayed"",""label"":""decayed TRIMP""},{""acute_trimp_col"":""cumTrimpBefore"",""fatigue_state"":""cumulative"",""label"":""cumulative TRIMP""},{""acute_trimp_col"":""progress"",""fatigue_models"":[""linear""],""fatigue_state"":""progress"",""label"":""linear progress""},{""acute_trimp_col"":""decayedTrimpBefore"",""fatigue_models"":[""exponential""],""fatigue_state"":""decayed_cumulative"",""label"":""decayed exp + cumulative TRIMP"",""secondary_acute_trimp_col"":""cumTrimpBefore"",""secondary_fatigue_model"":""exponential""},{""acute_trimp_col"":""decayedTrimpBefore"",""fatigue_models"":[""exponential""],""fatigue_state"":""decayed_progress"",""label"":""decayed exp + progress"",""secondary_acute_trimp_col"":""progress"",""secondary_fatigue_model"":""exponential""}]"
005_min_fatigue_factor_sweep_min_fatigue_factor_0_4,min_fatigue_factor_sweep,min_fatigue_factor_0_4,Fatigue-floor sweep from no floor to no fatigue penalty under the best-known setup.,/home/pmarrec/Projet_Perso/RunningManager/data/exp_perf_predictions/trail_digital_twin_best_factor_sweep/runs/005_min_fatigue_factor_sweep_min_fatigue_factor_0_4,"{""fitting.enabled_objectives"":[""activity""],""fitting.validation_modes"":[""in_sample"",""loo""],""physiology.decay_lambda"":0.25,""physiology.hrr_max_factor"":1.2,""physiology.hrr_min_factor"":0.3,""physiology.hrr_reference"":0.85,""physiology.min_fatigue_factor"":0.4,""readiness.ctl_weight"":0.05,""readiness.tsb_weight"":0.1}",0.05,0.1,0.9,1.1,0.85,0.3,1.2,0.25,0.4,"[""activity""]","[0.35,0.4,0.45,0.5,0.55,0.6,0.65,0.7,0.75,0.8,0.85]","[0.0,0.1,0.2,0.3,0.4]","[0.0,0.1,0.2,0.3,0.4]","[""linear"",""exponential""]","[{""acute_trimp_col"":""decayedTrimpBefore"",""fatigue_state"":""decayed"",""label"":""decayed TRIMP""},{""acute_trimp_col"":""cumTrimpBefore"",""fatigue_state"":""cumulative"",""label"":""cumulative TRIMP""},{""acute_trimp_col"":""progress"",""fatigue_models"":[""linear""],""fatigue_state"":""progress"",""label"":""linear progress""},{""acute_trimp_col"":""decayedTrimpBefore"",""fatigue_models"":[""exponential""],""fatigue_state"":""decayed_cumulative"",""label"":""decayed exp + cumulative TRIMP"",""secondary_acute_trimp_col"":""cumTrimpBefore"",""secondary_fatigue_model"":""exponential""},{""acute_trimp_col"":""decayedTrimpBefore"",""fatigue_models"":[""exponential""],""fatigue_state"":""decayed_progress"",""label"":""decayed exp + progress"",""secondary_acute_trimp_col"":""progress"",""secondary_fatigue_model"":""exponential""}]"
006_min_fatigue_factor_sweep_min_fatigue_factor_0_5,min_fatigue_factor_sweep,min_fatigue_factor_0_5,Fatigue-floor sweep from no floor to no fatigue penalty under the best-known setup.,/home/pmarrec/Projet_Perso/RunningManager/data/exp_perf_predictions/trail_digital_twin_best_factor_sweep/runs/006_min_fatigue_factor_sweep_min_fatigue_factor_0_5,"{""fitting.enabled_objectives"":[""activity""],""fitting.validation_modes"":[""in_sample"",""loo""],""physiology.decay_lambda"":0.25,""physiology.hrr_max_factor"":1.2,""physiology.hrr_min_factor"":0.3,""physiology.hrr_reference"":0.85,""physiology.min_fatigue_factor"":0.5,""readiness.ctl_weight"":0.05,""readiness.tsb_weight"":0.1}",0.05,0.1,0.9,1.1,0.85,0.3,1.2,0.25,0.5,"[""activity""]","[0.35,0.4,0.45,0.5,0.55,0.6,0.65,0.7,0.75,0.8,0.85]","[0.0,0.1,0.2,0.3,0.4]","[0.0,0.1,0.2,0.3,0.4]","[""linear"",""exponential""]","[{""acute_trimp_col"":""decayedTrimpBefore"",""fatigue_state"":""decayed"",""label"":""decayed TRIMP""},{""acute_trimp_col"":""cumTrimpBefore"",""fatigue_state"":""cumulative"",""label"":""cumulative TRIMP""},{""acute_trimp_col"":""progress"",""fatigue_models"":[""linear""],""fatigue_state"":""progress"",""label"":""linear progress""},{""acute_trimp_col"":""decayedTrimpBefore"",""fatigue_models"":[""exponential""],""fatigue_state"":""decayed_cumulative"",""label"":""decayed exp + cumulative TRIMP"",""secondary_acute_trimp_col"":""cumTrimpBefore"",""secondary_fatigue_model"":""exponential""},{""acute_trimp_col"":""decayedTrimpBefore"",""fatigue_models"":[""exponential""],""fatigue_state"":""decayed_progress"",""label"":""decayed exp + progress"",""secondary_acute_trimp_col"":""progress"",""secondary_fatigue_model"":""exponential""}]"
007_min_fatigue_factor_sweep_min_fatigue_factor_0_6,min_fatigue_factor_sweep,min_fatigue_factor_0_6,Fatigue-floor sweep from no floor to no fatigue penalty under the best-known setup.,/home/pmarrec/Projet_Perso/RunningManager/data/exp_perf_predictions/trail_digital_twin_best_factor_sweep/runs/007_min_fatigue_factor_sweep_min_fatigue_factor_0_6,"{""fitting.enabled_objectives"":[""activity""],""fitting.validation_modes"":[""in_sample"",""loo""],""physiology.decay_lambda"":0.25,""physiology.hrr_max_factor"":1.2,""physiology.hrr_min_factor"":0.3,""physiology.hrr_reference"":0.85,""physiology.min_fatigue_factor"":0.6,""readiness.ctl_weight"":0.05,""readiness.tsb_weight"":0.1}",0.05,0.1,0.9,1.1,0.85,0.3,1.2,0.25,0.6,"[""activity""]","[0.35,0.4,0.45,0.5,0.55,0.6,0.65,0.7,0.75,0.8,0.85]","[0.0,0.1,0.2,0.3,0.4]","[0.0,0.1,0.2,0.3,0.4]","[""linear"",""exponential""]","[{""acute_trimp_col"":""decayedTrimpBefore"",""fatigue_state"":""decayed"",""label"":""decayed TRIMP""},{""acute_trimp_col"":""cumTrimpBefore"",""fatigue_state"":""cumulative"",""label"":""cumulative TRIMP""},{""acute_trimp_col"":""progress"",""fatigue_models"":[""linear""],""fatigue_state"":""progress"",""label"":""linear progress""},{""acute_trimp_col"":""decayedTrimpBefore"",""fatigue_models"":[""exponential""],""fatigue_state"":""decayed_cumulative"",""label"":""decayed exp + cumulative TRIMP"",""secondary_acute_trimp_col"":""cumTrimpBefore"",""secondary_fatigue_model"":""exponential""},{""acute_trimp_col"":""decayedTrimpBefore"",""fatigue_models"":[""exponential""],""fatigue_state"":""decayed_progress"",""label"":""decayed exp + progress"",""secondary_acute_trimp_col"":""progress"",""secondary_fatigue_model"":""exponential""}]"
008_min_fatigue_factor_sweep_min_fatigue_factor_0_7,min_fatigue_factor_sweep,min_fatigue_factor_0_7,Fatigue-floor sweep from no floor to no fatigue penalty under the best-known setup.,/home/pmarrec/Projet_Perso/RunningManager/data/exp_perf_predictions/trail_digital_twin_best_factor_sweep/runs/008_min_fatigue_factor_sweep_min_fatigue_factor_0_7,"{""fitting.enabled_objectives"":[""activity""],""fitting.validation_modes"":[""in_sample"",""loo""],""physiology.decay_lambda"":0.25,""physiology.hrr_max_factor"":1.2,""physiology.hrr_min_factor"":0.3,""physiology.hrr_reference"":0.85,""physiology.min_fatigue_factor"":0.7,""readiness.ctl_weight"":0.05,""readiness.tsb_weight"":0.1}",0.05,0.1,0.9,1.1,0.85,0.3,1.2,0.25,0.7,"[""activity""]","[0.35,0.4,0.45,0.5,0.55,0.6,0.65,0.7,0.75,0.8,0.85]","[0.0,0.1,0.2,0.3,0.4]","[0.0,0.1,0.2,0.3,0.4]","[""linear"",""exponential""]","[{""acute_trimp_col"":""decayedTrimpBefore"",""fatigue_state"":""decayed"",""label"":""decayed TRIMP""},{""acute_trimp_col"":""cumTrimpBefore"",""fatigue_state"":""cumulative"",""label"":""cumulative TRIMP""},{""acute_trimp_col"":""progress"",""fatigue_models"":[""linear""],""fatigue_state"":""progress"",""label"":""linear progress""},{""acute_trimp_col"":""decayedTrimpBefore"",""fatigue_models"":[""exponential""],""fatigue_state"":""decayed_cumulative"",""label"":""decayed exp + cumulative TRIMP"",""secondary_acute_trimp_col"":""cumTrimpBefore"",""secondary_fatigue_model"":""exponential""},{""acute_trimp_col"":""decayedTrimpBefore"",""fatigue_models"":[""exponential""],""fatigue_state"":""decayed_progress"",""label"":""decayed exp + progress"",""secondary_acute_trimp_col"":""progress"",""secondary_fatigue_model"":""exponential""}]"
009_min_fatigue_factor_sweep_min_fatigue_factor_0_8,min_fatigue_factor_sweep,min_fatigue_factor_0_8,Fatigue-floor sweep from no floor to no fatigue penalty under the best-known setup.,/home/pmarrec/Projet_Perso/RunningManager/data/exp_perf_predictions/trail_digital_twin_best_factor_sweep/runs/009_min_fatigue_factor_sweep_min_fatigue_factor_0_8,"{""fitting.enabled_objectives"":[""activity""],""fitting.validation_modes"":[""in_sample"",""loo""],""physiology.decay_lambda"":0.25,""physiology.hrr_max_factor"":1.2,""physiology.hrr_min_factor"":0.3,""physiology.hrr_reference"":0.85,""physiology.min_fatigue_factor"":0.8,""readiness.ctl_weight"":0.05,""readiness.tsb_weight"":0.1}",0.05,0.1,0.9,1.1,0.85,0.3,1.2,0.25,0.8,"[""activity""]","[0.35,0.4,0.45,0.5,0.55,0.6,0.65,0.7,0.75,0.8,0.85]","[0.0,0.1,0.2,0.3,0.4]","[0.0,0.1,0.2,0.3,0.4]","[""linear"",""exponential""]","[{""acute_trimp_col"":""decayedTrimpBefore"",""fatigue_state"":""decayed"",""label"":""decayed TRIMP""},{""acute_trimp_col"":""cumTrimpBefore"",""fatigue_state"":""cumulative"",""label"":""cumulative TRIMP""},{""acute_trimp_col"":""progress"",""fatigue_models"":[""linear""],""fatigue_state"":""progress"",""label"":""linear progress""},{""acute_trimp_col"":""decayedTrimpBefore"",""fatigue_models"":[""exponential""],""fatigue_state"":""decayed_cumulative"",""label"":""decayed exp + cumulative TRIMP"",""secondary_acute_trimp_col"":""cumTrimpBefore"",""secondary_fatigue_model"":""exponential""},{""acute_trimp_col"":""decayedTrimpBefore"",""fatigue_models"":[""exponential""],""fatigue_state"":""decayed_progress"",""label"":""decayed exp + progress"",""secondary_acute_trimp_col"":""progress"",""secondary_fatigue_model"":""exponential""}]"
010_min_fatigue_factor_sweep_min_fatigue_factor_0_9,min_fatigue_factor_sweep,min_fatigue_factor_0_9,Fatigue-floor sweep from no floor to no fatigue penalty under the best-known setup.,/home/pmarrec/Projet_Perso/RunningManager/data/exp_perf_predictions/trail_digital_twin_best_factor_sweep/runs/010_min_fatigue_factor_sweep_min_fatigue_factor_0_9,"{""fitting.enabled_objectives"":[""activity""],""fitting.validation_modes"":[""in_sample"",""loo""],""physiology.decay_lambda"":0.25,""physiology.hrr_max_factor"":1.2,""physiology.hrr_min_factor"":0.3,""physiology.hrr_reference"":0.85,""physiology.min_fatigue_factor"":0.9,""readiness.ctl_weight"":0.05,""readiness.tsb_weight"":0.1}",0.05,0.1,0.9,1.1,0.85,0.3,1.2,0.25,0.9,"[""activity""]","[0.35,0.4,0.45,0.5,0.55,0.6,0.65,0.7,0.75,0.8,0.85]","[0.0,0.1,0.2,0.3,0.4]","[0.0,0.1,0.2,0.3,0.4]","[""linear"",""exponential""]","[{""acute_trimp_col"":""decayedTrimpBefore"",""fatigue_state"":""decayed"",""label"":""decayed TRIMP""},{""acute_trimp_col"":""cumTrimpBefore"",""fatigue_state"":""cumulative"",""label"":""cumulative TRIMP""},{""acute_trimp_col"":""progress"",""fatigue_models"":[""linear""],""fatigue_state"":""progress"",""label"":""linear progress""},{""acute_trimp_col"":""decayedTrimpBefore"",""fatigue_models"":[""exponential""],""fatigue_state"":""decayed_cumulative"",""label"":""decayed exp + cumulative TRIMP"",""secondary_acute_trimp_col"":""cumTrimpBefore"",""secondary_fatigue_model"":""exponential""},{""acute_trimp_col"":""decayedTrimpBefore"",""fatigue_models"":[""exponential""],""fatigue_state"":""decayed_progress"",""label"":""decayed exp + progress"",""secondary_acute_trimp_col"":""progress"",""secondary_fatigue_model"":""exponential""}]"
011_min_fatigue_factor_sweep_min_fatigue_factor_1,min_fatigue_factor_sweep,min_fatigue_factor_1,Fatigue-floor sweep from no floor to no fatigue penalty under the best-known setup.,/home/pmarrec/Projet_Perso/RunningManager/data/exp_perf_predictions/trail_digital_twin_best_factor_sweep/runs/011_min_fatigue_factor_sweep_min_fatigue_factor_1,"{""fitting.enabled_objectives"":[""activity""],""fitting.validation_modes"":[""in_sample"",""loo""],""physiology.decay_lambda"":0.25,""physiology.hrr_max_factor"":1.2,""physiology.hrr_min_factor"":0.3,""physiology.hrr_reference"":0.85,""physiology.min_fatigue_factor"":1.0,""readiness.ctl_weight"":0.05,""readiness.tsb_weight"":0.1}",0.05,0.1,0.9,1.1,0.85,0.3,1.2,0.25,1.0,"[""activity""]","[0.35,0.4,0.45,0.5,0.55,0.6,0.65,0.7,0.75,0.8,0.85]","[0.0,0.1,0.2,0.3,0.4]","[0.0,0.1,0.2,0.3,0.4]","[""linear"",""exponential""]","[{""acute_trimp_col"":""decayedTrimpBefore"",""fatigue_state"":""decayed"",""label"":""decayed TRIMP""},{""acute_trimp_col"":""cumTrimpBefore"",""fatigue_state"":""cumulative"",""label"":""cumulative TRIMP""},{""acute_trimp_col"":""progress"",""fatigue_models"":[""linear""],""fatigue_state"":""progress"",""label"":""linear progress""},{""acute_trimp_col"":""decayedTrimpBefore"",""fatigue_models"":[""exponential""],""fatigue_state"":""decayed_cumulative"",""label"":""decayed exp + cumulative TRIMP"",""secondary_acute_trimp_col"":""cumTrimpBefore"",""secondary_fatigue_model"":""exponential""},{""acute_trimp_col"":""decayedTrimpBefore"",""fatigue_models"":[""exponential""],""fatigue_state"":""decayed_progress"",""label"":""decayed exp + progress"",""secondary_acute_trimp_col"":""progress"",""secondary_fatigue_model"":""exponential""}]"
012_decay_lambda_sweep_hrr085_hrr_reference_0_85_decay_lambda_0,decay_lambda_sweep_hrr085,hrr_reference_0_85_decay_lambda_0,In-activity decayed-TRIMP lambda sweep at HRR reference 0.85.,/home/pmarrec/Projet_Perso/RunningManager/data/exp_perf_predictions/trail_digital_twin_best_factor_sweep/runs/012_decay_lambda_sweep_hrr085_hrr_reference_0_85_decay_lambda_0,"{""fitting.enabled_objectives"":[""activity""],""fitting.validation_modes"":[""in_sample"",""loo""],""physiology.decay_lambda"":0.0,""physiology.hrr_max_factor"":1.2,""physiology.hrr_min_factor"":0.3,""physiology.hrr_reference"":0.85,""physiology.min_fatigue_factor"":0.5,""readiness.ctl_weight"":0.05,""readiness.tsb_weight"":0.1}",0.05,0.1,0.9,1.1,0.85,0.3,1.2,0.0,0.5,"[""activity""]","[0.35,0.4,0.45,0.5,0.55,0.6,0.65,0.7,0.75,0.8,0.85]","[0.0,0.1,0.2,0.3,0.4]","[0.0,0.1,0.2,0.3,0.4]","[""linear"",""exponential""]","[{""acute_trimp_col"":""decayedTrimpBefore"",""fatigue_state"":""decayed"",""label"":""decayed TRIMP""},{""acute_trimp_col"":""cumTrimpBefore"",""fatigue_state"":""cumulative"",""label"":""cumulative TRIMP""},{""acute_trimp_col"":""progress"",""fatigue_models"":[""linear""],""fatigue_state"":""progress"",""label"":""linear progress""},{""acute_trimp_col"":""decayedTrimpBefore"",""fatigue_models"":[""exponential""],""fatigue_state"":""decayed_cumulative"",""label"":""decayed exp + cumulative TRIMP"",""secondary_acute_trimp_col"":""cumTrimpBefore"",""secondary_fatigue_model"":""exponential""},{""acute_trimp_col"":""decayedTrimpBefore"",""fatigue_models"":[""exponential""],""fatigue_state"":""decayed_progress"",""label"":""decayed exp + progress"",""secondary_acute_trimp_col"":""progress"",""secondary_fatigue_model"":""exponential""}]"
013_decay_lambda_sweep_hrr085_hrr_reference_0_85_decay_lambda_0_05,decay_lambda_sweep_hrr085,hrr_reference_0_85_decay_lambda_0_05,In-activity decayed-TRIMP lambda sweep at HRR reference 0.85.,/home/pmarrec/Projet_Perso/RunningManager/data/exp_perf_predictions/trail_digital_twin_best_factor_sweep/runs/013_decay_lambda_sweep_hrr085_hrr_reference_0_85_decay_lambda_0_05,"{""fitting.enabled_objectives"":[""activity""],""fitting.validation_modes"":[""in_sample"",""loo""],""physiology.decay_lambda"":0.05,""physiology.hrr_max_factor"":1.2,""physiology.hrr_min_factor"":0.3,""physiology.hrr_reference"":0.85,""physiology.min_fatigue_factor"":0.5,""readiness.ctl_weight"":0.05,""readiness.tsb_weight"":0.1}",0.05,0.1,0.9,1.1,0.85,0.3,1.2,0.05,0.5,"[""activity""]","[0.35,0.4,0.45,0.5,0.55,0.6,0.65,0.7,0.75,0.8,0.85]","[0.0,0.1,0.2,0.3,0.4]","[0.0,0.1,0.2,0.3,0.4]","[""linear"",""exponential""]","[{""acute_trimp_col"":""decayedTrimpBefore"",""fatigue_state"":""decayed"",""label"":""decayed TRIMP""},{""acute_trimp_col"":""cumTrimpBefore"",""fatigue_state"":""cumulative"",""label"":""cumulative TRIMP""},{""acute_trimp_col"":""progress"",""fatigue_models"":[""linear""],""fatigue_state"":""progress"",""label"":""linear progress""},{""acute_trimp_col"":""decayedTrimpBefore"",""fatigue_models"":[""exponential""],""fatigue_state"":""decayed_cumulative"",""label"":""decayed exp + cumulative TRIMP"",""secondary_acute_trimp_col"":""cumTrimpBefore"",""secondary_fatigue_model"":""exponential""},{""acute_trimp_col"":""decayedTrimpBefore"",""fatigue_models"":[""exponential""],""fatigue_state"":""decayed_progress"",""label"":""decayed exp + progress"",""secondary_acute_trimp_col"":""progress"",""secondary_fatigue_model"":""exponential""}]"
014_decay_lambda_sweep_hrr085_hrr_reference_0_85_decay_lambda_0_1,decay_lambda_sweep_hrr085,hrr_reference_0_85_decay_lambda_0_1,In-activity decayed-TRIMP lambda sweep at HRR reference 0.85.,/home/pmarrec/Projet_Perso/RunningManager/data/exp_perf_predictions/trail_digital_twin_best_factor_sweep/runs/014_decay_lambda_sweep_hrr085_hrr_reference_0_85_decay_lambda_0_1,"{""fitting.enabled_objectives"":[""activity""],""fitting.validation_modes"":[""in_sample"",""loo""],""physiology.decay_lambda"":0.1,""physiology.hrr_max_factor"":1.2,""physiology.hrr_min_factor"":0.3,""physiology.hrr_reference"":0.85,""physiology.min_fatigue_factor"":0.5,""readiness.ctl_weight"":0.05,""readiness.tsb_weight"":0.1}",0.05,0.1,0.9,1.1,0.85,0.3,1.2,0.1,0.5,"[""activity""]","[0.35,0.4,0.45,0.5,0.55,0.6,0.65,0.7,0.75,0.8,0.85]","[0.0,0.1,0.2,0.3,0.4]","[0.0,0.1,0.2,0.3,0.4]","[""linear"",""exponential""]","[{""acute_trimp_col"":""decayedTrimpBefore"",""fatigue_state"":""decayed"",""label"":""decayed TRIMP""},{""acute_trimp_col"":""cumTrimpBefore"",""fatigue_state"":""cumulative"",""label"":""cumulative TRIMP""},{""acute_trimp_col"":""progress"",""fatigue_models"":[""linear""],""fatigue_state"":""progress"",""label"":""linear progress""},{""acute_trimp_col"":""decayedTrimpBefore"",""fatigue_models"":[""exponential""],""fatigue_state"":""decayed_cumulative"",""label"":""decayed exp + cumulative TRIMP"",""secondary_acute_trimp_col"":""cumTrimpBefore"",""secondary_fatigue_model"":""exponential""},{""acute_trimp_col"":""decayedTrimpBefore"",""fatigue_models"":[""exponential""],""fatigue_state"":""decayed_progress"",""label"":""decayed exp + progress"",""secondary_acute_trimp_col"":""progress"",""secondary_fatigue_model"":""exponential""}]"
015_decay_lambda_sweep_hrr085_hrr_reference_0_85_decay_lambda_0_15,decay_lambda_sweep_hrr085,hrr_reference_0_85_decay_lambda_0_15,In-activity decayed-TRIMP lambda sweep at HRR reference 0.85.,/home/pmarrec/Projet_Perso/RunningManager/data/exp_perf_predictions/trail_digital_twin_best_factor_sweep/runs/015_decay_lambda_sweep_hrr085_hrr_reference_0_85_decay_lambda_0_15,"{""fitting.enabled_objectives"":[""activity""],""fitting.validation_modes"":[""in_sample"",""loo""],""physiology.decay_lambda"":0.15,""physiology.hrr_max_factor"":1.2,""physiology.hrr_min_factor"":0.3,""physiology.hrr_reference"":0.85,""physiology.min_fatigue_factor"":0.5,""readiness.ctl_weight"":0.05,""readiness.tsb_weight"":0.1}",0.05,0.1,0.9,1.1,0.85,0.3,1.2,0.15,0.5,"[""activity""]","[0.35,0.4,0.45,0.5,0.55,0.6,0.65,0.7,0.75,0.8,0.85]","[0.0,0.1,0.2,0.3,0.4]","[0.0,0.1,0.2,0.3,0.4]","[""linear"",""exponential""]","[{""acute_trimp_col"":""decayedTrimpBefore"",""fatigue_state"":""decayed"",""label"":""decayed TRIMP""},{""acute_trimp_col"":""cumTrimpBefore"",""fatigue_state"":""cumulative"",""label"":""cumulative TRIMP""},{""acute_trimp_col"":""progress"",""fatigue_models"":[""linear""],""fatigue_state"":""progress"",""label"":""linear progress""},{""acute_trimp_col"":""decayedTrimpBefore"",""fatigue_models"":[""exponential""],""fatigue_state"":""decayed_cumulative"",""label"":""decayed exp + cumulative TRIMP"",""secondary_acute_trimp_col"":""cumTrimpBefore"",""secondary_fatigue_model"":""exponential""},{""acute_trimp_col"":""decayedTrimpBefore"",""fatigue_models"":[""exponential""],""fatigue_state"":""decayed_progress"",""label"":""decayed exp + progress"",""secondary_acute_trimp_col"":""progress"",""secondary_fatigue_model"":""exponential""}]"
016_decay_lambda_sweep_hrr085_hrr_reference_0_85_decay_lambda_0_2,decay_lambda_sweep_hrr085,hrr_reference_0_85_decay_lambda_0_2,In-activity decayed-TRIMP lambda sweep at HRR reference 0.85.,/home/pmarrec/Projet_Perso/RunningManager/data/exp_perf_predictions/trail_digital_twin_best_factor_sweep/runs/016_decay_lambda_sweep_hrr085_hrr_reference_0_85_decay_lambda_0_2,"{""fitting.enabled_objectives"":[""activity""],""fitting.validation_modes"":[""in_sample"",""loo""],""physiology.decay_lambda"":0.2,""physiology.hrr_max_factor"":1.2,""physiology.hrr_min_factor"":0.3,""physiology.hrr_reference"":0.85,""physiology.min_fatigue_factor"":0.5,""readiness.ctl_weight"":0.05,""readiness.tsb_weight"":0.1}",0.05,0.1,0.9,1.1,0.85,0.3,1.2,0.2,0.5,"[""activity""]","[0.35,0.4,0.45,0.5,0.55,0.6,0.65,0.7,0.75,0.8,0.85]","[0.0,0.1,0.2,0.3,0.4]","[0.0,0.1,0.2,0.3,0.4]","[""linear"",""exponential""]","[{""acute_trimp_col"":""decayedTrimpBefore"",""fatigue_state"":""decayed"",""label"":""decayed TRIMP""},{""acute_trimp_col"":""cumTrimpBefore"",""fatigue_state"":""cumulative"",""label"":""cumulative TRIMP""},{""acute_trimp_col"":""progress"",""fatigue_models"":[""linear""],""fatigue_state"":""progress"",""label"":""linear progress""},{""acute_trimp_col"":""decayedTrimpBefore"",""fatigue_models"":[""exponential""],""fatigue_state"":""decayed_cumulative"",""label"":""decayed exp + cumulative TRIMP"",""secondary_acute_trimp_col"":""cumTrimpBefore"",""secondary_fatigue_model"":""exponential""},{""acute_trimp_col"":""decayedTrimpBefore"",""fatigue_models"":[""exponential""],""fatigue_state"":""decayed_progress"",""label"":""decayed exp + progress"",""secondary_acute_trimp_col"":""progress"",""secondary_fatigue_model"":""exponential""}]"
017_decay_lambda_sweep_hrr085_hrr_reference_0_85_decay_lambda_0_25,decay_lambda_sweep_hrr085,hrr_reference_0_85_decay_lambda_0_25,In-activity decayed-TRIMP lambda sweep at HRR reference 0.85.,/home/pmarrec/Projet_Perso/RunningManager/data/exp_perf_predictions/trail_digital_twin_best_factor_sweep/runs/017_decay_lambda_sweep_hrr085_hrr_reference_0_85_decay_lambda_0_25,"{""fitting.enabled_objectives"":[""activity""],""fitting.validation_modes"":[""in_sample"",""loo""],""physiology.decay_lambda"":0.25,""physiology.hrr_max_factor"":1.2,""physiology.hrr_min_factor"":0.3,""physiology.hrr_reference"":0.85,""physiology.min_fatigue_factor"":0.5,""readiness.ctl_weight"":0.05,""readiness.tsb_weight"":0.1}",0.05,0.1,0.9,1.1,0.85,0.3,1.2,0.25,0.5,"[""activity""]","[0.35,0.4,0.45,0.5,0.55,0.6,0.65,0.7,0.75,0.8,0.85]","[0.0,0.1,0.2,0.3,0.4]","[0.0,0.1,0.2,0.3,0.4]","[""linear"",""exponential""]","[{""acute_trimp_col"":""decayedTrimpBefore"",""fatigue_state"":""decayed"",""label"":""decayed TRIMP""},{""acute_trimp_col"":""cumTrimpBefore"",""fatigue_state"":""cumulative"",""label"":""cumulative TRIMP""},{""acute_trimp_col"":""progress"",""fatigue_models"":[""linear""],""fatigue_state"":""progress"",""label"":""linear progress""},{""acute_trimp_col"":""decayedTrimpBefore"",""fatigue_models"":[""exponential""],""fatigue_state"":""decayed_cumulative"",""label"":""decayed exp + cumulative TRIMP"",""secondary_acute_trimp_col"":""cumTrimpBefore"",""secondary_fatigue_model"":""exponential""},{""acute_trimp_col"":""decayedTrimpBefore"",""fatigue_models"":[""exponential""],""fatigue_state"":""decayed_progress"",""label"":""decayed exp + progress"",""secondary_acute_trimp_col"":""progress"",""secondary_fatigue_model"":""exponential""}]"
018_decay_lambda_sweep_hrr085_hrr_reference_0_85_decay_lambda_0_3,decay_lambda_sweep_hrr085,hrr_reference_0_85_decay_lambda_0_3,In-activity decayed-TRIMP lambda sweep at HRR reference 0.85.,/home/pmarrec/Projet_Perso/RunningManager/data/exp_perf_predictions/trail_digital_twin_best_factor_sweep/runs/018_decay_lambda_sweep_hrr085_hrr_reference_0_85_decay_lambda_0_3,"{""fitting.enabled_objectives"":[""activity""],""fitting.validation_modes"":[""in_sample"",""loo""],""physiology.decay_lambda"":0.3,""physiology.hrr_max_factor"":1.2,""physiology.hrr_min_factor"":0.3,""physiology.hrr_reference"":0.85,""physiology.min_fatigue_factor"":0.5,""readiness.ctl_weight"":0.05,""readiness.tsb_weight"":0.1}",0.05,0.1,0.9,1.1,0.85,0.3,1.2,0.3,0.5,"[""activity""]","[0.35,0.4,0.45,0.5,0.55,0.6,0.65,0.7,0.75,0.8,0.85]","[0.0,0.1,0.2,0.3,0.4]","[0.0,0.1,0.2,0.3,0.4]","[""linear"",""exponential""]","[{""acute_trimp_col"":""decayedTrimpBefore"",""fatigue_state"":""decayed"",""label"":""decayed TRIMP""},{""acute_trimp_col"":""cumTrimpBefore"",""fatigue_state"":""cumulative"",""label"":""cumulative TRIMP""},{""acute_trimp_col"":""progress"",""fatigue_models"":[""linear""],""fatigue_state"":""progress"",""label"":""linear progress""},{""acute_trimp_col"":""decayedTrimpBefore"",""fatigue_models"":[""exponential""],""fatigue_state"":""decayed_cumulative"",""label"":""decayed exp + cumulative TRIMP"",""secondary_acute_trimp_col"":""cumTrimpBefore"",""secondary_fatigue_model"":""exponential""},{""acute_trimp_col"":""decayedTrimpBefore"",""fatigue_models"":[""exponential""],""fatigue_state"":""decayed_progress"",""label"":""decayed exp + progress"",""secondary_acute_trimp_col"":""progress"",""secondary_fatigue_model"":""exponential""}]"
019_decay_lambda_sweep_hrr085_hrr_reference_0_85_decay_lambda_0_35,decay_lambda_sweep_hrr085,hrr_reference_0_85_decay_lambda_0_35,In-activity decayed-TRIMP lambda sweep at HRR reference 0.85.,/home/pmarrec/Projet_Perso/RunningManager/data/exp_perf_predictions/trail_digital_twin_best_factor_sweep/runs/019_decay_lambda_sweep_hrr085_hrr_reference_0_85_decay_lambda_0_35,"{""fitting.enabled_objectives"":[""activity""],""fitting.validation_modes"":[""in_sample"",""loo""],""physiology.decay_lambda"":0.35,""physiology.hrr_max_factor"":1.2,""physiology.hrr_min_factor"":0.3,""physiology.hrr_reference"":0.85,""physiology.min_fatigue_factor"":0.5,""readiness.ctl_weight"":0.05,""readiness.tsb_weight"":0.1}",0.05,0.1,0.9,1.1,0.85,0.3,1.2,0.35,0.5,"[""activity""]","[0.35,0.4,0.45,0.5,0.55,0.6,0.65,0.7,0.75,0.8,0.85]","[0.0,0.1,0.2,0.3,0.4]","[0.0,0.1,0.2,0.3,0.4]","[""linear"",""exponential""]","[{""acute_trimp_col"":""decayedTrimpBefore"",""fatigue_state"":""decayed"",""label"":""decayed TRIMP""},{""acute_trimp_col"":""cumTrimpBefore"",""fatigue_state"":""cumulative"",""label"":""cumulative TRIMP""},{""acute_trimp_col"":""progress"",""fatigue_models"":[""linear""],""fatigue_state"":""progress"",""label"":""linear progress""},{""acute_trimp_col"":""decayedTrimpBefore"",""fatigue_models"":[""exponential""],""fatigue_state"":""decayed_cumulative"",""label"":""decayed exp + cumulative TRIMP"",""secondary_acute_trimp_col"":""cumTrimpBefore"",""secondary_fatigue_model"":""exponential""},{""acute_trimp_col"":""decayedTrimpBefore"",""fatigue_models"":[""exponential""],""fatigue_state"":""decayed_progress"",""label"":""decayed exp + progress"",""secondary_acute_trimp_col"":""progress"",""secondary_fatigue_model"":""exponential""}]"
020_decay_lambda_sweep_hrr085_hrr_reference_0_85_decay_lambda_0_4,decay_lambda_sweep_hrr085,hrr_reference_0_85_decay_lambda_0_4,In-activity decayed-TRIMP lambda sweep at HRR reference 0.85.,/home/pmarrec/Projet_Perso/RunningManager/data/exp_perf_predictions/trail_digital_twin_best_factor_sweep/runs/020_decay_lambda_sweep_hrr085_hrr_reference_0_85_decay_lambda_0_4,"{""fitting.enabled_objectives"":[""activity""],""fitting.validation_modes"":[""in_sample"",""loo""],""physiology.decay_lambda"":0.4,""physiology.hrr_max_factor"":1.2,""physiology.hrr_min_factor"":0.3,""physiology.hrr_reference"":0.85,""physiology.min_fatigue_factor"":0.5,""readiness.ctl_weight"":0.05,""readiness.tsb_weight"":0.1}",0.05,0.1,0.9,1.1,0.85,0.3,1.2,0.4,0.5,"[""activity""]","[0.35,0.4,0.45,0.5,0.55,0.6,0.65,0.7,0.75,0.8,0.85]","[0.0,0.1,0.2,0.3,0.4]","[0.0,0.1,0.2,0.3,0.4]","[""linear"",""exponential""]","[{""acute_trimp_col"":""decayedTrimpBefore"",""fatigue_state"":""decayed"",""label"":""decayed TRIMP""},{""acute_trimp_col"":""cumTrimpBefore"",""fatigue_state"":""cumulative"",""label"":""cumulative TRIMP""},{""acute_trimp_col"":""progress"",""fatigue_models"":[""linear""],""fatigue_state"":""progress"",""label"":""linear progress""},{""acute_trimp_col"":""decayedTrimpBefore"",""fatigue_models"":[""exponential""],""fatigue_state"":""decayed_cumulative"",""label"":""decayed exp + cumulative TRIMP"",""secondary_acute_trimp_col"":""cumTrimpBefore"",""secondary_fatigue_model"":""exponential""},{""acute_trimp_col"":""decayedTrimpBefore"",""fatigue_models"":[""exponential""],""fatigue_state"":""decayed_progress"",""label"":""decayed exp + progress"",""secondary_acute_trimp_col"":""progress"",""secondary_fatigue_model"":""exponential""}]"
021_decay_lambda_sweep_hrr085_hrr_reference_0_85_decay_lambda_0_45,decay_lambda_sweep_hrr085,hrr_reference_0_85_decay_lambda_0_45,In-activity decayed-TRIMP lambda sweep at HRR reference 0.85.,/home/pmarrec/Projet_Perso/RunningManager/data/exp_perf_predictions/trail_digital_twin_best_factor_sweep/runs/021_decay_lambda_sweep_hrr085_hrr_reference_0_85_decay_lambda_0_45,"{""fitting.enabled_objectives"":[""activity""],""fitting.validation_modes"":[""in_sample"",""loo""],""physiology.decay_lambda"":0.45,""physiology.hrr_max_factor"":1.2,""physiology.hrr_min_factor"":0.3,""physiology.hrr_reference"":0.85,""physiology.min_fatigue_factor"":0.5,""readiness.ctl_weight"":0.05,""readiness.tsb_weight"":0.1}",0.05,0.1,0.9,1.1,0.85,0.3,1.2,0.45,0.5,"[""activity""]","[0.35,0.4,0.45,0.5,0.55,0.6,0.65,0.7,0.75,0.8,0.85]","[0.0,0.1,0.2,0.3,0.4]","[0.0,0.1,0.2,0.3,0.4]","[""linear"",""exponential""]","[{""acute_trimp_col"":""decayedTrimpBefore"",""fatigue_state"":""decayed"",""label"":""decayed TRIMP""},{""acute_trimp_col"":""cumTrimpBefore"",""fatigue_state"":""cumulative"",""label"":""cumulative TRIMP""},{""acute_trimp_col"":""progress"",""fatigue_models"":[""linear""],""fatigue_state"":""progress"",""label"":""linear progress""},{""acute_trimp_col"":""decayedTrimpBefore"",""fatigue_models"":[""exponential""],""fatigue_state"":""decayed_cumulative"",""label"":""decayed exp + cumulative TRIMP"",""secondary_acute_trimp_col"":""cumTrimpBefore"",""secondary_fatigue_model"":""exponential""},{""acute_trimp_col"":""decayedTrimpBefore"",""fatigue_models"":[""exponential""],""fatigue_state"":""decayed_progress"",""label"":""decayed exp + progress"",""secondary_acute_trimp_col"":""progress"",""secondary_fatigue_model"":""exponential""}]"
022_decay_lambda_sweep_hrr085_hrr_reference_0_85_decay_lambda_0_5,decay_lambda_sweep_hrr085,hrr_reference_0_85_decay_lambda_0_5,In-activity decayed-TRIMP lambda sweep at HRR reference 0.85.,/home/pmarrec/Projet_Perso/RunningManager/data/exp_perf_predictions/trail_digital_twin_best_factor_sweep/runs/022_decay_lambda_sweep_hrr085_hrr_reference_0_85_decay_lambda_0_5,"{""fitting.enabled_objectives"":[""activity""],""fitting.validation_modes"":[""in_sample"",""loo""],""physiology.decay_lambda"":0.5,""physiology.hrr_max_factor"":1.2,""physiology.hrr_min_factor"":0.3,""physiology.hrr_reference"":0.85,""physiology.min_fatigue_factor"":0.5,""readiness.ctl_weight"":0.05,""readiness.tsb_weight"":0.1}",0.05,0.1,0.9,1.1,0.85,0.3,1.2,0.5,0.5,"[""activity""]","[0.35,0.4,0.45,0.5,0.55,0.6,0.65,0.7,0.75,0.8,0.85]","[0.0,0.1,0.2,0.3,0.4]","[0.0,0.1,0.2,0.3,0.4]","[""linear"",""exponential""]","[{""acute_trimp_col"":""decayedTrimpBefore"",""fatigue_state"":""decayed"",""label"":""decayed TRIMP""},{""acute_trimp_col"":""cumTrimpBefore"",""fatigue_state"":""cumulative"",""label"":""cumulative TRIMP""},{""acute_trimp_col"":""progress"",""fatigue_models"":[""linear""],""fatigue_state"":""progress"",""label"":""linear progress""},{""acute_trimp_col"":""decayedTrimpBefore"",""fatigue_models"":[""exponential""],""fatigue_state"":""decayed_cumulative"",""label"":""decayed exp + cumulative TRIMP"",""secondary_acute_trimp_col"":""cumTrimpBefore"",""secondary_fatigue_model"":""exponential""},{""acute_trimp_col"":""decayedTrimpBefore"",""fatigue_models"":[""exponential""],""fatigue_state"":""decayed_progress"",""label"":""decayed exp + progress"",""secondary_acute_trimp_col"":""progress"",""secondary_fatigue_model"":""exponential""}]"
