rank,runId,experimentGroup,experimentName,status,description,selectedStage,selectedRowCount,meanStage3MaeMin,medianStage3MaeMin,maxStage3MaeMin,meanStage3MapePct,meanStage3R2,meanAbsBiasMin,overrideJson,ctlWeight,tsbWeight,ctlFactorMin,ctlFactorMax,hrrReference,hrrMinFactor,hrrMaxFactor,decayLambda,minFatigueFactor,enabledObjectives,hrrTrimpAlphaGrid,hrrTrimpKappaGrid,hrrTrimpSecondaryKappaGrid,fatigueModels,stage3FatigueStates
1,007_min_fatigue_factor_sweep_min_fatigue_factor_0_6,min_fatigue_factor_sweep,min_fatigue_factor_0_6,success,Fatigue-floor sweep from no floor to no fatigue penalty under the best-known setup.,Stage 3 HRR speed ratio LOO,4,11.329042631817929,10.025648102062304,20.034385050985588,8.262728752725545,0.9795267395297302,2.4760036898921163,"{""fitting.enabled_objectives"":[""activity""],""fitting.validation_modes"":[""in_sample"",""loo""],""physiology.decay_lambda"":0.25,""physiology.hrr_max_factor"":1.2,""physiology.hrr_min_factor"":0.3,""physiology.hrr_reference"":0.85,""physiology.min_fatigue_factor"":0.6,""readiness.ctl_weight"":0.05,""readiness.tsb_weight"":0.1}",0.05,0.1,0.9,1.1,0.85,0.3,1.2,0.25,0.6,"[""activity""]","[0.35,0.4,0.45,0.5,0.55,0.6,0.65,0.7,0.75,0.8,0.85]","[0.0,0.1,0.2,0.3,0.4]","[0.0,0.1,0.2,0.3,0.4]","[""linear"",""exponential""]","[{""acute_trimp_col"":""decayedTrimpBefore"",""fatigue_state"":""decayed"",""label"":""decayed TRIMP""},{""acute_trimp_col"":""cumTrimpBefore"",""fatigue_state"":""cumulative"",""label"":""cumulative TRIMP""},{""acute_trimp_col"":""progress"",""fatigue_models"":[""linear""],""fatigue_state"":""progress"",""label"":""linear progress""},{""acute_trimp_col"":""decayedTrimpBefore"",""fatigue_models"":[""exponential""],""fatigue_state"":""decayed_cumulative"",""label"":""decayed exp + cumulative TRIMP"",""secondary_acute_trimp_col"":""cumTrimpBefore"",""secondary_fatigue_model"":""exponential""},{""acute_trimp_col"":""decayedTrimpBefore"",""fatigue_models"":[""exponential""],""fatigue_state"":""decayed_progress"",""label"":""decayed exp + progress"",""secondary_acute_trimp_col"":""progress"",""secondary_fatigue_model"":""exponential""}]"
2,008_min_fatigue_factor_sweep_min_fatigue_factor_0_7,min_fatigue_factor_sweep,min_fatigue_factor_0_7,success,Fatigue-floor sweep from no floor to no fatigue penalty under the best-known setup.,Stage 3 HRR speed ratio LOO,4,11.93255863365285,11.63436474713075,18.748251203314492,8.533735746291715,0.9797032449714573,3.195414636793209,"{""fitting.enabled_objectives"":[""activity""],""fitting.validation_modes"":[""in_sample"",""loo""],""physiology.decay_lambda"":0.25,""physiology.hrr_max_factor"":1.2,""physiology.hrr_min_factor"":0.3,""physiology.hrr_reference"":0.85,""physiology.min_fatigue_factor"":0.7,""readiness.ctl_weight"":0.05,""readiness.tsb_weight"":0.1}",0.05,0.1,0.9,1.1,0.85,0.3,1.2,0.25,0.7,"[""activity""]","[0.35,0.4,0.45,0.5,0.55,0.6,0.65,0.7,0.75,0.8,0.85]","[0.0,0.1,0.2,0.3,0.4]","[0.0,0.1,0.2,0.3,0.4]","[""linear"",""exponential""]","[{""acute_trimp_col"":""decayedTrimpBefore"",""fatigue_state"":""decayed"",""label"":""decayed TRIMP""},{""acute_trimp_col"":""cumTrimpBefore"",""fatigue_state"":""cumulative"",""label"":""cumulative TRIMP""},{""acute_trimp_col"":""progress"",""fatigue_models"":[""linear""],""fatigue_state"":""progress"",""label"":""linear progress""},{""acute_trimp_col"":""decayedTrimpBefore"",""fatigue_models"":[""exponential""],""fatigue_state"":""decayed_cumulative"",""label"":""decayed exp + cumulative TRIMP"",""secondary_acute_trimp_col"":""cumTrimpBefore"",""secondary_fatigue_model"":""exponential""},{""acute_trimp_col"":""decayedTrimpBefore"",""fatigue_models"":[""exponential""],""fatigue_state"":""decayed_progress"",""label"":""decayed exp + progress"",""secondary_acute_trimp_col"":""progress"",""secondary_fatigue_model"":""exponential""}]"
3,016_decay_lambda_sweep_hrr085_hrr_reference_0_85_decay_lambda_0_2,decay_lambda_sweep_hrr085,hrr_reference_0_85_decay_lambda_0_2,success,In-activity decayed-TRIMP lambda sweep at HRR reference 0.85.,Stage 3 HRR speed ratio LOO,4,12.59101926867956,11.63542921614036,22.968046893534993,7.836095815715175,0.9704966026941637,2.1349942718313413,"{""fitting.enabled_objectives"":[""activity""],""fitting.validation_modes"":[""in_sample"",""loo""],""physiology.decay_lambda"":0.2,""physiology.hrr_max_factor"":1.2,""physiology.hrr_min_factor"":0.3,""physiology.hrr_reference"":0.85,""physiology.min_fatigue_factor"":0.5,""readiness.ctl_weight"":0.05,""readiness.tsb_weight"":0.1}",0.05,0.1,0.9,1.1,0.85,0.3,1.2,0.2,0.5,"[""activity""]","[0.35,0.4,0.45,0.5,0.55,0.6,0.65,0.7,0.75,0.8,0.85]","[0.0,0.1,0.2,0.3,0.4]","[0.0,0.1,0.2,0.3,0.4]","[""linear"",""exponential""]","[{""acute_trimp_col"":""decayedTrimpBefore"",""fatigue_state"":""decayed"",""label"":""decayed TRIMP""},{""acute_trimp_col"":""cumTrimpBefore"",""fatigue_state"":""cumulative"",""label"":""cumulative TRIMP""},{""acute_trimp_col"":""progress"",""fatigue_models"":[""linear""],""fatigue_state"":""progress"",""label"":""linear progress""},{""acute_trimp_col"":""decayedTrimpBefore"",""fatigue_models"":[""exponential""],""fatigue_state"":""decayed_cumulative"",""label"":""decayed exp + cumulative TRIMP"",""secondary_acute_trimp_col"":""cumTrimpBefore"",""secondary_fatigue_model"":""exponential""},{""acute_trimp_col"":""decayedTrimpBefore"",""fatigue_models"":[""exponential""],""fatigue_state"":""decayed_progress"",""label"":""decayed exp + progress"",""secondary_acute_trimp_col"":""progress"",""secondary_fatigue_model"":""exponential""}]"
4,015_decay_lambda_sweep_hrr085_hrr_reference_0_85_decay_lambda_0_15,decay_lambda_sweep_hrr085,hrr_reference_0_85_decay_lambda_0_15,success,In-activity decayed-TRIMP lambda sweep at HRR reference 0.85.,Stage 3 HRR speed ratio LOO,4,12.74679286216984,12.132630263271835,22.009018719907104,8.632744700589933,0.9719246605332451,3.3459357457599515,"{""fitting.enabled_objectives"":[""activity""],""fitting.validation_modes"":[""in_sample"",""loo""],""physiology.decay_lambda"":0.15,""physiology.hrr_max_factor"":1.2,""physiology.hrr_min_factor"":0.3,""physiology.hrr_reference"":0.85,""physiology.min_fatigue_factor"":0.5,""readiness.ctl_weight"":0.05,""readiness.tsb_weight"":0.1}",0.05,0.1,0.9,1.1,0.85,0.3,1.2,0.15,0.5,"[""activity""]","[0.35,0.4,0.45,0.5,0.55,0.6,0.65,0.7,0.75,0.8,0.85]","[0.0,0.1,0.2,0.3,0.4]","[0.0,0.1,0.2,0.3,0.4]","[""linear"",""exponential""]","[{""acute_trimp_col"":""decayedTrimpBefore"",""fatigue_state"":""decayed"",""label"":""decayed TRIMP""},{""acute_trimp_col"":""cumTrimpBefore"",""fatigue_state"":""cumulative"",""label"":""cumulative TRIMP""},{""acute_trimp_col"":""progress"",""fatigue_models"":[""linear""],""fatigue_state"":""progress"",""label"":""linear progress""},{""acute_trimp_col"":""decayedTrimpBefore"",""fatigue_models"":[""exponential""],""fatigue_state"":""decayed_cumulative"",""label"":""decayed exp + cumulative TRIMP"",""secondary_acute_trimp_col"":""cumTrimpBefore"",""secondary_fatigue_model"":""exponential""},{""acute_trimp_col"":""decayedTrimpBefore"",""fatigue_models"":[""exponential""],""fatigue_state"":""decayed_progress"",""label"":""decayed exp + progress"",""secondary_acute_trimp_col"":""progress"",""secondary_fatigue_model"":""exponential""}]"
5,021_decay_lambda_sweep_hrr085_hrr_reference_0_85_decay_lambda_0_45,decay_lambda_sweep_hrr085,hrr_reference_0_85_decay_lambda_0_45,success,In-activity decayed-TRIMP lambda sweep at HRR reference 0.85.,Stage 3 HRR speed ratio LOO,4,12.767686488484443,12.505032304815964,21.90443102504764,9.766947049099834,0.9787404891413292,4.845336571230312,"{""fitting.enabled_objectives"":[""activity""],""fitting.validation_modes"":[""in_sample"",""loo""],""physiology.decay_lambda"":0.45,""physiology.hrr_max_factor"":1.2,""physiology.hrr_min_factor"":0.3,""physiology.hrr_reference"":0.85,""physiology.min_fatigue_factor"":0.5,""readiness.ctl_weight"":0.05,""readiness.tsb_weight"":0.1}",0.05,0.1,0.9,1.1,0.85,0.3,1.2,0.45,0.5,"[""activity""]","[0.35,0.4,0.45,0.5,0.55,0.6,0.65,0.7,0.75,0.8,0.85]","[0.0,0.1,0.2,0.3,0.4]","[0.0,0.1,0.2,0.3,0.4]","[""linear"",""exponential""]","[{""acute_trimp_col"":""decayedTrimpBefore"",""fatigue_state"":""decayed"",""label"":""decayed TRIMP""},{""acute_trimp_col"":""cumTrimpBefore"",""fatigue_state"":""cumulative"",""label"":""cumulative TRIMP""},{""acute_trimp_col"":""progress"",""fatigue_models"":[""linear""],""fatigue_state"":""progress"",""label"":""linear progress""},{""acute_trimp_col"":""decayedTrimpBefore"",""fatigue_models"":[""exponential""],""fatigue_state"":""decayed_cumulative"",""label"":""decayed exp + cumulative TRIMP"",""secondary_acute_trimp_col"":""cumTrimpBefore"",""secondary_fatigue_model"":""exponential""},{""acute_trimp_col"":""decayedTrimpBefore"",""fatigue_models"":[""exponential""],""fatigue_state"":""decayed_progress"",""label"":""decayed exp + progress"",""secondary_acute_trimp_col"":""progress"",""secondary_fatigue_model"":""exponential""}]"
6,019_decay_lambda_sweep_hrr085_hrr_reference_0_85_decay_lambda_0_35,decay_lambda_sweep_hrr085,hrr_reference_0_85_decay_lambda_0_35,success,In-activity decayed-TRIMP lambda sweep at HRR reference 0.85.,Stage 3 HRR speed ratio LOO,4,12.769657895342188,12.169258442539464,22.458142575568438,8.971593791223814,0.9750101227425428,3.3044364320083286,"{""fitting.enabled_objectives"":[""activity""],""fitting.validation_modes"":[""in_sample"",""loo""],""physiology.decay_lambda"":0.35,""physiology.hrr_max_factor"":1.2,""physiology.hrr_min_factor"":0.3,""physiology.hrr_reference"":0.85,""physiology.min_fatigue_factor"":0.5,""readiness.ctl_weight"":0.05,""readiness.tsb_weight"":0.1}",0.05,0.1,0.9,1.1,0.85,0.3,1.2,0.35,0.5,"[""activity""]","[0.35,0.4,0.45,0.5,0.55,0.6,0.65,0.7,0.75,0.8,0.85]","[0.0,0.1,0.2,0.3,0.4]","[0.0,0.1,0.2,0.3,0.4]","[""linear"",""exponential""]","[{""acute_trimp_col"":""decayedTrimpBefore"",""fatigue_state"":""decayed"",""label"":""decayed TRIMP""},{""acute_trimp_col"":""cumTrimpBefore"",""fatigue_state"":""cumulative"",""label"":""cumulative TRIMP""},{""acute_trimp_col"":""progress"",""fatigue_models"":[""linear""],""fatigue_state"":""progress"",""label"":""linear progress""},{""acute_trimp_col"":""decayedTrimpBefore"",""fatigue_models"":[""exponential""],""fatigue_state"":""decayed_cumulative"",""label"":""decayed exp + cumulative TRIMP"",""secondary_acute_trimp_col"":""cumTrimpBefore"",""secondary_fatigue_model"":""exponential""},{""acute_trimp_col"":""decayedTrimpBefore"",""fatigue_models"":[""exponential""],""fatigue_state"":""decayed_progress"",""label"":""decayed exp + progress"",""secondary_acute_trimp_col"":""progress"",""secondary_fatigue_model"":""exponential""}]"
7,020_decay_lambda_sweep_hrr085_hrr_reference_0_85_decay_lambda_0_4,decay_lambda_sweep_hrr085,hrr_reference_0_85_decay_lambda_0_4,success,In-activity decayed-TRIMP lambda sweep at HRR reference 0.85.,Stage 3 HRR speed ratio LOO,4,12.908253178066126,12.202454077650131,22.723336560892587,9.36728400154523,0.9763564587338169,3.9676658529294473,"{""fitting.enabled_objectives"":[""activity""],""fitting.validation_modes"":[""in_sample"",""loo""],""physiology.decay_lambda"":0.4,""physiology.hrr_max_factor"":1.2,""physiology.hrr_min_factor"":0.3,""physiology.hrr_reference"":0.85,""physiology.min_fatigue_factor"":0.5,""readiness.ctl_weight"":0.05,""readiness.tsb_weight"":0.1}",0.05,0.1,0.9,1.1,0.85,0.3,1.2,0.4,0.5,"[""activity""]","[0.35,0.4,0.45,0.5,0.55,0.6,0.65,0.7,0.75,0.8,0.85]","[0.0,0.1,0.2,0.3,0.4]","[0.0,0.1,0.2,0.3,0.4]","[""linear"",""exponential""]","[{""acute_trimp_col"":""decayedTrimpBefore"",""fatigue_state"":""decayed"",""label"":""decayed TRIMP""},{""acute_trimp_col"":""cumTrimpBefore"",""fatigue_state"":""cumulative"",""label"":""cumulative TRIMP""},{""acute_trimp_col"":""progress"",""fatigue_models"":[""linear""],""fatigue_state"":""progress"",""label"":""linear progress""},{""acute_trimp_col"":""decayedTrimpBefore"",""fatigue_models"":[""exponential""],""fatigue_state"":""decayed_cumulative"",""label"":""decayed exp + cumulative TRIMP"",""secondary_acute_trimp_col"":""cumTrimpBefore"",""secondary_fatigue_model"":""exponential""},{""acute_trimp_col"":""decayedTrimpBefore"",""fatigue_models"":[""exponential""],""fatigue_state"":""decayed_progress"",""label"":""decayed exp + progress"",""secondary_acute_trimp_col"":""progress"",""secondary_fatigue_model"":""exponential""}]"
8,022_decay_lambda_sweep_hrr085_hrr_reference_0_85_decay_lambda_0_5,decay_lambda_sweep_hrr085,hrr_reference_0_85_decay_lambda_0_5,success,In-activity decayed-TRIMP lambda sweep at HRR reference 0.85.,Stage 3 HRR speed ratio LOO,4,12.965093748043314,12.436375053951677,21.847189929677725,9.669404457920779,0.9761628346540315,4.127769845884496,"{""fitting.enabled_objectives"":[""activity""],""fitting.validation_modes"":[""in_sample"",""loo""],""physiology.decay_lambda"":0.5,""physiology.hrr_max_factor"":1.2,""physiology.hrr_min_factor"":0.3,""physiology.hrr_reference"":0.85,""physiology.min_fatigue_factor"":0.5,""readiness.ctl_weight"":0.05,""readiness.tsb_weight"":0.1}",0.05,0.1,0.9,1.1,0.85,0.3,1.2,0.5,0.5,"[""activity""]","[0.35,0.4,0.45,0.5,0.55,0.6,0.65,0.7,0.75,0.8,0.85]","[0.0,0.1,0.2,0.3,0.4]","[0.0,0.1,0.2,0.3,0.4]","[""linear"",""exponential""]","[{""acute_trimp_col"":""decayedTrimpBefore"",""fatigue_state"":""decayed"",""label"":""decayed TRIMP""},{""acute_trimp_col"":""cumTrimpBefore"",""fatigue_state"":""cumulative"",""label"":""cumulative TRIMP""},{""acute_trimp_col"":""progress"",""fatigue_models"":[""linear""],""fatigue_state"":""progress"",""label"":""linear progress""},{""acute_trimp_col"":""decayedTrimpBefore"",""fatigue_models"":[""exponential""],""fatigue_state"":""decayed_cumulative"",""label"":""decayed exp + cumulative TRIMP"",""secondary_acute_trimp_col"":""cumTrimpBefore"",""secondary_fatigue_model"":""exponential""},{""acute_trimp_col"":""decayedTrimpBefore"",""fatigue_models"":[""exponential""],""fatigue_state"":""decayed_progress"",""label"":""decayed exp + progress"",""secondary_acute_trimp_col"":""progress"",""secondary_fatigue_model"":""exponential""}]"
9,000_best_setup_anchor_hrr085_clip030_120_decay025_floor050,best_setup_anchor,hrr085_clip030_120_decay025_floor050,success,Best-known high-reference setup before fatigue-floor and decay sweeps.,Stage 3 HRR speed ratio LOO,4,12.96903548923966,11.828073206839795,22.95199896737386,9.043626326482872,0.9744173366672405,4.01497525518477,"{""fitting.enabled_objectives"":[""activity""],""fitting.validation_modes"":[""in_sample"",""loo""],""physiology.decay_lambda"":0.25,""physiology.hrr_max_factor"":1.2,""physiology.hrr_min_factor"":0.3,""physiology.hrr_reference"":0.85,""physiology.min_fatigue_factor"":0.5,""readiness.ctl_weight"":0.05,""readiness.tsb_weight"":0.1}",0.05,0.1,0.9,1.1,0.85,0.3,1.2,0.25,0.5,"[""activity""]","[0.35,0.4,0.45,0.5,0.55,0.6,0.65,0.7,0.75,0.8,0.85]","[0.0,0.1,0.2,0.3,0.4]","[0.0,0.1,0.2,0.3,0.4]","[""linear"",""exponential""]","[{""acute_trimp_col"":""decayedTrimpBefore"",""fatigue_state"":""decayed"",""label"":""decayed TRIMP""},{""acute_trimp_col"":""cumTrimpBefore"",""fatigue_state"":""cumulative"",""label"":""cumulative TRIMP""},{""acute_trimp_col"":""progress"",""fatigue_models"":[""linear""],""fatigue_state"":""progress"",""label"":""linear progress""},{""acute_trimp_col"":""decayedTrimpBefore"",""fatigue_models"":[""exponential""],""fatigue_state"":""decayed_cumulative"",""label"":""decayed exp + cumulative TRIMP"",""secondary_acute_trimp_col"":""cumTrimpBefore"",""secondary_fatigue_model"":""exponential""},{""acute_trimp_col"":""decayedTrimpBefore"",""fatigue_models"":[""exponential""],""fatigue_state"":""decayed_progress"",""label"":""decayed exp + progress"",""secondary_acute_trimp_col"":""progress"",""secondary_fatigue_model"":""exponential""}]"
10,006_min_fatigue_factor_sweep_min_fatigue_factor_0_5,min_fatigue_factor_sweep,min_fatigue_factor_0_5,success,Fatigue-floor sweep from no floor to no fatigue penalty under the best-known setup.,Stage 3 HRR speed ratio LOO,4,12.96903548923966,11.828073206839795,22.95199896737386,9.043626326482872,0.9744173366672405,4.01497525518477,"{""fitting.enabled_objectives"":[""activity""],""fitting.validation_modes"":[""in_sample"",""loo""],""physiology.decay_lambda"":0.25,""physiology.hrr_max_factor"":1.2,""physiology.hrr_min_factor"":0.3,""physiology.hrr_reference"":0.85,""physiology.min_fatigue_factor"":0.5,""readiness.ctl_weight"":0.05,""readiness.tsb_weight"":0.1}",0.05,0.1,0.9,1.1,0.85,0.3,1.2,0.25,0.5,"[""activity""]","[0.35,0.4,0.45,0.5,0.55,0.6,0.65,0.7,0.75,0.8,0.85]","[0.0,0.1,0.2,0.3,0.4]","[0.0,0.1,0.2,0.3,0.4]","[""linear"",""exponential""]","[{""acute_trimp_col"":""decayedTrimpBefore"",""fatigue_state"":""decayed"",""label"":""decayed TRIMP""},{""acute_trimp_col"":""cumTrimpBefore"",""fatigue_state"":""cumulative"",""label"":""cumulative TRIMP""},{""acute_trimp_col"":""progress"",""fatigue_models"":[""linear""],""fatigue_state"":""progress"",""label"":""linear progress""},{""acute_trimp_col"":""decayedTrimpBefore"",""fatigue_models"":[""exponential""],""fatigue_state"":""decayed_cumulative"",""label"":""decayed exp + cumulative TRIMP"",""secondary_acute_trimp_col"":""cumTrimpBefore"",""secondary_fatigue_model"":""exponential""},{""acute_trimp_col"":""decayedTrimpBefore"",""fatigue_models"":[""exponential""],""fatigue_state"":""decayed_progress"",""label"":""decayed exp + progress"",""secondary_acute_trimp_col"":""progress"",""secondary_fatigue_model"":""exponential""}]"
11,017_decay_lambda_sweep_hrr085_hrr_reference_0_85_decay_lambda_0_25,decay_lambda_sweep_hrr085,hrr_reference_0_85_decay_lambda_0_25,success,In-activity decayed-TRIMP lambda sweep at HRR reference 0.85.,Stage 3 HRR speed ratio LOO,4,12.96903548923966,11.828073206839795,22.95199896737386,9.043626326482872,0.9744173366672405,4.01497525518477,"{""fitting.enabled_objectives"":[""activity""],""fitting.validation_modes"":[""in_sample"",""loo""],""physiology.decay_lambda"":0.25,""physiology.hrr_max_factor"":1.2,""physiology.hrr_min_factor"":0.3,""physiology.hrr_reference"":0.85,""physiology.min_fatigue_factor"":0.5,""readiness.ctl_weight"":0.05,""readiness.tsb_weight"":0.1}",0.05,0.1,0.9,1.1,0.85,0.3,1.2,0.25,0.5,"[""activity""]","[0.35,0.4,0.45,0.5,0.55,0.6,0.65,0.7,0.75,0.8,0.85]","[0.0,0.1,0.2,0.3,0.4]","[0.0,0.1,0.2,0.3,0.4]","[""linear"",""exponential""]","[{""acute_trimp_col"":""decayedTrimpBefore"",""fatigue_state"":""decayed"",""label"":""decayed TRIMP""},{""acute_trimp_col"":""cumTrimpBefore"",""fatigue_state"":""cumulative"",""label"":""cumulative TRIMP""},{""acute_trimp_col"":""progress"",""fatigue_models"":[""linear""],""fatigue_state"":""progress"",""label"":""linear progress""},{""acute_trimp_col"":""decayedTrimpBefore"",""fatigue_models"":[""exponential""],""fatigue_state"":""decayed_cumulative"",""label"":""decayed exp + cumulative TRIMP"",""secondary_acute_trimp_col"":""cumTrimpBefore"",""secondary_fatigue_model"":""exponential""},{""acute_trimp_col"":""decayedTrimpBefore"",""fatigue_models"":[""exponential""],""fatigue_state"":""decayed_progress"",""label"":""decayed exp + progress"",""secondary_acute_trimp_col"":""progress"",""secondary_fatigue_model"":""exponential""}]"
12,014_decay_lambda_sweep_hrr085_hrr_reference_0_85_decay_lambda_0_1,decay_lambda_sweep_hrr085,hrr_reference_0_85_decay_lambda_0_1,success,In-activity decayed-TRIMP lambda sweep at HRR reference 0.85.,Stage 3 HRR speed ratio LOO,4,13.164258769605262,12.722683393125484,22.921161356974256,8.777208603875154,0.9692696934941576,3.9015197452992383,"{""fitting.enabled_objectives"":[""activity""],""fitting.validation_modes"":[""in_sample"",""loo""],""physiology.decay_lambda"":0.1,""physiology.hrr_max_factor"":1.2,""physiology.hrr_min_factor"":0.3,""physiology.hrr_reference"":0.85,""physiology.min_fatigue_factor"":0.5,""readiness.ctl_weight"":0.05,""readiness.tsb_weight"":0.1}",0.05,0.1,0.9,1.1,0.85,0.3,1.2,0.1,0.5,"[""activity""]","[0.35,0.4,0.45,0.5,0.55,0.6,0.65,0.7,0.75,0.8,0.85]","[0.0,0.1,0.2,0.3,0.4]","[0.0,0.1,0.2,0.3,0.4]","[""linear"",""exponential""]","[{""acute_trimp_col"":""decayedTrimpBefore"",""fatigue_state"":""decayed"",""label"":""decayed TRIMP""},{""acute_trimp_col"":""cumTrimpBefore"",""fatigue_state"":""cumulative"",""label"":""cumulative TRIMP""},{""acute_trimp_col"":""progress"",""fatigue_models"":[""linear""],""fatigue_state"":""progress"",""label"":""linear progress""},{""acute_trimp_col"":""decayedTrimpBefore"",""fatigue_models"":[""exponential""],""fatigue_state"":""decayed_cumulative"",""label"":""decayed exp + cumulative TRIMP"",""secondary_acute_trimp_col"":""cumTrimpBefore"",""secondary_fatigue_model"":""exponential""},{""acute_trimp_col"":""decayedTrimpBefore"",""fatigue_models"":[""exponential""],""fatigue_state"":""decayed_progress"",""label"":""decayed exp + progress"",""secondary_acute_trimp_col"":""progress"",""secondary_fatigue_model"":""exponential""}]"
13,018_decay_lambda_sweep_hrr085_hrr_reference_0_85_decay_lambda_0_3,decay_lambda_sweep_hrr085,hrr_reference_0_85_decay_lambda_0_3,success,In-activity decayed-TRIMP lambda sweep at HRR reference 0.85.,Stage 3 HRR speed ratio LOO,4,13.430905016996654,12.635959451934372,23.666333058056555,9.77524440545463,0.9737559086185489,5.1174005644920815,"{""fitting.enabled_objectives"":[""activity""],""fitting.validation_modes"":[""in_sample"",""loo""],""physiology.decay_lambda"":0.3,""physiology.hrr_max_factor"":1.2,""physiology.hrr_min_factor"":0.3,""physiology.hrr_reference"":0.85,""physiology.min_fatigue_factor"":0.5,""readiness.ctl_weight"":0.05,""readiness.tsb_weight"":0.1}",0.05,0.1,0.9,1.1,0.85,0.3,1.2,0.3,0.5,"[""activity""]","[0.35,0.4,0.45,0.5,0.55,0.6,0.65,0.7,0.75,0.8,0.85]","[0.0,0.1,0.2,0.3,0.4]","[0.0,0.1,0.2,0.3,0.4]","[""linear"",""exponential""]","[{""acute_trimp_col"":""decayedTrimpBefore"",""fatigue_state"":""decayed"",""label"":""decayed TRIMP""},{""acute_trimp_col"":""cumTrimpBefore"",""fatigue_state"":""cumulative"",""label"":""cumulative TRIMP""},{""acute_trimp_col"":""progress"",""fatigue_models"":[""linear""],""fatigue_state"":""progress"",""label"":""linear progress""},{""acute_trimp_col"":""decayedTrimpBefore"",""fatigue_models"":[""exponential""],""fatigue_state"":""decayed_cumulative"",""label"":""decayed exp + cumulative TRIMP"",""secondary_acute_trimp_col"":""cumTrimpBefore"",""secondary_fatigue_model"":""exponential""},{""acute_trimp_col"":""decayedTrimpBefore"",""fatigue_models"":[""exponential""],""fatigue_state"":""decayed_progress"",""label"":""decayed exp + progress"",""secondary_acute_trimp_col"":""progress"",""secondary_fatigue_model"":""exponential""}]"
14,001_min_fatigue_factor_sweep_min_fatigue_factor_0,min_fatigue_factor_sweep,min_fatigue_factor_0,success,Fatigue-floor sweep from no floor to no fatigue penalty under the best-known setup.,Stage 3 HRR speed ratio LOO,4,13.632428339143106,12.97751886022627,23.306679060214694,9.446847154574458,0.9727294368974824,4.9336087235678185,"{""fitting.enabled_objectives"":[""activity""],""fitting.validation_modes"":[""in_sample"",""loo""],""physiology.decay_lambda"":0.25,""physiology.hrr_max_factor"":1.2,""physiology.hrr_min_factor"":0.3,""physiology.hrr_reference"":0.85,""physiology.min_fatigue_factor"":0.0,""readiness.ctl_weight"":0.05,""readiness.tsb_weight"":0.1}",0.05,0.1,0.9,1.1,0.85,0.3,1.2,0.25,0.0,"[""activity""]","[0.35,0.4,0.45,0.5,0.55,0.6,0.65,0.7,0.75,0.8,0.85]","[0.0,0.1,0.2,0.3,0.4]","[0.0,0.1,0.2,0.3,0.4]","[""linear"",""exponential""]","[{""acute_trimp_col"":""decayedTrimpBefore"",""fatigue_state"":""decayed"",""label"":""decayed TRIMP""},{""acute_trimp_col"":""cumTrimpBefore"",""fatigue_state"":""cumulative"",""label"":""cumulative TRIMP""},{""acute_trimp_col"":""progress"",""fatigue_models"":[""linear""],""fatigue_state"":""progress"",""label"":""linear progress""},{""acute_trimp_col"":""decayedTrimpBefore"",""fatigue_models"":[""exponential""],""fatigue_state"":""decayed_cumulative"",""label"":""decayed exp + cumulative TRIMP"",""secondary_acute_trimp_col"":""cumTrimpBefore"",""secondary_fatigue_model"":""exponential""},{""acute_trimp_col"":""decayedTrimpBefore"",""fatigue_models"":[""exponential""],""fatigue_state"":""decayed_progress"",""label"":""decayed exp + progress"",""secondary_acute_trimp_col"":""progress"",""secondary_fatigue_model"":""exponential""}]"
15,002_min_fatigue_factor_sweep_min_fatigue_factor_0_1,min_fatigue_factor_sweep,min_fatigue_factor_0_1,success,Fatigue-floor sweep from no floor to no fatigue penalty under the best-known setup.,Stage 3 HRR speed ratio LOO,4,13.632428339143106,12.97751886022627,23.306679060214694,9.446847154574458,0.9727294368974824,4.9336087235678185,"{""fitting.enabled_objectives"":[""activity""],""fitting.validation_modes"":[""in_sample"",""loo""],""physiology.decay_lambda"":0.25,""physiology.hrr_max_factor"":1.2,""physiology.hrr_min_factor"":0.3,""physiology.hrr_reference"":0.85,""physiology.min_fatigue_factor"":0.1,""readiness.ctl_weight"":0.05,""readiness.tsb_weight"":0.1}",0.05,0.1,0.9,1.1,0.85,0.3,1.2,0.25,0.1,"[""activity""]","[0.35,0.4,0.45,0.5,0.55,0.6,0.65,0.7,0.75,0.8,0.85]","[0.0,0.1,0.2,0.3,0.4]","[0.0,0.1,0.2,0.3,0.4]","[""linear"",""exponential""]","[{""acute_trimp_col"":""decayedTrimpBefore"",""fatigue_state"":""decayed"",""label"":""decayed TRIMP""},{""acute_trimp_col"":""cumTrimpBefore"",""fatigue_state"":""cumulative"",""label"":""cumulative TRIMP""},{""acute_trimp_col"":""progress"",""fatigue_models"":[""linear""],""fatigue_state"":""progress"",""label"":""linear progress""},{""acute_trimp_col"":""decayedTrimpBefore"",""fatigue_models"":[""exponential""],""fatigue_state"":""decayed_cumulative"",""label"":""decayed exp + cumulative TRIMP"",""secondary_acute_trimp_col"":""cumTrimpBefore"",""secondary_fatigue_model"":""exponential""},{""acute_trimp_col"":""decayedTrimpBefore"",""fatigue_models"":[""exponential""],""fatigue_state"":""decayed_progress"",""label"":""decayed exp + progress"",""secondary_acute_trimp_col"":""progress"",""secondary_fatigue_model"":""exponential""}]"
16,003_min_fatigue_factor_sweep_min_fatigue_factor_0_2,min_fatigue_factor_sweep,min_fatigue_factor_0_2,success,Fatigue-floor sweep from no floor to no fatigue penalty under the best-known setup.,Stage 3 HRR speed ratio LOO,4,13.632428339143106,12.97751886022627,23.306679060214694,9.446847154574458,0.9727294368974824,4.9336087235678185,"{""fitting.enabled_objectives"":[""activity""],""fitting.validation_modes"":[""in_sample"",""loo""],""physiology.decay_lambda"":0.25,""physiology.hrr_max_factor"":1.2,""physiology.hrr_min_factor"":0.3,""physiology.hrr_reference"":0.85,""physiology.min_fatigue_factor"":0.2,""readiness.ctl_weight"":0.05,""readiness.tsb_weight"":0.1}",0.05,0.1,0.9,1.1,0.85,0.3,1.2,0.25,0.2,"[""activity""]","[0.35,0.4,0.45,0.5,0.55,0.6,0.65,0.7,0.75,0.8,0.85]","[0.0,0.1,0.2,0.3,0.4]","[0.0,0.1,0.2,0.3,0.4]","[""linear"",""exponential""]","[{""acute_trimp_col"":""decayedTrimpBefore"",""fatigue_state"":""decayed"",""label"":""decayed TRIMP""},{""acute_trimp_col"":""cumTrimpBefore"",""fatigue_state"":""cumulative"",""label"":""cumulative TRIMP""},{""acute_trimp_col"":""progress"",""fatigue_models"":[""linear""],""fatigue_state"":""progress"",""label"":""linear progress""},{""acute_trimp_col"":""decayedTrimpBefore"",""fatigue_models"":[""exponential""],""fatigue_state"":""decayed_cumulative"",""label"":""decayed exp + cumulative TRIMP"",""secondary_acute_trimp_col"":""cumTrimpBefore"",""secondary_fatigue_model"":""exponential""},{""acute_trimp_col"":""decayedTrimpBefore"",""fatigue_models"":[""exponential""],""fatigue_state"":""decayed_progress"",""label"":""decayed exp + progress"",""secondary_acute_trimp_col"":""progress"",""secondary_fatigue_model"":""exponential""}]"
17,004_min_fatigue_factor_sweep_min_fatigue_factor_0_3,min_fatigue_factor_sweep,min_fatigue_factor_0_3,success,Fatigue-floor sweep from no floor to no fatigue penalty under the best-known setup.,Stage 3 HRR speed ratio LOO,4,13.632428339143106,12.97751886022627,23.306679060214694,9.446847154574458,0.9727294368974824,4.9336087235678185,"{""fitting.enabled_objectives"":[""activity""],""fitting.validation_modes"":[""in_sample"",""loo""],""physiology.decay_lambda"":0.25,""physiology.hrr_max_factor"":1.2,""physiology.hrr_min_factor"":0.3,""physiology.hrr_reference"":0.85,""physiology.min_fatigue_factor"":0.3,""readiness.ctl_weight"":0.05,""readiness.tsb_weight"":0.1}",0.05,0.1,0.9,1.1,0.85,0.3,1.2,0.25,0.3,"[""activity""]","[0.35,0.4,0.45,0.5,0.55,0.6,0.65,0.7,0.75,0.8,0.85]","[0.0,0.1,0.2,0.3,0.4]","[0.0,0.1,0.2,0.3,0.4]","[""linear"",""exponential""]","[{""acute_trimp_col"":""decayedTrimpBefore"",""fatigue_state"":""decayed"",""label"":""decayed TRIMP""},{""acute_trimp_col"":""cumTrimpBefore"",""fatigue_state"":""cumulative"",""label"":""cumulative TRIMP""},{""acute_trimp_col"":""progress"",""fatigue_models"":[""linear""],""fatigue_state"":""progress"",""label"":""linear progress""},{""acute_trimp_col"":""decayedTrimpBefore"",""fatigue_models"":[""exponential""],""fatigue_state"":""decayed_cumulative"",""label"":""decayed exp + cumulative TRIMP"",""secondary_acute_trimp_col"":""cumTrimpBefore"",""secondary_fatigue_model"":""exponential""},{""acute_trimp_col"":""decayedTrimpBefore"",""fatigue_models"":[""exponential""],""fatigue_state"":""decayed_progress"",""label"":""decayed exp + progress"",""secondary_acute_trimp_col"":""progress"",""secondary_fatigue_model"":""exponential""}]"
18,005_min_fatigue_factor_sweep_min_fatigue_factor_0_4,min_fatigue_factor_sweep,min_fatigue_factor_0_4,success,Fatigue-floor sweep from no floor to no fatigue penalty under the best-known setup.,Stage 3 HRR speed ratio LOO,4,13.632428339143106,12.97751886022627,23.306679060214694,9.446847154574458,0.9727294368974824,4.9336087235678185,"{""fitting.enabled_objectives"":[""activity""],""fitting.validation_modes"":[""in_sample"",""loo""],""physiology.decay_lambda"":0.25,""physiology.hrr_max_factor"":1.2,""physiology.hrr_min_factor"":0.3,""physiology.hrr_reference"":0.85,""physiology.min_fatigue_factor"":0.4,""readiness.ctl_weight"":0.05,""readiness.tsb_weight"":0.1}",0.05,0.1,0.9,1.1,0.85,0.3,1.2,0.25,0.4,"[""activity""]","[0.35,0.4,0.45,0.5,0.55,0.6,0.65,0.7,0.75,0.8,0.85]","[0.0,0.1,0.2,0.3,0.4]","[0.0,0.1,0.2,0.3,0.4]","[""linear"",""exponential""]","[{""acute_trimp_col"":""decayedTrimpBefore"",""fatigue_state"":""decayed"",""label"":""decayed TRIMP""},{""acute_trimp_col"":""cumTrimpBefore"",""fatigue_state"":""cumulative"",""label"":""cumulative TRIMP""},{""acute_trimp_col"":""progress"",""fatigue_models"":[""linear""],""fatigue_state"":""progress"",""label"":""linear progress""},{""acute_trimp_col"":""decayedTrimpBefore"",""fatigue_models"":[""exponential""],""fatigue_state"":""decayed_cumulative"",""label"":""decayed exp + cumulative TRIMP"",""secondary_acute_trimp_col"":""cumTrimpBefore"",""secondary_fatigue_model"":""exponential""},{""acute_trimp_col"":""decayedTrimpBefore"",""fatigue_models"":[""exponential""],""fatigue_state"":""decayed_progress"",""label"":""decayed exp + progress"",""secondary_acute_trimp_col"":""progress"",""secondary_fatigue_model"":""exponential""}]"
19,013_decay_lambda_sweep_hrr085_hrr_reference_0_85_decay_lambda_0_05,decay_lambda_sweep_hrr085,hrr_reference_0_85_decay_lambda_0_05,success,In-activity decayed-TRIMP lambda sweep at HRR reference 0.85.,Stage 3 HRR speed ratio LOO,4,13.889028825404278,12.54283313409389,23.922017588084074,8.361767632652185,0.9615767357918443,2.9237962209268744,"{""fitting.enabled_objectives"":[""activity""],""fitting.validation_modes"":[""in_sample"",""loo""],""physiology.decay_lambda"":0.05,""physiology.hrr_max_factor"":1.2,""physiology.hrr_min_factor"":0.3,""physiology.hrr_reference"":0.85,""physiology.min_fatigue_factor"":0.5,""readiness.ctl_weight"":0.05,""readiness.tsb_weight"":0.1}",0.05,0.1,0.9,1.1,0.85,0.3,1.2,0.05,0.5,"[""activity""]","[0.35,0.4,0.45,0.5,0.55,0.6,0.65,0.7,0.75,0.8,0.85]","[0.0,0.1,0.2,0.3,0.4]","[0.0,0.1,0.2,0.3,0.4]","[""linear"",""exponential""]","[{""acute_trimp_col"":""decayedTrimpBefore"",""fatigue_state"":""decayed"",""label"":""decayed TRIMP""},{""acute_trimp_col"":""cumTrimpBefore"",""fatigue_state"":""cumulative"",""label"":""cumulative TRIMP""},{""acute_trimp_col"":""progress"",""fatigue_models"":[""linear""],""fatigue_state"":""progress"",""label"":""linear progress""},{""acute_trimp_col"":""decayedTrimpBefore"",""fatigue_models"":[""exponential""],""fatigue_state"":""decayed_cumulative"",""label"":""decayed exp + cumulative TRIMP"",""secondary_acute_trimp_col"":""cumTrimpBefore"",""secondary_fatigue_model"":""exponential""},{""acute_trimp_col"":""decayedTrimpBefore"",""fatigue_models"":[""exponential""],""fatigue_state"":""decayed_progress"",""label"":""decayed exp + progress"",""secondary_acute_trimp_col"":""progress"",""secondary_fatigue_model"":""exponential""}]"
20,009_min_fatigue_factor_sweep_min_fatigue_factor_0_8,min_fatigue_factor_sweep,min_fatigue_factor_0_8,success,Fatigue-floor sweep from no floor to no fatigue penalty under the best-known setup.,Stage 3 HRR speed ratio LOO,4,14.287034748986228,15.002048216009293,21.300187185780246,11.215663641306367,0.9755263550208125,5.219639622747549,"{""fitting.enabled_objectives"":[""activity""],""fitting.validation_modes"":[""in_sample"",""loo""],""physiology.decay_lambda"":0.25,""physiology.hrr_max_factor"":1.2,""physiology.hrr_min_factor"":0.3,""physiology.hrr_reference"":0.85,""physiology.min_fatigue_factor"":0.8,""readiness.ctl_weight"":0.05,""readiness.tsb_weight"":0.1}",0.05,0.1,0.9,1.1,0.85,0.3,1.2,0.25,0.8,"[""activity""]","[0.35,0.4,0.45,0.5,0.55,0.6,0.65,0.7,0.75,0.8,0.85]","[0.0,0.1,0.2,0.3,0.4]","[0.0,0.1,0.2,0.3,0.4]","[""linear"",""exponential""]","[{""acute_trimp_col"":""decayedTrimpBefore"",""fatigue_state"":""decayed"",""label"":""decayed TRIMP""},{""acute_trimp_col"":""cumTrimpBefore"",""fatigue_state"":""cumulative"",""label"":""cumulative TRIMP""},{""acute_trimp_col"":""progress"",""fatigue_models"":[""linear""],""fatigue_state"":""progress"",""label"":""linear progress""},{""acute_trimp_col"":""decayedTrimpBefore"",""fatigue_models"":[""exponential""],""fatigue_state"":""decayed_cumulative"",""label"":""decayed exp + cumulative TRIMP"",""secondary_acute_trimp_col"":""cumTrimpBefore"",""secondary_fatigue_model"":""exponential""},{""acute_trimp_col"":""decayedTrimpBefore"",""fatigue_models"":[""exponential""],""fatigue_state"":""decayed_progress"",""label"":""decayed exp + progress"",""secondary_acute_trimp_col"":""progress"",""secondary_fatigue_model"":""exponential""}]"
21,012_decay_lambda_sweep_hrr085_hrr_reference_0_85_decay_lambda_0,decay_lambda_sweep_hrr085,hrr_reference_0_85_decay_lambda_0,success,In-activity decayed-TRIMP lambda sweep at HRR reference 0.85.,Stage 3 HRR speed ratio LOO,4,14.576234456856781,13.162572293657824,25.308358086595362,10.403693830787379,0.9687585288671312,4.884987148922238,"{""fitting.enabled_objectives"":[""activity""],""fitting.validation_modes"":[""in_sample"",""loo""],""physiology.decay_lambda"":0.0,""physiology.hrr_max_factor"":1.2,""physiology.hrr_min_factor"":0.3,""physiology.hrr_reference"":0.85,""physiology.min_fatigue_factor"":0.5,""readiness.ctl_weight"":0.05,""readiness.tsb_weight"":0.1}",0.05,0.1,0.9,1.1,0.85,0.3,1.2,0.0,0.5,"[""activity""]","[0.35,0.4,0.45,0.5,0.55,0.6,0.65,0.7,0.75,0.8,0.85]","[0.0,0.1,0.2,0.3,0.4]","[0.0,0.1,0.2,0.3,0.4]","[""linear"",""exponential""]","[{""acute_trimp_col"":""decayedTrimpBefore"",""fatigue_state"":""decayed"",""label"":""decayed TRIMP""},{""acute_trimp_col"":""cumTrimpBefore"",""fatigue_state"":""cumulative"",""label"":""cumulative TRIMP""},{""acute_trimp_col"":""progress"",""fatigue_models"":[""linear""],""fatigue_state"":""progress"",""label"":""linear progress""},{""acute_trimp_col"":""decayedTrimpBefore"",""fatigue_models"":[""exponential""],""fatigue_state"":""decayed_cumulative"",""label"":""decayed exp + cumulative TRIMP"",""secondary_acute_trimp_col"":""cumTrimpBefore"",""secondary_fatigue_model"":""exponential""},{""acute_trimp_col"":""decayedTrimpBefore"",""fatigue_models"":[""exponential""],""fatigue_state"":""decayed_progress"",""label"":""decayed exp + progress"",""secondary_acute_trimp_col"":""progress"",""secondary_fatigue_model"":""exponential""}]"
22,010_min_fatigue_factor_sweep_min_fatigue_factor_0_9,min_fatigue_factor_sweep,min_fatigue_factor_0_9,success,Fatigue-floor sweep from no floor to no fatigue penalty under the best-known setup.,Stage 3 HRR speed ratio LOO,4,16.321525136132983,18.119825078233433,22.92318715208497,13.314405484559744,0.9705338114956791,5.634214524715379,"{""fitting.enabled_objectives"":[""activity""],""fitting.validation_modes"":[""in_sample"",""loo""],""physiology.decay_lambda"":0.25,""physiology.hrr_max_factor"":1.2,""physiology.hrr_min_factor"":0.3,""physiology.hrr_reference"":0.85,""physiology.min_fatigue_factor"":0.9,""readiness.ctl_weight"":0.05,""readiness.tsb_weight"":0.1}",0.05,0.1,0.9,1.1,0.85,0.3,1.2,0.25,0.9,"[""activity""]","[0.35,0.4,0.45,0.5,0.55,0.6,0.65,0.7,0.75,0.8,0.85]","[0.0,0.1,0.2,0.3,0.4]","[0.0,0.1,0.2,0.3,0.4]","[""linear"",""exponential""]","[{""acute_trimp_col"":""decayedTrimpBefore"",""fatigue_state"":""decayed"",""label"":""decayed TRIMP""},{""acute_trimp_col"":""cumTrimpBefore"",""fatigue_state"":""cumulative"",""label"":""cumulative TRIMP""},{""acute_trimp_col"":""progress"",""fatigue_models"":[""linear""],""fatigue_state"":""progress"",""label"":""linear progress""},{""acute_trimp_col"":""decayedTrimpBefore"",""fatigue_models"":[""exponential""],""fatigue_state"":""decayed_cumulative"",""label"":""decayed exp + cumulative TRIMP"",""secondary_acute_trimp_col"":""cumTrimpBefore"",""secondary_fatigue_model"":""exponential""},{""acute_trimp_col"":""decayedTrimpBefore"",""fatigue_models"":[""exponential""],""fatigue_state"":""decayed_progress"",""label"":""decayed exp + progress"",""secondary_acute_trimp_col"":""progress"",""secondary_fatigue_model"":""exponential""}]"
23,011_min_fatigue_factor_sweep_min_fatigue_factor_1,min_fatigue_factor_sweep,min_fatigue_factor_1,success,Fatigue-floor sweep from no floor to no fatigue penalty under the best-known setup.,Stage 3 HRR speed ratio LOO,4,20.009844085797024,21.83099963882323,29.705941912025526,17.04132939690892,0.9631047622516409,9.336171126315449,"{""fitting.enabled_objectives"":[""activity""],""fitting.validation_modes"":[""in_sample"",""loo""],""physiology.decay_lambda"":0.25,""physiology.hrr_max_factor"":1.2,""physiology.hrr_min_factor"":0.3,""physiology.hrr_reference"":0.85,""physiology.min_fatigue_factor"":1.0,""readiness.ctl_weight"":0.05,""readiness.tsb_weight"":0.1}",0.05,0.1,0.9,1.1,0.85,0.3,1.2,0.25,1.0,"[""activity""]","[0.35,0.4,0.45,0.5,0.55,0.6,0.65,0.7,0.75,0.8,0.85]","[0.0,0.1,0.2,0.3,0.4]","[0.0,0.1,0.2,0.3,0.4]","[""linear"",""exponential""]","[{""acute_trimp_col"":""decayedTrimpBefore"",""fatigue_state"":""decayed"",""label"":""decayed TRIMP""},{""acute_trimp_col"":""cumTrimpBefore"",""fatigue_state"":""cumulative"",""label"":""cumulative TRIMP""},{""acute_trimp_col"":""progress"",""fatigue_models"":[""linear""],""fatigue_state"":""progress"",""label"":""linear progress""},{""acute_trimp_col"":""decayedTrimpBefore"",""fatigue_models"":[""exponential""],""fatigue_state"":""decayed_cumulative"",""label"":""decayed exp + cumulative TRIMP"",""secondary_acute_trimp_col"":""cumTrimpBefore"",""secondary_fatigue_model"":""exponential""},{""acute_trimp_col"":""decayedTrimpBefore"",""fatigue_models"":[""exponential""],""fatigue_state"":""decayed_progress"",""label"":""decayed exp + progress"",""secondary_acute_trimp_col"":""progress"",""secondary_fatigue_model"":""exponential""}]"
